{"type":"FeatureCollection","features":[{"type":"Feature","geometry":{"type":"MultiPolygon","coordinates":[[[[2.4163,48.8492],[2.4623,48.8425],[2.4627,48.8191],[2.4385,48.8182],[2.4007,48.8291],[2.3639,48.8163],[2.3319,48.817],[2.2242,48.8535],[2.2317,48.8691],[2.2585,48.8804],[2.2775,48.878],[2.3199,48.9005],[2.3852,48.902],[2.4163,48.8492]]]]},"properties":{"registry":"REMAPAR","label":"Paris registry of congenital anomalies (REMAPAR)","country":"France","status":"covered","dep":"75","area":"Paris","dep_name":"Paris","website":"https://cress-umr1153.fr/fr/project/registre-des-malformations-congenitales-de-paris-remapar/","source":"Sant\u00e9 publique France, Surveillance \u00e9pid\u00e9miologique des anomalies cong\u00e9nitales en France, p\u00e9riode 2019-2021 (July 2026), Figure 1: territorial coverage of the 7 French registries, situation 2025; footnote: Auvergne = Allier, Cantal, Haute-Loire, Puy-de-D\u00f4me; Rh\u00f4ne-Alpes = Rh\u00f4ne and Loire."}},{"type":"Feature","geometry":{"type":"MultiPolygon","coordinates":[[[[-3.6591,48.6592],[-3.6365,48.6707],[-3.5812,48.67],[-3.5848,48.7171],[-3.5554,48.7275],[-3.5503,48.7482],[-3.5839,48.771],[-3.5779,48.7883],[-3.535,48.8027],[-3.5409,48.8232],[-3.5231,48.8298],[-3.4678,48.8233],[-3.4302,48.7973],[-3.3975,48.8007],[-3.3824,48.8159],[-3.357,48.8197],[-3.3234,48.8373],[-3.2621,48.8354],[-3.2458,48.8571],[-3.2197,48.8665],[-3.2028,48.8345],[-3.1679,48.8531],[-3.0944,48.8676],[-3.0835,48.8273],[-3.0537,48.8152],[-3.0136,48.8221],[-3.0061,48.8003],[-3.0454,48.7878],[-3.0109,48.7666],[-2.9503,48.7636],[-2.929,48.7538],[-2.9451,48.7208],[-2.9253,48.7077],[-2.8903,48.6978],[-2.8808,48.6742],[-2.8565,48.674],[-2.8269,48.6506],[-2.8158,48.6097],[-2.8196,48.5935],[-2.7797,48.5851],[-2.7727,48.5705],[-2.7202,48.5555],[-2.721,48.5328],[-2.6984,48.5057],[-2.6757,48.5107],[-2.6816,48.5311],[-2.6303,48.5261],[-2.6313,48.5381],[-2.5597,48.5864],[-2.4952,48.6089],[-2.4729,48.6231],[-2.468,48.6496],[-2.4356,48.6522],[-2.4122,48.6415],[-2.3145,48.6741],[-2.2942,48.66],[-2.3134,48.6332],[-2.3375,48.6197],[-2.3119,48.6115],[-2.2635,48.6436],[-2.2054,48.5789],[-2.1756,48.5764],[-2.1572,48.5884],[-2.1658,48.6042],[-2.1237,48.6044],[-2.1233,48.589],[-2.0925,48.5725],[-2.0448,48.5642],[-2.0462,48.544],[-2.0069,48.5661],[-1.9723,48.5346],[-1.9251,48.5453],[-1.911,48.5174],[-1.9269,48.4769],[-1.9239,48.4609],[-1.9486,48.4465],[-1.9519,48.4292],[-1.9368,48.4201],[-1.9385,48.3914],[-1.9477,48.3689],[-1.9291,48.347],[-1.9669,48.3428],[-1.9548,48.3171],[-1.9983,48.297],[-2.0141,48.2795],[-2.0533,48.2983],[-2.1101,48.2529],[-2.1269,48.2598],[-2.1629,48.2563],[-2.187,48.2464],[-2.1844,48.2131],[-2.2198,48.2021],[-2.2247,48.1706],[-2.2482,48.1528],[-2.2832,48.1453],[-2.2873,48.1337],[-2.3077,48.1368],[-2.3211,48.1233],[-2.372,48.1228],[-2.3757,48.1414],[-2.3999,48.1546],[-2.4071,48.1678],[-2.4492,48.173],[-2.4575,48.1636],[-2.489,48.1553],[-2.5337,48.1569],[-2.5164,48.128],[-2.5493,48.0991],[-2.5484,48.0767],[-2.5808,48.0671],[-2.6282,48.0338],[-2.6709,48.0503],[-2.6733,48.0633],[-2.6562,48.0843],[-2.6532,48.1181],[-2.6684,48.1327],[-2.7025,48.118],[-2.758,48.1108],[-2.782,48.1206],[-2.8098,48.1463],[-2.8508,48.1412],[-2.9397,48.1716],[-2.9877,48.1596],[-3.0118,48.1721],[-3.014,48.1871],[-3.0406,48.2033],[-3.1304,48.1984],[-3.1395,48.1637],[-3.1553,48.1585],[-3.1971,48.1627],[-3.2154,48.1482],[-3.2523,48.1491],[-3.2722,48.14],[-3.3447,48.1699],[-3.4123,48.147],[-3.4365,48.1555],[-3.4215,48.1719],[-3.4795,48.186],[-3.5227,48.1787],[-3.5648,48.1857],[-3.5382,48.2065],[-3.5578,48.2285],[-3.5532,48.2419],[-3.526,48.2608],[-3.5181,48.2818],[-3.5409,48.2991],[-3.5568,48.3355],[-3.5546,48.3778],[-3.6055,48.3865],[-3.6005,48.4216],[-3.5632,48.4399],[-3.5814,48.4648],[-3.5989,48.4705],[-3.6045,48.4958],[-3.5539,48.5304],[-3.57,48.5561],[-3.5933,48.5546],[-3.5901,48.5827],[-3.6411,48.5968],[-3.6591,48.6592]]]]},"properties":{"registry":"REMABREIZH","label":"Brittany registry of congenital anomalies (REMABREIZH)","country":"France","status":"covered","dep":"22","area":"C\u00f4tes-d'Armor","dep_name":"C\u00f4tes-d'Armor","website":"https://www.chu-rennes.fr/remabreizh.html","source":"Sant\u00e9 publique France, Surveillance \u00e9pid\u00e9miologique des anomalies cong\u00e9nitales en France, p\u00e9riode 2019-2021 (July 2026), Figure 1: territorial coverage of the 7 French registries, situation 2025; footnote: Auvergne = Allier, Cantal, Haute-Loire, Puy-de-D\u00f4me; Rh\u00f4ne-Alpes = Rh\u00f4ne and Loire."}},{"type":"Feature","geometry":{"type":"MultiPolygon","coordinates":[[[[-5.1026,48.4361],[-5.1036,48.4723],[-5.0658,48.4814],[-5.0404,48.4651],[-5.1026,48.4361]]],[[[-3.6591,48.6592],[-3.6543,48.617],[-3.6411,48.5968],[-3.5901,48.5827],[-3.5933,48.5546],[-3.57,48.5561],[-3.5539,48.5304],[-3.6045,48.4958],[-3.5989,48.4705],[-3.5814,48.4648],[-3.5632,48.4399],[-3.6005,48.4216],[-3.6055,48.3865],[-3.5546,48.3778],[-3.5568,48.3355],[-3.5409,48.2991],[-3.5181,48.2818],[-3.526,48.2608],[-3.5532,48.2419],[-3.5578,48.2285],[-3.5382,48.2065],[-3.5648,48.1857],[-3.7155,48.1422],[-3.7173,48.1215],[-3.734,48.1129],[-3.7259,48.095],[-3.7033,48.0873],[-3.6982,48.0623],[-3.6753,48.0593],[-3.6626,48.0201],[-3.6402,47.9852],[-3.5553,47.9931],[-3.5156,47.9754],[-3.4973,47.9766],[-3.4814,47.9519],[-3.4627,47.9485],[-3.4128,47.9742],[-3.3922,47.9565],[-3.4015,47.943],[-3.387,47.9252],[-3.4066,47.9172],[-3.404,47.8662],[-3.4492,47.8619],[-3.4585,47.8367],[-3.4884,47.8237],[-3.5117,47.832],[-3.523,47.8491],[-3.5397,47.8362],[-3.5426,47.8215],[-3.5229,47.8022],[-3.5386,47.7626],[-3.6173,47.7695],[-3.6668,47.7807],[-3.6808,47.7768],[-3.736,47.8057],[-3.762,47.7906],[-3.8006,47.7876],[-3.8207,47.797],[-3.8511,47.796],[-3.9015,47.8381],[-3.9352,47.8827],[-3.9793,47.9051],[-3.9892,47.8812],[-3.9779,47.8537],[-4.0414,47.8456],[-4.0716,47.8639],[-4.1261,47.8642],[-4.1636,47.8492],[-4.1751,47.876],[-4.1971,47.861],[-4.1794,47.8393],[-4.1594,47.8318],[-4.183,47.8005],[-4.2692,47.791],[-4.2985,47.8005],[-4.3624,47.7957],[-4.3793,47.8221],[-4.3498,47.8308],[-4.3503,47.8572],[-4.388,47.9267],[-4.4235,47.9629],[-4.4536,47.9818],[-4.5405,48.0128],[-4.5647,47.9998],[-4.6172,48.0167],[-4.633,48.0294],[-4.6524,48.022],[-4.6995,48.0276],[-4.7163,48.0625],[-4.6738,48.0608],[-4.6659,48.0702],[-4.6217,48.0685],[-4.5801,48.0819],[-4.5536,48.0771],[-4.5325,48.0883],[-4.4877,48.0865],[-4.4667,48.0991],[-4.4294,48.0992],[-4.3744,48.1102],[-4.307,48.0892],[-4.2856,48.1047],[-4.2837,48.1269],[-4.2717,48.1331],[-4.2731,48.1542],[-4.2958,48.1614],[-4.2921,48.1763],[-4.3031,48.1948],[-4.332,48.2063],[-4.3674,48.2052],[-4.3764,48.2171],[-4.4629,48.2382],[-4.5017,48.2304],[-4.5206,48.1915],[-4.5541,48.1678],[-4.5524,48.208],[-4.564,48.2322],[-4.5445,48.2412],[-4.5563,48.2584],[-4.5836,48.2519],[-4.6064,48.2608],[-4.5666,48.2863],[-4.5805,48.3195],[-4.5532,48.3388],[-4.5453,48.3245],[-4.5527,48.2943],[-4.535,48.2841],[-4.5179,48.2953],[-4.5026,48.2809],[-4.4551,48.2928],[-4.4238,48.2917],[-4.4121,48.2774],[-4.3845,48.2752],[-4.308,48.2972],[-4.2717,48.2959],[-4.2619,48.2795],[-4.2231,48.2963],[-4.2812,48.3144],[-4.3286,48.3149],[-4.3161,48.3358],[-4.3672,48.3437],[-4.3753,48.3263],[-4.4423,48.3268],[-4.4439,48.3488],[-4.4029,48.39],[-4.4249,48.3976],[-4.4353,48.3834],[-4.4581,48.3859],[-4.507,48.3752],[-4.538,48.3571],[-4.5497,48.362],[-4.6087,48.3379],[-4.6281,48.3375],[-4.6784,48.3554],[-4.6948,48.3528],[-4.7076,48.3323],[-4.7723,48.3292],[-4.7699,48.3618],[-4.7609,48.3727],[-4.7744,48.3894],[-4.7737,48.4049],[-4.7949,48.4131],[-4.7783,48.4493],[-4.759,48.4704],[-4.777,48.5031],[-4.758,48.5209],[-4.7624,48.5309],[-4.7306,48.5563],[-4.7047,48.569],[-4.6811,48.5673],[-4.6278,48.5789],[-4.6099,48.5758],[-4.5908,48.594],[-4.5628,48.5982],[-4.5576,48.6235],[-4.5196,48.6346],[-4.5018,48.6212],[-4.4318,48.6352],[-4.4178,48.6547],[-4.398,48.6556],[-4.35,48.6765],[-4.3168,48.672],[-4.2717,48.6495],[-4.2238,48.6484],[-4.2096,48.6704],[-4.1869,48.6865],[-4.109,48.6944],[-4.0576,48.6893],[-4.0534,48.7033],[-4.033,48.7127],[-4.0005,48.7116],[-3.9834,48.7263],[-3.9668,48.7196],[-3.9736,48.7039],[-3.9695,48.6754],[-3.9495,48.6529],[-3.9035,48.6644],[-3.8896,48.6417],[-3.8455,48.627],[-3.8562,48.6491],[-3.8458,48.6616],[-3.8545,48.6864],[-3.8208,48.7014],[-3.7333,48.7074],[-3.7024,48.6904],[-3.6592,48.6949],[-3.6591,48.6592]]]]},"properties":{"registry":"REMABREIZH","label":"Brittany registry of congenital anomalies (REMABREIZH)","country":"France","status":"covered","dep":"29","area":"Finist\u00e8re","dep_name":"Finist\u00e8re","website":"https://www.chu-rennes.fr/remabreizh.html","source":"Sant\u00e9 publique France, Surveillance \u00e9pid\u00e9miologique des anomalies cong\u00e9nitales en France, p\u00e9riode 2019-2021 (July 2026), Figure 1: territorial coverage of the 7 French registries, situation 2025; footnote: Auvergne = Allier, Cantal, Haute-Loire, Puy-de-D\u00f4me; Rh\u00f4ne-Alpes = Rh\u00f4ne and Loire."}},{"type":"Feature","geometry":{"type":"MultiPolygon","coordinates":[[[[-2.1237,48.6044],[-2.1414,48.6315],[-2.111,48.6394],[-2.0731,48.6398],[-2.0551,48.6273],[-2.0303,48.623],[-2.0336,48.6095],[-2.0135,48.5875],[-2.0069,48.5661],[-2.0462,48.544],[-2.0448,48.5642],[-2.0925,48.5725],[-2.1237,48.6044]]],[[[-1.948,48.5388],[-2.0087,48.6076],[-2.026,48.6344],[-2.026,48.6515],[-1.9952,48.6601],[-1.9698,48.6863],[-1.9381,48.6945],[-1.9058,48.6905],[-1.8905,48.6989],[-1.8486,48.6947],[-1.8364,48.6812],[-1.8627,48.6673],[-1.8717,48.6474],[-1.8451,48.6164],[-1.774,48.6035],[-1.6611,48.6107],[-1.5711,48.6264],[-1.5396,48.5999],[-1.543,48.5804],[-1.5189,48.5666],[-1.5333,48.548],[-1.5196,48.54],[-1.4956,48.5089],[-1.4899,48.4894],[-1.4493,48.4861],[-1.4291,48.4626],[-1.3826,48.4568],[-1.3447,48.4731],[-1.3287,48.4962],[-1.2792,48.5092],[-1.2722,48.5339],[-1.2066,48.5422],[-1.1884,48.5287],[-1.171,48.5311],[-1.1471,48.5175],[-1.1305,48.5217],[-1.0702,48.5085],[-1.0757,48.4994],[-1.0658,48.4512],[-1.083,48.4336],[-1.0771,48.4117],[-1.0539,48.384],[-1.0646,48.3683],[-1.045,48.3277],[-1.0821,48.2984],[-1.1015,48.2618],[-1.0737,48.2008],[-1.0796,48.1835],[-1.0603,48.1501],[-1.0496,48.0898],[-1.0233,48.0689],[-1.0347,48.0336],[-1.0182,48.0123],[-1.0213,47.9949],[-1.071,47.9818],[-1.1027,47.9891],[-1.1261,47.9733],[-1.154,47.9658],[-1.1762,47.8974],[-1.1966,47.8893],[-1.1892,47.8675],[-1.2383,47.81],[-1.2459,47.7767],[-1.3606,47.7984],[-1.3904,47.8283],[-1.4652,47.8346],[-1.4753,47.8254],[-1.4666,47.8075],[-1.5042,47.8009],[-1.5281,47.7858],[-1.5934,47.7761],[-1.6164,47.7642],[-1.6356,47.7427],[-1.6382,47.7223],[-1.6556,47.7105],[-1.6911,47.7128],[-1.7237,47.6987],[-1.752,47.7074],[-1.7724,47.6985],[-1.864,47.707],[-1.9363,47.6866],[-1.9546,47.6717],[-1.9691,47.6884],[-2.0094,47.6714],[-2.0357,47.6685],[-2.0506,47.6511],[-2.0747,47.6517],[-2.097,47.6314],[-2.1143,47.6495],[-2.1044,47.6768],[-2.1227,47.6827],[-2.1193,47.7106],[-2.1315,47.7222],[-2.1087,47.7366],[-2.0587,47.7383],[-2.0847,47.7627],[-2.1282,47.7614],[-2.0723,47.7904],[-2.0705,47.8114],[-2.0495,47.8169],[-2.0358,47.8323],[-2.0516,47.8406],[-2.0516,47.8588],[-2.0912,47.8434],[-2.0963,47.8626],[-2.1163,47.881],[-2.1049,47.9024],[-2.0847,47.9054],[-2.0791,47.9195],[-2.0987,47.9355],[-2.1112,47.9593],[-2.144,47.9835],[-2.1741,47.9798],[-2.2048,47.9941],[-2.2329,47.9989],[-2.2829,47.9909],[-2.2796,48.0264],[-2.2419,48.0528],[-2.1937,48.0514],[-2.1704,48.0636],[-2.1874,48.081],[-2.2332,48.0756],[-2.2554,48.0657],[-2.2555,48.1094],[-2.2873,48.1337],[-2.2832,48.1453],[-2.2482,48.1528],[-2.2247,48.1706],[-2.2198,48.2021],[-2.1844,48.2131],[-2.187,48.2464],[-2.1629,48.2563],[-2.1269,48.2598],[-2.1101,48.2529],[-2.0533,48.2983],[-2.0141,48.2795],[-1.9983,48.297],[-1.9548,48.3171],[-1.9669,48.3428],[-1.9291,48.347],[-1.9477,48.3689],[-1.9385,48.3914],[-1.9368,48.4201],[-1.9519,48.4292],[-1.9486,48.4465],[-1.9239,48.4609],[-1.9269,48.4769],[-1.911,48.5174],[-1.948,48.5388]]]]},"properties":{"registry":"REMABREIZH","label":"Brittany registry of congenital anomalies (REMABREIZH)","country":"France","status":"covered","dep":"35","area":"Ille-et-Vilaine","dep_name":"Ille-et-Vilaine","website":"https://www.chu-rennes.fr/remabreizh.html","source":"Sant\u00e9 publique France, Surveillance \u00e9pid\u00e9miologique des anomalies cong\u00e9nitales en France, p\u00e9riode 2019-2021 (July 2026), Figure 1: territorial coverage of the 7 French registries, situation 2025; footnote: Auvergne = Allier, Cantal, Haute-Loire, Puy-de-D\u00f4me; Rh\u00f4ne-Alpes = Rh\u00f4ne and Loire."}},{"type":"Feature","geometry":{"type":"MultiPolygon","coordinates":[[[[-3.4218,47.62],[-3.4407,47.6274],[-3.4619,47.6203],[-3.5076,47.6406],[-3.4969,47.6538],[-3.4218,47.62]]],[[[-3.1941,47.3659],[-3.1559,47.3611],[-3.1396,47.3298],[-3.0931,47.3151],[-3.0582,47.3117],[-3.0752,47.2877],[-3.0952,47.2832],[-3.1601,47.2923],[-3.1676,47.3016],[-3.1962,47.2937],[-3.221,47.2948],[-3.2491,47.3161],[-3.2397,47.3231],[-3.2605,47.3527],[-3.261,47.372],[-3.1941,47.3659]]],[[[-3.523,47.8491],[-3.5117,47.832],[-3.4884,47.8237],[-3.4585,47.8367],[-3.4492,47.8619],[-3.404,47.8662],[-3.4066,47.9172],[-3.387,47.9252],[-3.4015,47.943],[-3.3922,47.9565],[-3.4128,47.9742],[-3.4627,47.9485],[-3.4814,47.9519],[-3.4973,47.9766],[-3.5156,47.9754],[-3.5553,47.9931],[-3.6402,47.9852],[-3.6626,48.0201],[-3.6753,48.0593],[-3.6982,48.0623],[-3.7033,48.0873],[-3.7259,48.095],[-3.734,48.1129],[-3.7173,48.1215],[-3.7155,48.1422],[-3.5648,48.1857],[-3.5227,48.1787],[-3.4795,48.186],[-3.4215,48.1719],[-3.4365,48.1555],[-3.4123,48.147],[-3.3447,48.1699],[-3.2722,48.14],[-3.2523,48.1491],[-3.2154,48.1482],[-3.1971,48.1627],[-3.1553,48.1585],[-3.1395,48.1637],[-3.1304,48.1984],[-3.0406,48.2033],[-3.014,48.1871],[-3.0118,48.1721],[-2.9877,48.1596],[-2.9397,48.1716],[-2.8508,48.1412],[-2.8098,48.1463],[-2.782,48.1206],[-2.758,48.1108],[-2.7025,48.118],[-2.6684,48.1327],[-2.6532,48.1181],[-2.6562,48.0843],[-2.6733,48.0633],[-2.6709,48.0503],[-2.6282,48.0338],[-2.5808,48.0671],[-2.5484,48.0767],[-2.5493,48.0991],[-2.5164,48.128],[-2.5337,48.1569],[-2.489,48.1553],[-2.4575,48.1636],[-2.4492,48.173],[-2.4071,48.1678],[-2.3999,48.1546],[-2.3757,48.1414],[-2.372,48.1228],[-2.3211,48.1233],[-2.3077,48.1368],[-2.2873,48.1337],[-2.2555,48.1094],[-2.2554,48.0657],[-2.2332,48.0756],[-2.1874,48.081],[-2.1704,48.0636],[-2.1937,48.0514],[-2.2419,48.0528],[-2.2796,48.0264],[-2.2829,47.9909],[-2.2329,47.9989],[-2.2048,47.9941],[-2.1741,47.9798],[-2.144,47.9835],[-2.1112,47.9593],[-2.0987,47.9355],[-2.0791,47.9195],[-2.0847,47.9054],[-2.1049,47.9024],[-2.1163,47.881],[-2.0963,47.8626],[-2.0912,47.8434],[-2.0516,47.8588],[-2.0516,47.8406],[-2.0358,47.8323],[-2.0495,47.8169],[-2.0705,47.8114],[-2.0723,47.7904],[-2.1282,47.7614],[-2.0847,47.7627],[-2.0587,47.7383],[-2.1087,47.7366],[-2.1315,47.7222],[-2.1193,47.7106],[-2.1227,47.6827],[-2.1044,47.6768],[-2.1143,47.6495],[-2.085,47.6212],[-2.0869,47.6028],[-2.1037,47.5894],[-2.0965,47.5724],[-2.0986,47.534],[-2.156,47.522],[-2.1542,47.4964],[-2.1833,47.4917],[-2.1908,47.5121],[-2.2443,47.4936],[-2.2614,47.5136],[-2.2991,47.5005],[-2.3131,47.4859],[-2.3129,47.4645],[-2.3549,47.4549],[-2.371,47.4634],[-2.3999,47.456],[-2.423,47.4771],[-2.4534,47.4621],[-2.4585,47.4481],[-2.4795,47.4431],[-2.4987,47.4572],[-2.4896,47.4743],[-2.5015,47.4896],[-2.4412,47.4962],[-2.4661,47.5117],[-2.5177,47.5264],[-2.5439,47.523],[-2.5528,47.5126],[-2.6035,47.5163],[-2.6037,47.531],[-2.6523,47.5395],[-2.6519,47.5292],[-2.6813,47.4958],[-2.7155,47.5056],[-2.7839,47.4942],[-2.7954,47.4861],[-2.8495,47.4987],[-2.8476,47.5121],[-2.8752,47.5344],[-2.9132,47.543],[-2.9093,47.56],[-2.8827,47.5627],[-2.8621,47.5411],[-2.8053,47.5547],[-2.7624,47.5364],[-2.7342,47.5521],[-2.7154,47.5765],[-2.7144,47.593],[-2.7576,47.6129],[-2.7545,47.6359],[-2.7952,47.6195],[-2.8313,47.614],[-2.8512,47.619],[-2.8883,47.6037],[-2.8941,47.5819],[-2.937,47.5965],[-2.9507,47.5793],[-3.0047,47.5665],[-3.0265,47.5839],[-3.0949,47.5647],[-3.1233,47.5695],[-3.1332,47.5324],[-3.1169,47.4962],[-3.0945,47.4824],[-3.1294,47.4738],[-3.1518,47.5039],[-3.1521,47.5279],[-3.1346,47.5488],[-3.1397,47.5796],[-3.1584,47.607],[-3.1937,47.6219],[-3.2098,47.6407],[-3.2081,47.6634],[-3.1905,47.6825],[-3.1666,47.6804],[-3.1281,47.7056],[-3.126,47.7235],[-3.1594,47.7374],[-3.1763,47.7347],[-3.1737,47.702],[-3.2175,47.6673],[-3.215,47.6452],[-3.2709,47.6789],[-3.2879,47.701],[-3.3409,47.7087],[-3.3489,47.7286],[-3.3871,47.7019],[-3.4304,47.7032],[-3.4528,47.6953],[-3.4984,47.7294],[-3.521,47.7577],[-3.5299,47.7825],[-3.5174,47.805],[-3.5359,47.8164],[-3.523,47.8491]]]]},"properties":{"registry":"REMABREIZH","label":"Brittany registry of congenital anomalies (REMABREIZH)","country":"France","status":"covered","dep":"56","area":"Morbihan","dep_name":"Morbihan","website":"https://www.chu-rennes.fr/remabreizh.html","source":"Sant\u00e9 publique France, Surveillance \u00e9pid\u00e9miologique des anomalies cong\u00e9nitales en France, p\u00e9riode 2019-2021 (July 2026), Figure 1: territorial coverage of the 7 French registries, situation 2025; footnote: Auvergne = Allier, Cantal, Haute-Loire, Puy-de-D\u00f4me; Rh\u00f4ne-Alpes = Rh\u00f4ne and Loire."}},{"type":"Feature","geometry":{"type":"MultiPolygon","coordinates":[[[[-61.6336,15.8398],[-61.6509,15.8486],[-61.6351,15.871],[-61.6144,15.8553],[-61.6336,15.8398]]],[[[-61.1199,16.1672],[-61.1288,16.1735],[-61.1072,16.1722],[-61.1199,16.1672]]],[[[-61.0098,16.35],[-61.0053,16.3315],[-61.0485,16.3076],[-61.0972,16.2905],[-61.0981,16.3035],[-61.0906,16.3118],[-61.0786,16.3124],[-61.0753,16.3191],[-61.0098,16.35]]],[[[-61.5858,15.8321],[-61.5971,15.8354],[-61.5917,15.8429],[-61.5858,15.8321]]],[[[-61.5933,15.8525],[-61.6052,15.8595],[-61.5998,15.8649],[-61.5843,15.8643],[-61.5816,15.8809],[-61.5782,15.873],[-61.5716,15.8826],[-61.5665,15.871],[-61.5766,15.8666],[-61.5784,15.8553],[-61.5879,15.8592],[-61.5933,15.8525]]],[[[-61.5937,15.8718],[-61.6017,15.8774],[-61.5912,15.8774],[-61.5937,15.8718]]],[[[-61.1063,16.176],[-61.1138,16.1776],[-61.1039,16.1811],[-61.1063,16.176]]],[[[-61.3231,15.9496],[-61.319,15.9759],[-61.3067,15.9788],[-61.2912,16.0032],[-61.2757,16.0073],[-61.2331,15.9857],[-61.2245,15.9644],[-61.2006,15.9451],[-61.1959,15.9213],[-61.2045,15.9009],[-61.2345,15.879],[-61.2792,15.8665],[-61.315,15.8805],[-61.331,15.8981],[-61.3371,15.9415],[-61.3231,15.9496]]],[[[-61.5872,16.3449],[-61.597,16.3423],[-61.5903,16.3535],[-61.5789,16.349],[-61.5872,16.3449]]],[[[-61.5501,16.2804],[-61.5528,16.2812],[-61.5517,16.2823],[-61.5502,16.2822],[-61.5497,16.2815],[-61.5501,16.2804]]],[[[-61.5522,16.2841],[-61.5553,16.2861],[-61.5541,16.2864],[-61.5519,16.2846],[-61.5522,16.2841]]],[[[-61.8061,16.268],[-61.8096,16.2729],[-61.8025,16.2791],[-61.8021,16.3012],[-61.7946,16.3068],[-61.8016,16.3144],[-61.7887,16.3221],[-61.7874,16.3357],[-61.7761,16.35],[-61.7503,16.3543],[-61.7433,16.362],[-61.7245,16.354],[-61.7138,16.3373],[-61.694,16.3346],[-61.6853,16.3246],[-61.6786,16.3282],[-61.6712,16.3179],[-61.6504,16.321],[-61.6412,16.3163],[-61.6435,16.3088],[-61.6257,16.3016],[-61.6023,16.3034],[-61.6144,16.2832],[-61.6207,16.2833],[-61.6167,16.2875],[-61.6208,16.2922],[-61.6269,16.2805],[-61.6243,16.2754],[-61.6118,16.2795],[-61.6135,16.2676],[-61.5986,16.2817],[-61.5974,16.266],[-61.5842,16.2701],[-61.5761,16.2851],[-61.5551,16.2847],[-61.5532,16.2786],[-61.5606,16.2775],[-61.5561,16.273],[-61.5495,16.2776],[-61.5472,16.2561],[-61.5531,16.2496],[-61.5497,16.2327],[-61.5417,16.2314],[-61.5446,16.2253],[-61.5517,16.2242],[-61.5589,16.2353],[-61.5799,16.2369],[-61.5882,16.2204],[-61.5832,16.2048],[-61.5904,16.1932],[-61.5802,16.179],[-61.585,16.1675],[-61.574,16.1504],[-61.5777,16.1429],[-61.5609,16.1311],[-61.5704,16.1139],[-61.5609,16.1016],[-61.5608,16.0632],[-61.5553,16.0532],[-61.5727,16.022],[-61.6124,15.9913],[-61.6192,15.9717],[-61.6346,15.9662],[-61.6485,15.9697],[-61.6593,15.9602],[-61.6691,15.962],[-61.6803,15.9505],[-61.7077,15.9489],[-61.7151,15.9826],[-61.7458,16.0094],[-61.751,16.0345],[-61.7695,16.0587],[-61.7666,16.0892],[-61.7728,16.0911],[-61.7746,16.1035],[-61.7698,16.1309],[-61.78,16.1402],[-61.7759,16.1709],[-61.7841,16.1762],[-61.7877,16.1952],[-61.7823,16.2144],[-61.8015,16.243],[-61.8061,16.268]]],[[[-61.5305,16.2178],[-61.5322,16.2216],[-61.5255,16.2171],[-61.5233,16.2212],[-61.5288,16.2195],[-61.5273,16.2229],[-61.5327,16.2247],[-61.5298,16.227],[-61.5336,16.2292],[-61.5333,16.2342],[-61.5397,16.237],[-61.5412,16.2438],[-61.5497,16.2517],[-61.5465,16.2541],[-61.5474,16.2799],[-61.5545,16.2881],[-61.5506,16.287],[-61.5456,16.2924],[-61.5411,16.2896],[-61.547,16.3014],[-61.5452,16.3041],[-61.5437,16.3008],[-61.5373,16.3064],[-61.5335,16.3163],[-61.5355,16.3311],[-61.5282,16.3373],[-61.5296,16.3392],[-61.5228,16.3455],[-61.5081,16.3421],[-61.5044,16.3453],[-61.5058,16.3503],[-61.4937,16.3541],[-61.4995,16.3551],[-61.496,16.361],[-61.5014,16.3642],[-61.4971,16.3666],[-61.495,16.3767],[-61.5058,16.3889],[-61.5092,16.3856],[-61.5258,16.3947],[-61.5373,16.4357],[-61.5415,16.4376],[-61.5354,16.455],[-61.5181,16.4707],[-61.5081,16.474],[-61.5041,16.4842],[-61.4861,16.4915],[-61.4735,16.5109],[-61.4669,16.5105],[-61.4648,16.5143],[-61.4667,16.5069],[-61.4614,16.5052],[-61.4614,16.4995],[-61.4525,16.4976],[-61.4436,16.5002],[-61.4414,16.4886],[-61.4389,16.4906],[-61.4337,16.4875],[-61.4246,16.4761],[-61.42,16.4764],[-61.41,16.4674],[-61.4073,16.448],[-61.4016,16.4426],[-61.3979,16.424],[-61.3984,16.4178],[-61.4021,16.4159],[-61.4014,16.4079],[-61.4054,16.407],[-61.4054,16.3845],[-61.3927,16.3602],[-61.3795,16.3437],[-61.3676,16.3388],[-61.3685,16.3355],[-61.3652,16.3378],[-61.3522,16.3336],[-61.3454,16.3354],[-61.3417,16.3297],[-61.3404,16.3333],[-61.3344,16.3341],[-61.3214,16.3306],[-61.3131,16.3319],[-61.3052,16.3253],[-61.297,16.3278],[-61.297,16.3229],[-61.286,16.3217],[-61.2818,16.3166],[-61.2773,16.3168],[-61.2755,16.313],[-61.2662,16.3091],[-61.2664,16.3051],[-61.2595,16.3043],[-61.2433,16.2732],[-61.2068,16.2554],[-61.1994,16.2548],[-61.1994,16.2581],[-61.1945,16.2543],[-61.1863,16.254],[-61.1737,16.2448],[-61.1767,16.2422],[-61.1912,16.2501],[-61.2557,16.256],[-61.2644,16.2513],[-61.2681,16.2532],[-61.2658,16.2502],[-61.2786,16.2506],[-61.2945,16.2432],[-61.3175,16.2403],[-61.3233,16.2439],[-61.3244,16.2411],[-61.3386,16.242],[-61.3477,16.2367],[-61.3705,16.2322],[-61.3794,16.2222],[-61.3903,16.2236],[-61.394,16.2172],[-61.4033,16.2181],[-61.4068,16.2132],[-61.4245,16.2078],[-61.4268,16.2104],[-61.4383,16.2089],[-61.444,16.2026],[-61.4584,16.2011],[-61.4642,16.1968],[-61.4856,16.205],[-61.5074,16.2061],[-61.5101,16.2159],[-61.5223,16.2127],[-61.5305,16.2178]]]]},"properties":{"registry":"REMALAN","label":"Antilles registry of congenital anomalies (REMALAN)","country":"France","status":"covered","dep":"971","area":"Guadeloupe","dep_name":"Guadeloupe","website":"https://remalan.com/","source":"Sant\u00e9 publique France, Surveillance \u00e9pid\u00e9miologique des anomalies cong\u00e9nitales en France, p\u00e9riode 2019-2021 (July 2026), Figure 1: territorial coverage of the 7 French registries, situation 2025; footnote: Auvergne = Allier, Cantal, Haute-Loire, Puy-de-D\u00f4me; Rh\u00f4ne-Alpes = Rh\u00f4ne and Loire."}},{"type":"Feature","geometry":{"type":"MultiPolygon","coordinates":[[[[-60.8621,14.608],[-60.8528,14.6144],[-60.8496,14.6105],[-60.8621,14.608]]],[[[-60.9329,14.7302],[-60.9342,14.7312],[-60.9331,14.7315],[-60.9324,14.731],[-60.9329,14.7302]]],[[[-61.1175,14.6276],[-61.1357,14.6329],[-61.1568,14.6565],[-61.1848,14.7085],[-61.1773,14.7462],[-61.2054,14.7799],[-61.2146,14.7819],[-61.2272,14.8026],[-61.2264,14.8313],[-61.2066,14.8617],[-61.1805,14.8748],[-61.1388,14.8778],[-61.0979,14.8632],[-61.0573,14.8344],[-61.0426,14.837],[-61.0292,14.8304],[-61.0317,14.8233],[-61.0227,14.8221],[-61.0187,14.8094],[-61.0012,14.8079],[-61.0043,14.7982],[-60.9874,14.778],[-60.9796,14.7776],[-60.9828,14.7744],[-60.9679,14.7607],[-60.9581,14.7366],[-60.9479,14.7537],[-60.9346,14.7618],[-60.9205,14.7583],[-60.8884,14.7802],[-60.8746,14.7748],[-60.8727,14.7582],[-60.8787,14.7579],[-60.8837,14.7677],[-60.8968,14.7612],[-60.8885,14.7533],[-60.8993,14.7438],[-60.8907,14.74],[-60.8956,14.7335],[-60.9104,14.7355],[-60.9119,14.7437],[-60.9259,14.7508],[-60.9431,14.7433],[-60.9444,14.7376],[-60.9376,14.7343],[-60.9444,14.7335],[-60.9447,14.7228],[-60.9345,14.7155],[-60.9254,14.7215],[-60.9331,14.7077],[-60.9139,14.7162],[-60.9142,14.7029],[-60.9007,14.6988],[-60.9114,14.6879],[-60.9285,14.6874],[-60.9249,14.6785],[-60.9366,14.6836],[-60.943,14.6693],[-60.929,14.6529],[-60.9198,14.6545],[-60.9119,14.666],[-60.909,14.6618],[-60.897,14.6653],[-60.8937,14.6589],[-60.8905,14.6656],[-60.883,14.6655],[-60.8859,14.6526],[-60.8888,14.6566],[-60.89,14.6507],[-60.9029,14.6528],[-60.906,14.6482],[-60.8886,14.6413],[-60.8951,14.6391],[-60.8909,14.6314],[-60.8984,14.6286],[-60.8991,14.6214],[-60.8873,14.6215],[-60.8869,14.6155],[-60.8702,14.6195],[-60.878,14.6123],[-60.868,14.6013],[-60.8725,14.5963],[-60.8586,14.5893],[-60.8519,14.5947],[-60.8462,14.5826],[-60.8524,14.5801],[-60.8423,14.579],[-60.8536,14.5755],[-60.8516,14.5685],[-60.843,14.5711],[-60.849,14.5666],[-60.8409,14.5669],[-60.8453,14.5594],[-60.8255,14.5684],[-60.8386,14.55],[-60.8266,14.5374],[-60.8372,14.5335],[-60.8242,14.5295],[-60.8261,14.5214],[-60.8347,14.5227],[-60.8369,14.5117],[-60.8235,14.5131],[-60.8234,14.4959],[-60.8106,14.4798],[-60.8237,14.4718],[-60.8095,14.4602],[-60.8236,14.4525],[-60.8347,14.4229],[-60.8489,14.4271],[-60.8387,14.4106],[-60.8458,14.4134],[-60.8556,14.3973],[-60.8688,14.3946],[-60.8781,14.3971],[-60.8932,14.4192],[-60.8799,14.4384],[-60.8838,14.4519],[-60.8778,14.4462],[-60.8722,14.4483],[-60.8728,14.4569],[-60.8644,14.4549],[-60.8661,14.4705],[-60.8766,14.4721],[-60.899,14.4477],[-60.9114,14.4607],[-60.9101,14.4689],[-60.9174,14.4717],[-60.9342,14.4624],[-60.9563,14.4654],[-60.9645,14.4729],[-60.9745,14.468],[-60.9804,14.482],[-60.9849,14.4728],[-60.9918,14.4788],[-60.9916,14.4663],[-61.0038,14.4788],[-61.0063,14.471],[-61.0188,14.4807],[-61.0325,14.4771],[-61.0561,14.4539],[-61.0704,14.4685],[-61.0799,14.4687],[-61.0799,14.4894],[-61.0908,14.4926],[-61.0854,14.5053],[-61.1012,14.5082],[-61.0877,14.5341],[-61.0766,14.5422],[-61.0645,14.5419],[-61.0522,14.5624],[-61.0517,14.5514],[-61.0385,14.5568],[-61.0373,14.55],[-61.0444,14.5466],[-61.0275,14.535],[-61.023,14.5398],[-61.0138,14.5351],[-61.0084,14.5421],[-61.0073,14.5361],[-60.9937,14.5466],[-60.997,14.5514],[-60.9898,14.5502],[-60.9976,14.5614],[-61.0113,14.5611],[-61.0099,14.5783],[-61.0243,14.5848],[-61.0164,14.5957],[-61.0197,14.6008],[-61.0138,14.6017],[-61.0217,14.6033],[-61.0189,14.6117],[-61.0397,14.6065],[-61.0369,14.5926],[-61.0491,14.5985],[-61.0602,14.5951],[-61.0592,14.6041],[-61.0661,14.5971],[-61.0708,14.6029],[-61.0904,14.5986],[-61.1175,14.6276]]],[[[-60.889,14.6896],[-60.8987,14.6964],[-60.8822,14.6946],[-60.8798,14.6913],[-60.889,14.6896]]]]},"properties":{"registry":"REMALAN","label":"Antilles registry of congenital anomalies (REMALAN)","country":"France","status":"covered","dep":"972","area":"Martinique","dep_name":"Martinique","website":"https://remalan.com/","source":"Sant\u00e9 publique France, Surveillance \u00e9pid\u00e9miologique des anomalies cong\u00e9nitales en France, p\u00e9riode 2019-2021 (July 2026), Figure 1: territorial coverage of the 7 French registries, situation 2025; footnote: Auvergne = Allier, Cantal, Haute-Loire, Puy-de-D\u00f4me; Rh\u00f4ne-Alpes = Rh\u00f4ne and Loire."}},{"type":"Feature","geometry":{"type":"MultiPolygon","coordinates":[[[[55.2542,-21.1097],[55.2209,-21.0774],[55.226,-21.0535],[55.2167,-21.0378],[55.2353,-21.0179],[55.2565,-21.0162],[55.2765,-21.0011],[55.2829,-20.9781],[55.2775,-20.955],[55.2815,-20.937],[55.2825,-20.9454],[55.2894,-20.9351],[55.2857,-20.9305],[55.2833,-20.9355],[55.2872,-20.9238],[55.3183,-20.9283],[55.3145,-20.9331],[55.3248,-20.9354],[55.3217,-20.9264],[55.3445,-20.9222],[55.395,-20.8818],[55.4512,-20.8717],[55.4696,-20.8843],[55.5029,-20.8823],[55.5416,-20.8947],[55.5924,-20.896],[55.6206,-20.9108],[55.6477,-20.9156],[55.6661,-20.9265],[55.6968,-20.9658],[55.7028,-21.018],[55.7323,-21.0499],[55.7387,-21.0715],[55.78,-21.122],[55.8259,-21.1436],[55.835,-21.1604],[55.8366,-21.1834],[55.8258,-21.1861],[55.8247,-21.2033],[55.8085,-21.2275],[55.8016,-21.2597],[55.8083,-21.2873],[55.8038,-21.3098],[55.8073,-21.3368],[55.7752,-21.3655],[55.7564,-21.363],[55.7088,-21.3766],[55.6816,-21.3747],[55.6709,-21.3838],[55.6468,-21.3894],[55.6334,-21.3825],[55.6093,-21.3871],[55.5867,-21.3717],[55.5511,-21.3745],[55.5386,-21.364],[55.501,-21.3506],[55.4841,-21.3524],[55.4787,-21.3436],[55.4595,-21.3411],[55.449,-21.3284],[55.4196,-21.3215],[55.3907,-21.2922],[55.3353,-21.2778],[55.3306,-21.2587],[55.293,-21.2298],[55.2805,-21.2025],[55.2869,-21.1609],[55.2726,-21.1504],[55.271,-21.1317],[55.2542,-21.1097]]]]},"properties":{"registry":"REMACOR","label":"La R\u00e9union registry of congenital anomalies (REMACOR)","country":"France","status":"covered","dep":"974","area":"La R\u00e9union","dep_name":"La R\u00e9union","website":"https://remacor.re/","source":"Sant\u00e9 publique France, Surveillance \u00e9pid\u00e9miologique des anomalies cong\u00e9nitales en France, p\u00e9riode 2019-2021 (July 2026), Figure 1: territorial coverage of the 7 French registries, situation 2025; footnote: Auvergne = Allier, Cantal, Haute-Loire, Puy-de-D\u00f4me; Rh\u00f4ne-Alpes = Rh\u00f4ne and Loire."}},{"type":"Feature","geometry":{"type":"MultiPolygon","coordinates":[[[[3.0321,46.7949],[3.0491,46.7581],[3.0839,46.7376],[3.1298,46.7272],[3.1632,46.6935],[3.1973,46.6799],[3.2155,46.6829],[3.2698,46.7167],[3.3009,46.7163],[3.314,46.6888],[3.3467,46.6844],[3.3664,46.6913],[3.3878,46.7148],[3.4341,46.7119],[3.433,46.6933],[3.4538,46.6841],[3.4473,46.6636],[3.4553,46.6524],[3.4886,46.6602],[3.524,46.686],[3.5465,46.6783],[3.5601,46.6894],[3.5504,46.7159],[3.5773,46.7149],[3.598,46.724],[3.5757,46.7495],[3.6294,46.7495],[3.6379,46.7072],[3.6514,46.7028],[3.669,46.6735],[3.697,46.6606],[3.7121,46.6336],[3.7139,46.614],[3.7324,46.6049],[3.7431,46.5655],[3.7315,46.5496],[3.7418,46.5395],[3.7675,46.539],[3.8018,46.5199],[3.834,46.5311],[3.8398,46.5176],[3.8646,46.5097],[3.8618,46.4921],[3.8905,46.4813],[3.919,46.4961],[3.9579,46.4898],[3.998,46.4655],[3.9881,46.4355],[3.9961,46.4274],[3.9772,46.3992],[3.9916,46.3696],[3.9866,46.3192],[3.9502,46.3206],[3.9477,46.3034],[3.9136,46.2967],[3.8995,46.2759],[3.8778,46.2759],[3.8691,46.2637],[3.8049,46.2549],[3.8027,46.2385],[3.7682,46.2378],[3.7903,46.2109],[3.7907,46.1845],[3.8079,46.1616],[3.7898,46.1549],[3.8026,46.1103],[3.8219,46.088],[3.807,46.0613],[3.8068,46.0456],[3.8284,45.9995],[3.8238,45.9874],[3.7413,45.966],[3.7089,45.9738],[3.6938,45.9495],[3.694,45.9307],[3.6768,45.9581],[3.6413,45.9646],[3.6014,46.0151],[3.5413,46.0152],[3.5346,46.0224],[3.4814,46.0137],[3.4679,46.0237],[3.4536,46.0638],[3.4331,46.0612],[3.419,46.0743],[3.3829,46.0648],[3.3676,46.0543],[3.281,46.0659],[3.2337,46.0636],[3.2145,46.0749],[3.1831,46.0745],[3.1665,46.0657],[3.1281,46.0714],[3.0998,46.0949],[3.0906,46.1145],[3.0481,46.1003],[3.0165,46.1024],[2.9938,46.1237],[2.9718,46.1218],[2.9428,46.1685],[2.9111,46.1774],[2.9201,46.191],[2.9134,46.2108],[2.9365,46.2217],[2.9371,46.2429],[2.8913,46.2536],[2.8382,46.2513],[2.8186,46.2326],[2.823,46.2198],[2.8103,46.1962],[2.7868,46.1986],[2.7324,46.2231],[2.7209,46.2113],[2.7306,46.1961],[2.7159,46.1796],[2.6775,46.1728],[2.6755,46.1558],[2.6553,46.126],[2.6407,46.1185],[2.5654,46.143],[2.5598,46.1734],[2.528,46.1863],[2.5159,46.237],[2.4918,46.2479],[2.4771,46.2694],[2.4808,46.281],[2.443,46.295],[2.4213,46.2846],[2.4205,46.3101],[2.3919,46.33],[2.3705,46.3126],[2.3549,46.3257],[2.323,46.3293],[2.3027,46.3544],[2.3233,46.3665],[2.2848,46.3863],[2.281,46.4204],[2.2858,46.4535],[2.352,46.5122],[2.3683,46.5184],[2.4455,46.5201],[2.4829,46.5327],[2.4991,46.5213],[2.5286,46.5295],[2.5367,46.5197],[2.6099,46.5501],[2.6011,46.5902],[2.578,46.6038],[2.5966,46.6372],[2.5722,46.6594],[2.5978,46.6647],[2.6239,46.6566],[2.6479,46.6889],[2.7017,46.7278],[2.7145,46.7445],[2.7373,46.7432],[2.7587,46.7177],[2.7912,46.7335],[2.8276,46.7353],[2.9098,46.7793],[2.9081,46.7879],[3.0321,46.7949]]]]},"properties":{"registry":"CEMC","label":"Auvergne registry of congenital malformations (CEMC)","country":"France","status":"covered","dep":"03","area":"Allier","dep_name":"Allier","website":"https://www.chu-clermontferrand.fr/liste-services/genetique-medicale/registre-cemc","source":"Sant\u00e9 publique France, Surveillance \u00e9pid\u00e9miologique des anomalies cong\u00e9nitales en France, p\u00e9riode 2019-2021 (July 2026), Figure 1: territorial coverage of the 7 French registries, situation 2025; footnote: Auvergne = Allier, Cantal, Haute-Loire, Puy-de-D\u00f4me; Rh\u00f4ne-Alpes = Rh\u00f4ne and Loire."}},{"type":"Feature","geometry":{"type":"MultiPolygon","coordinates":[[[[2.5084,45.4785],[2.5437,45.4776],[2.5904,45.4501],[2.6397,45.4457],[2.6634,45.4342],[2.6765,45.4391],[2.6871,45.4063],[2.7149,45.3816],[2.7428,45.3933],[2.7635,45.3856],[2.8012,45.3929],[2.8517,45.3923],[2.8677,45.3761],[2.8863,45.383],[2.9207,45.3654],[2.9318,45.3306],[2.9496,45.3089],[3.0183,45.2871],[3.0218,45.2954],[3.0586,45.3066],[3.0603,45.3306],[3.0817,45.3362],[3.1035,45.3544],[3.1134,45.3272],[3.0999,45.3163],[3.118,45.2842],[3.1596,45.2913],[3.1676,45.2801],[3.2126,45.2806],[3.228,45.2664],[3.221,45.2442],[3.2396,45.2169],[3.2725,45.2092],[3.2606,45.1709],[3.288,45.1204],[3.3014,45.1241],[3.3341,45.1111],[3.3,45.0561],[3.3003,45.032],[3.3115,45.0228],[3.3372,45.0253],[3.3499,45.0026],[3.348,44.9739],[3.3613,44.9714],[3.286,44.9264],[3.2438,44.9335],[3.2497,44.9162],[3.2291,44.9093],[3.2366,44.888],[3.1823,44.8637],[3.1411,44.9033],[3.1055,44.8868],[3.0936,44.8537],[3.0995,44.8336],[3.0715,44.8341],[3.0481,44.8043],[3.048,44.7655],[3.0311,44.7494],[3.0286,44.73],[2.9817,44.6447],[2.973,44.6457],[2.943,44.677],[2.9251,44.7271],[2.9348,44.744],[2.9208,44.7657],[2.9345,44.7792],[2.9202,44.7943],[2.8935,44.7863],[2.8796,44.803],[2.8553,44.8512],[2.8597,44.8745],[2.8135,44.8694],[2.802,44.8736],[2.7727,44.8555],[2.7783,44.8877],[2.7735,44.9151],[2.7564,44.9324],[2.731,44.9367],[2.7165,44.9291],[2.7064,44.9072],[2.6813,44.9074],[2.6578,44.8864],[2.6491,44.8697],[2.6239,44.8669],[2.6027,44.8432],[2.6116,44.8307],[2.5968,44.8198],[2.5994,44.7928],[2.5652,44.7782],[2.5545,44.7396],[2.5582,44.7235],[2.5009,44.6904],[2.4832,44.6503],[2.4522,44.6482],[2.435,44.6389],[2.382,44.6509],[2.366,44.6413],[2.3328,44.6506],[2.3268,44.6697],[2.291,44.6666],[2.2509,44.6519],[2.2286,44.6551],[2.2084,44.6438],[2.2075,44.6155],[2.1694,44.6381],[2.165,44.6632],[2.1792,44.6744],[2.1527,44.6998],[2.1473,44.7209],[2.1535,44.7531],[2.167,44.7731],[2.1668,44.8117],[2.1398,44.8238],[2.0934,44.8729],[2.0865,44.9011],[2.1081,44.9106],[2.0786,44.9325],[2.0802,44.954],[2.0629,44.9765],[2.0938,44.9853],[2.133,44.9855],[2.1406,45.0059],[2.1168,45.0211],[2.0952,45.056],[2.1402,45.0865],[2.1718,45.0815],[2.1881,45.1179],[2.1817,45.1327],[2.2076,45.1435],[2.208,45.1587],[2.1901,45.2051],[2.2046,45.2282],[2.2388,45.2604],[2.2586,45.2702],[2.269,45.2894],[2.2874,45.2866],[2.3177,45.323],[2.3505,45.3276],[2.3513,45.3486],[2.3648,45.3579],[2.3694,45.3865],[2.3546,45.4014],[2.3782,45.4143],[2.3983,45.4002],[2.4227,45.3972],[2.4463,45.3833],[2.4858,45.3789],[2.5233,45.3844],[2.5257,45.3946],[2.4875,45.4182],[2.5084,45.4785]]]]},"properties":{"registry":"CEMC","label":"Auvergne registry of congenital malformations (CEMC)","country":"France","status":"covered","dep":"15","area":"Cantal","dep_name":"Cantal","website":"https://www.chu-clermontferrand.fr/liste-services/genetique-medicale/registre-cemc","source":"Sant\u00e9 publique France, Surveillance \u00e9pid\u00e9miologique des anomalies cong\u00e9nitales en France, p\u00e9riode 2019-2021 (July 2026), Figure 1: territorial coverage of the 7 French registries, situation 2025; footnote: Auvergne = Allier, Cantal, Haute-Loire, Puy-de-D\u00f4me; Rh\u00f4ne-Alpes = Rh\u00f4ne and Loire."}},{"type":"Feature","geometry":{"type":"MultiPolygon","coordinates":[[[[3.8974,45.3571],[3.9169,45.3394],[3.9374,45.372],[3.9859,45.3718],[4.0026,45.3559],[4.0161,45.3286],[4.0433,45.3559],[4.0624,45.3391],[4.0835,45.3581],[4.1214,45.3691],[4.154,45.3646],[4.1498,45.3846],[4.1788,45.3925],[4.1933,45.3846],[4.2264,45.3897],[4.2445,45.3849],[4.2717,45.3598],[4.2907,45.3586],[4.3082,45.3708],[4.3462,45.3623],[4.3663,45.3371],[4.3319,45.3181],[4.3656,45.3011],[4.3582,45.2813],[4.3697,45.2604],[4.4186,45.2754],[4.4831,45.2364],[4.4896,45.2248],[4.4773,45.2098],[4.4725,45.1794],[4.4475,45.1612],[4.4461,45.1317],[4.3766,45.1444],[4.3702,45.1303],[4.4002,45.116],[4.3726,45.1048],[4.3462,45.0696],[4.3596,45.0557],[4.378,45.0543],[4.3791,45.0362],[4.3384,45.0267],[4.3147,45.0308],[4.2972,45.017],[4.2898,44.9973],[4.3117,44.9718],[4.2516,44.9589],[4.2217,44.9613],[4.2166,44.9336],[4.1899,44.9142],[4.18,44.8873],[4.1562,44.8733],[4.1037,44.8773],[4.0683,44.8675],[4.0339,44.871],[4.0202,44.8457],[4.0284,44.8341],[3.9885,44.8134],[3.9445,44.8232],[3.937,44.7954],[3.9198,44.7746],[3.8895,44.752],[3.8625,44.7439],[3.8366,44.7478],[3.8429,44.7677],[3.8025,44.7822],[3.7527,44.821],[3.7444,44.8378],[3.7229,44.831],[3.669,44.8289],[3.6718,44.8434],[3.6549,44.8742],[3.6265,44.8803],[3.5943,44.8754],[3.598,44.8595],[3.5889,44.8264],[3.5057,44.8238],[3.4782,44.8097],[3.4588,44.8399],[3.4418,44.8542],[3.4357,44.8802],[3.4104,44.9178],[3.4158,44.9285],[3.4046,44.9564],[3.3864,44.9527],[3.3613,44.9714],[3.348,44.9739],[3.3499,45.0026],[3.3372,45.0253],[3.3115,45.0228],[3.3003,45.032],[3.3,45.0561],[3.3341,45.1111],[3.3014,45.1241],[3.288,45.1204],[3.2606,45.1709],[3.2725,45.2092],[3.2396,45.2169],[3.221,45.2442],[3.228,45.2664],[3.2126,45.2806],[3.1676,45.2801],[3.1596,45.2913],[3.118,45.2842],[3.0999,45.3163],[3.1134,45.3272],[3.1035,45.3544],[3.1681,45.3523],[3.2209,45.3789],[3.2907,45.4018],[3.3063,45.4195],[3.3243,45.4064],[3.356,45.4227],[3.3774,45.402],[3.4636,45.4019],[3.4798,45.4211],[3.5013,45.4276],[3.5209,45.4024],[3.5631,45.3949],[3.588,45.3752],[3.5903,45.3572],[3.6186,45.3377],[3.6632,45.3616],[3.6799,45.3842],[3.7058,45.3607],[3.7723,45.3492],[3.79,45.3539],[3.7857,45.3708],[3.8049,45.3921],[3.8353,45.3761],[3.8377,45.3657],[3.8974,45.3571]]]]},"properties":{"registry":"CEMC","label":"Auvergne registry of congenital malformations (CEMC)","country":"France","status":"covered","dep":"43","area":"Haute-Loire","dep_name":"Haute-Loire","website":"https://www.chu-clermontferrand.fr/liste-services/genetique-medicale/registre-cemc","source":"Sant\u00e9 publique France, Surveillance \u00e9pid\u00e9miologique des anomalies cong\u00e9nitales en France, p\u00e9riode 2019-2021 (July 2026), Figure 1: territorial coverage of the 7 French registries, situation 2025; footnote: Auvergne = Allier, Cantal, Haute-Loire, Puy-de-D\u00f4me; Rh\u00f4ne-Alpes = Rh\u00f4ne and Loire."}},{"type":"Feature","geometry":{"type":"MultiPolygon","coordinates":[[[[2.5654,46.143],[2.6407,46.1185],[2.6553,46.126],[2.6755,46.1558],[2.6775,46.1728],[2.7159,46.1796],[2.7306,46.1961],[2.7209,46.2113],[2.7324,46.2231],[2.7868,46.1986],[2.8103,46.1962],[2.823,46.2198],[2.8186,46.2326],[2.8382,46.2513],[2.8913,46.2536],[2.9371,46.2429],[2.9365,46.2217],[2.9134,46.2108],[2.9201,46.191],[2.9111,46.1774],[2.9428,46.1685],[2.9718,46.1218],[2.9938,46.1237],[3.0165,46.1024],[3.0481,46.1003],[3.0906,46.1145],[3.0998,46.0949],[3.1281,46.0714],[3.1665,46.0657],[3.1831,46.0745],[3.2145,46.0749],[3.2337,46.0636],[3.281,46.0659],[3.3676,46.0543],[3.3829,46.0648],[3.419,46.0743],[3.4331,46.0612],[3.4536,46.0638],[3.4679,46.0237],[3.4814,46.0137],[3.5346,46.0224],[3.5413,46.0152],[3.6014,46.0151],[3.6413,45.9646],[3.6768,45.9581],[3.694,45.9307],[3.7235,45.9219],[3.7544,45.886],[3.7315,45.8702],[3.7253,45.8271],[3.7116,45.7996],[3.6907,45.7922],[3.7311,45.7748],[3.7271,45.7555],[3.7587,45.746],[3.7828,45.7067],[3.7769,45.6908],[3.8235,45.6324],[3.8617,45.6227],[3.8847,45.6028],[3.9036,45.599],[3.9543,45.556],[3.9459,45.5445],[3.9648,45.5032],[3.9844,45.4941],[3.9666,45.4722],[3.9728,45.4614],[3.9601,45.4434],[3.8992,45.4103],[3.8892,45.3945],[3.8974,45.3571],[3.8697,45.3558],[3.8377,45.3657],[3.8353,45.3761],[3.8049,45.3921],[3.7857,45.3708],[3.79,45.3539],[3.7723,45.3492],[3.7058,45.3607],[3.6799,45.3842],[3.6632,45.3616],[3.6186,45.3377],[3.5903,45.3572],[3.588,45.3752],[3.5631,45.3949],[3.5209,45.4024],[3.5013,45.4276],[3.4798,45.4211],[3.4636,45.4019],[3.3774,45.402],[3.356,45.4227],[3.3243,45.4064],[3.3063,45.4195],[3.2907,45.4018],[3.2209,45.3789],[3.1681,45.3523],[3.1035,45.3544],[3.0817,45.3362],[3.0603,45.3306],[3.0586,45.3066],[3.0218,45.2954],[3.0183,45.2871],[2.9496,45.3089],[2.9318,45.3306],[2.9207,45.3654],[2.8863,45.383],[2.8677,45.3761],[2.8517,45.3923],[2.8012,45.3929],[2.7635,45.3856],[2.7428,45.3933],[2.7149,45.3816],[2.6871,45.4063],[2.6765,45.4391],[2.6634,45.4342],[2.6397,45.4457],[2.5904,45.4501],[2.5437,45.4776],[2.5084,45.4785],[2.5163,45.5534],[2.4909,45.5604],[2.4639,45.5947],[2.4784,45.6079],[2.4834,45.6393],[2.5175,45.6396],[2.5249,45.6572],[2.5126,45.6698],[2.5265,45.6854],[2.521,45.7068],[2.4921,45.7377],[2.4355,45.767],[2.4274,45.7943],[2.388,45.8274],[2.4013,45.8376],[2.4265,45.8348],[2.4706,45.8723],[2.4922,45.864],[2.5279,45.8992],[2.5516,45.9413],[2.5696,45.9588],[2.6108,45.9712],[2.5944,45.9894],[2.6025,46.0335],[2.5717,46.0484],[2.5522,46.0825],[2.5654,46.143]]]]},"properties":{"registry":"CEMC","label":"Auvergne registry of congenital malformations (CEMC)","country":"France","status":"covered","dep":"63","area":"Puy-de-D\u00f4me","dep_name":"Puy-de-D\u00f4me","website":"https://www.chu-clermontferrand.fr/liste-services/genetique-medicale/registre-cemc","source":"Sant\u00e9 publique France, Surveillance \u00e9pid\u00e9miologique des anomalies cong\u00e9nitales en France, p\u00e9riode 2019-2021 (July 2026), Figure 1: territorial coverage of the 7 French registries, situation 2025; footnote: Auvergne = Allier, Cantal, Haute-Loire, Puy-de-D\u00f4me; Rh\u00f4ne-Alpes = Rh\u00f4ne and Loire."}},{"type":"Feature","geometry":{"type":"MultiPolygon","coordinates":[[[[4.3881,46.2198],[4.392,46.263],[4.4058,46.2961],[4.4584,46.297],[4.4885,46.288],[4.504,46.2671],[4.5373,46.2699],[4.5578,46.2946],[4.5865,46.2687],[4.6186,46.2648],[4.617,46.2806],[4.6547,46.3035],[4.6888,46.3013],[4.7075,46.2847],[4.6796,46.2587],[4.7358,46.2342],[4.7206,46.2224],[4.7353,46.2109],[4.7209,46.1939],[4.7305,46.1784],[4.7575,46.1723],[4.7802,46.1767],[4.8024,46.1569],[4.7974,46.1407],[4.7484,46.0921],[4.7617,46.0688],[4.7399,46.0445],[4.7545,45.9723],[4.7291,45.9491],[4.7373,45.9382],[4.7718,45.9392],[4.7886,45.924],[4.8059,45.9216],[4.8052,45.8963],[4.848,45.913],[4.8807,45.8972],[4.8838,45.88],[4.909,45.8741],[4.9012,45.8603],[4.9161,45.8455],[4.9183,45.807],[4.9631,45.811],[5.0135,45.8051],[5.1011,45.8134],[5.0893,45.7843],[5.0593,45.792],[5.0684,45.7655],[5.0931,45.7661],[5.0945,45.7395],[5.126,45.7379],[5.1594,45.7089],[5.1311,45.7077],[5.1081,45.688],[5.0595,45.6651],[5.0581,45.6532],[5.0351,45.6372],[5.0381,45.6151],[5.0047,45.6231],[4.998,45.6034],[4.972,45.6127],[4.9015,45.6063],[4.8645,45.5936],[4.8528,45.5789],[4.8281,45.5879],[4.8087,45.5723],[4.8401,45.5433],[4.8644,45.5373],[4.8685,45.5234],[4.8413,45.5006],[4.7823,45.4722],[4.7759,45.4542],[4.7569,45.4557],[4.7394,45.4866],[4.7218,45.4944],[4.7002,45.4783],[4.6618,45.4868],[4.6505,45.5283],[4.685,45.5544],[4.6723,45.5703],[4.6369,45.5456],[4.6252,45.5691],[4.5829,45.5747],[4.5686,45.5835],[4.5211,45.5728],[4.4494,45.6073],[4.4405,45.6235],[4.4103,45.6321],[4.3917,45.6629],[4.3659,45.6712],[4.3738,45.7118],[4.398,45.7514],[4.3735,45.7495],[4.3494,45.7713],[4.3759,45.7821],[4.3762,45.8246],[4.3962,45.86],[4.3573,45.8678],[4.3422,45.8772],[4.3232,45.9039],[4.3454,45.9154],[4.3452,45.9281],[4.2939,45.9534],[4.2981,45.9657],[4.2492,45.9954],[4.3006,45.9913],[4.3125,46.0056],[4.2622,46.0354],[4.2543,46.0527],[4.2857,46.0535],[4.3097,46.0797],[4.3062,46.102],[4.3216,46.1292],[4.3616,46.1385],[4.3803,46.15],[4.4108,46.1366],[4.4386,46.1679],[4.396,46.1891],[4.3881,46.2198]]]]},"properties":{"registry":"REMERA","label":"Rh\u00f4ne-Alpes registry of congenital anomalies (REMERA)","country":"France","status":"covered","dep":"69","area":"Rh\u00f4ne","dep_name":"Rh\u00f4ne","website":"https://www.remera.fr/","source":"Sant\u00e9 publique France, Surveillance \u00e9pid\u00e9miologique des anomalies cong\u00e9nitales en France, p\u00e9riode 2019-2021 (July 2026), Figure 1: territorial coverage of the 7 French registries, situation 2025; footnote: Auvergne = Allier, Cantal, Haute-Loire, Puy-de-D\u00f4me; Rh\u00f4ne-Alpes = Rh\u00f4ne and Loire."}},{"type":"Feature","geometry":{"type":"MultiPolygon","coordinates":[[[[3.8995,46.2759],[3.9094,46.2577],[3.8901,46.2145],[3.9136,46.2069],[3.9725,46.2027],[3.9818,46.1763],[4.0305,46.1698],[4.1041,46.1984],[4.1334,46.1773],[4.1884,46.1751],[4.1845,46.188],[4.2079,46.1948],[4.2247,46.178],[4.2574,46.1847],[4.2571,46.1573],[4.2818,46.1566],[4.2923,46.1725],[4.3157,46.172],[4.3622,46.1956],[4.3881,46.2198],[4.4226,46.2026],[4.396,46.1891],[4.4386,46.1679],[4.4108,46.1366],[4.3803,46.15],[4.3616,46.1385],[4.3216,46.1292],[4.3062,46.102],[4.3097,46.0797],[4.2857,46.0535],[4.2543,46.0527],[4.2622,46.0354],[4.3125,46.0056],[4.3006,45.9913],[4.2492,45.9954],[4.2981,45.9657],[4.2939,45.9534],[4.3452,45.9281],[4.3454,45.9154],[4.3232,45.9039],[4.3422,45.8772],[4.3573,45.8678],[4.3962,45.86],[4.3762,45.8246],[4.3759,45.7821],[4.3494,45.7713],[4.3735,45.7495],[4.398,45.7514],[4.3738,45.7118],[4.3659,45.6712],[4.3917,45.6629],[4.4103,45.6321],[4.4405,45.6235],[4.4494,45.6073],[4.5211,45.5728],[4.5686,45.5835],[4.5829,45.5747],[4.6252,45.5691],[4.6369,45.5456],[4.6723,45.5703],[4.685,45.5544],[4.6505,45.5283],[4.6618,45.4868],[4.7002,45.4783],[4.7218,45.4944],[4.7394,45.4866],[4.7569,45.4557],[4.7587,45.4311],[4.7448,45.4213],[4.7558,45.3964],[4.756,45.3657],[4.7258,45.3618],[4.7004,45.3457],[4.6801,45.3463],[4.6145,45.3098],[4.621,45.2912],[4.5986,45.2895],[4.5906,45.273],[4.6024,45.2517],[4.5655,45.248],[4.5405,45.2348],[4.4831,45.2364],[4.4186,45.2754],[4.3697,45.2604],[4.3582,45.2813],[4.3656,45.3011],[4.3319,45.3181],[4.3663,45.3371],[4.3462,45.3623],[4.3082,45.3708],[4.2907,45.3586],[4.2717,45.3598],[4.2445,45.3849],[4.2264,45.3897],[4.1933,45.3846],[4.1788,45.3925],[4.1498,45.3846],[4.154,45.3646],[4.1214,45.3691],[4.0835,45.3581],[4.0624,45.3391],[4.0433,45.3559],[4.0161,45.3286],[4.0026,45.3559],[3.9859,45.3718],[3.9374,45.372],[3.9169,45.3394],[3.8974,45.3571],[3.8892,45.3945],[3.8992,45.4103],[3.9601,45.4434],[3.9728,45.4614],[3.9666,45.4722],[3.9844,45.4941],[3.9648,45.5032],[3.9459,45.5445],[3.9543,45.556],[3.9355,45.5768],[3.9036,45.599],[3.8847,45.6028],[3.8617,45.6227],[3.8235,45.6324],[3.7769,45.6908],[3.7828,45.7067],[3.7587,45.746],[3.7271,45.7555],[3.7311,45.7748],[3.6907,45.7922],[3.7116,45.7996],[3.7253,45.8271],[3.7315,45.8702],[3.7544,45.886],[3.7235,45.9219],[3.694,45.9307],[3.6938,45.9495],[3.7089,45.9738],[3.7413,45.966],[3.778,45.9718],[3.8238,45.9874],[3.8284,45.9995],[3.8068,46.0456],[3.807,46.0613],[3.8219,46.088],[3.8026,46.1103],[3.7898,46.1549],[3.8079,46.1616],[3.7907,46.1845],[3.7903,46.2109],[3.7682,46.2378],[3.8027,46.2385],[3.8049,46.2549],[3.8691,46.2637],[3.8995,46.2759]]]]},"properties":{"registry":"REMERA","label":"Rh\u00f4ne-Alpes registry of congenital anomalies (REMERA)","country":"France","status":"covered","dep":"42","area":"Loire","dep_name":"Loire","website":"https://www.remera.fr/","source":"Sant\u00e9 publique France, Surveillance \u00e9pid\u00e9miologique des anomalies cong\u00e9nitales en France, p\u00e9riode 2019-2021 (July 2026), Figure 1: territorial coverage of the 7 French registries, situation 2025; footnote: Auvergne = Allier, Cantal, Haute-Loire, Puy-de-D\u00f4me; Rh\u00f4ne-Alpes = Rh\u00f4ne and Loire."}},{"type":"Feature","geometry":{"type":"MultiPolygon","coordinates":[[[[-0.1029,45.9697],[-0.0414,45.9935],[-0.0455,46.0206],[-0.0214,46.0289],[-0.032,46.0559],[0.0193,46.0528],[0.073,46.0939],[0.0997,46.0929],[0.1357,46.104],[0.1779,46.0833],[0.1974,46.0956],[0.2197,46.0943],[0.2798,46.061],[0.3911,46.0663],[0.4133,46.0491],[0.4451,46.0508],[0.4691,46.0615],[0.476,46.0827],[0.4445,46.0912],[0.4433,46.1016],[0.4925,46.136],[0.5382,46.0953],[0.5646,46.0896],[0.575,46.079],[0.606,46.0771],[0.6086,46.0897],[0.6875,46.0973],[0.6841,46.1193],[0.7106,46.1309],[0.7469,46.1386],[0.7802,46.1321],[0.8095,46.1382],[0.8234,46.1286],[0.8152,46.1158],[0.8337,46.1064],[0.8189,46.0774],[0.8269,46.0639],[0.8179,46.0479],[0.8511,46.0346],[0.867,46.0184],[0.894,46.0231],[0.9256,46.0105],[0.9426,45.9574],[0.9227,45.953],[0.8847,45.9237],[0.8595,45.918],[0.8222,45.9321],[0.8133,45.8987],[0.8274,45.8827],[0.798,45.8327],[0.7822,45.8211],[0.7721,45.7876],[0.7471,45.8031],[0.7164,45.8056],[0.7079,45.7955],[0.7149,45.7631],[0.6884,45.7604],[0.6525,45.7405],[0.6454,45.7175],[0.6297,45.7146],[0.5988,45.6706],[0.5678,45.651],[0.5612,45.6327],[0.5355,45.6334],[0.4999,45.6167],[0.5156,45.6004],[0.5007,45.5731],[0.5065,45.5539],[0.4963,45.5445],[0.4657,45.5396],[0.4328,45.5025],[0.3565,45.4655],[0.3078,45.4609],[0.2944,45.4342],[0.2782,45.4273],[0.2501,45.3718],[0.2697,45.3054],[0.2474,45.2895],[0.2214,45.2903],[0.2044,45.2636],[0.1776,45.2537],[0.1706,45.237],[0.1303,45.208],[0.0962,45.2279],[0.0757,45.2203],[0.0534,45.2269],[0.0348,45.2087],[0.0077,45.202],[0.0043,45.1916],[0.0061,45.2202],[-0.0363,45.2372],[-0.0401,45.2467],[-0.1091,45.2473],[-0.1088,45.289],[-0.1379,45.2929],[-0.1643,45.307],[-0.1964,45.3051],[-0.2305,45.3145],[-0.2735,45.3023],[-0.2887,45.3291],[-0.2779,45.3478],[-0.2503,45.3413],[-0.2483,45.359],[-0.2711,45.3581],[-0.3098,45.3737],[-0.2782,45.3987],[-0.2498,45.4087],[-0.2473,45.4355],[-0.2742,45.4586],[-0.2581,45.4873],[-0.2662,45.5251],[-0.3184,45.5348],[-0.297,45.564],[-0.3759,45.6089],[-0.3888,45.6262],[-0.4165,45.6172],[-0.432,45.6246],[-0.4095,45.6556],[-0.3825,45.6598],[-0.4105,45.6834],[-0.4221,45.7095],[-0.4158,45.7417],[-0.46,45.7393],[-0.4493,45.766],[-0.4273,45.7641],[-0.4022,45.773],[-0.4004,45.7867],[-0.3659,45.7803],[-0.3213,45.7845],[-0.2888,45.8065],[-0.2387,45.803],[-0.2217,45.7757],[-0.1539,45.7985],[-0.1359,45.8199],[-0.1402,45.8365],[-0.122,45.8498],[-0.131,45.891],[-0.1472,45.899],[-0.1511,45.9266],[-0.0983,45.9351],[-0.1029,45.9697]]]]},"properties":{"registry":"ATENA","label":"Nouvelle-Aquitaine registry of congenital anomalies (ATENA)","country":"France","status":"in_progress","dep":"16","area":"Charente","dep_name":"Charente","website":"https://registre-atena.fr/","source":"Sant\u00e9 publique France, Surveillance \u00e9pid\u00e9miologique des anomalies cong\u00e9nitales en France, p\u00e9riode 2019-2021 (July 2026), Figure 1: territorial coverage of the 7 French registries, situation 2025; footnote: Auvergne = Allier, Cantal, Haute-Loire, Puy-de-D\u00f4me; Rh\u00f4ne-Alpes = Rh\u00f4ne and Loire."}},{"type":"Feature","geometry":{"type":"MultiPolygon","coordinates":[[[[-1.4809,46.21],[-1.4528,46.2286],[-1.4248,46.2303],[-1.4292,46.2059],[-1.3639,46.2075],[-1.3213,46.1872],[-1.2911,46.1862],[-1.2742,46.1602],[-1.2762,46.1473],[-1.3048,46.1429],[-1.355,46.1559],[-1.3915,46.1772],[-1.4616,46.2021],[-1.5059,46.1941],[-1.5324,46.2023],[-1.5614,46.2372],[-1.5128,46.2581],[-1.4894,46.2533],[-1.4745,46.2333],[-1.4809,46.21]]],[[[-1.1294,46.3103],[-1.0807,46.3214],[-1.0525,46.3425],[-1.0138,46.3556],[-0.9774,46.3511],[-0.9645,46.3654],[-0.9318,46.3658],[-0.9442,46.336],[-0.9618,46.3231],[-0.9349,46.3129],[-0.9048,46.3138],[-0.8877,46.3263],[-0.8509,46.3172],[-0.8399,46.3404],[-0.8091,46.3384],[-0.8025,46.3252],[-0.7505,46.3043],[-0.7498,46.2868],[-0.7359,46.2669],[-0.7515,46.2451],[-0.6907,46.2192],[-0.6849,46.2005],[-0.6554,46.17],[-0.6284,46.161],[-0.62,46.1378],[-0.547,46.1442],[-0.491,46.1083],[-0.4015,46.0842],[-0.372,46.0935],[-0.3627,46.0755],[-0.3311,46.0826],[-0.2817,46.0798],[-0.273,46.0573],[-0.1946,46.0444],[-0.1891,46.0261],[-0.1614,46.0346],[-0.1634,46.0102],[-0.1382,45.9965],[-0.1369,45.979],[-0.1029,45.9697],[-0.0865,45.95],[-0.0983,45.9351],[-0.1511,45.9266],[-0.1472,45.899],[-0.131,45.891],[-0.122,45.8498],[-0.1402,45.8365],[-0.1359,45.8199],[-0.1539,45.7985],[-0.2217,45.7757],[-0.2387,45.803],[-0.2888,45.8065],[-0.3213,45.7845],[-0.3659,45.7803],[-0.4004,45.7867],[-0.4022,45.773],[-0.4273,45.7641],[-0.4493,45.766],[-0.46,45.7393],[-0.4158,45.7417],[-0.4221,45.7095],[-0.4105,45.6834],[-0.3825,45.6598],[-0.4095,45.6556],[-0.432,45.6246],[-0.4165,45.6172],[-0.3888,45.6262],[-0.3759,45.6089],[-0.297,45.564],[-0.3184,45.5348],[-0.2662,45.5251],[-0.2581,45.4873],[-0.2742,45.4586],[-0.2473,45.4355],[-0.2498,45.4087],[-0.2782,45.3987],[-0.3098,45.3737],[-0.2711,45.3581],[-0.2483,45.359],[-0.2503,45.3413],[-0.2779,45.3478],[-0.2887,45.3291],[-0.2735,45.3023],[-0.2305,45.3145],[-0.1964,45.3051],[-0.1643,45.307],[-0.1379,45.2929],[-0.1088,45.289],[-0.1091,45.2473],[-0.0401,45.2467],[-0.0363,45.2372],[0.0061,45.2202],[0.0043,45.1916],[-0.0174,45.1699],[0.0047,45.1537],[-0.0371,45.139],[-0.0292,45.1298],[-0.0402,45.1024],[-0.0636,45.0991],[-0.0877,45.1214],[-0.1149,45.1139],[-0.1306,45.0967],[-0.153,45.0888],[-0.2468,45.1086],[-0.2754,45.1414],[-0.3384,45.1669],[-0.3636,45.1703],[-0.3797,45.1553],[-0.3971,45.1703],[-0.4028,45.1905],[-0.4208,45.2085],[-0.4084,45.2478],[-0.4154,45.2693],[-0.4405,45.2838],[-0.4862,45.2936],[-0.5136,45.2863],[-0.5706,45.2998],[-0.569,45.3315],[-0.5945,45.3211],[-0.7188,45.3274],[-0.7562,45.406],[-0.8017,45.4595],[-0.8475,45.4988],[-0.993,45.5772],[-0.9937,45.5976],[-1.0096,45.6114],[-1.0489,45.6203],[-1.0794,45.6389],[-1.1158,45.647],[-1.1573,45.6718],[-1.2372,45.7059],[-1.2426,45.7816],[-1.209,45.7958],[-1.192,45.7894],[-1.1321,45.8049],[-1.1567,45.843],[-1.1532,45.8624],[-1.1251,45.8572],[-1.1009,45.8722],[-1.0738,45.9142],[-1.0769,45.9367],[-1.0643,45.9499],[-1.0989,45.9905],[-1.0631,45.9944],[-1.0527,46.0112],[-1.0659,46.0498],[-1.0888,46.0539],[-1.1007,46.0938],[-1.1151,46.1023],[-1.1291,46.127],[-1.1729,46.1393],[-1.1784,46.1532],[-1.2069,46.1458],[-1.2239,46.1659],[-1.1993,46.1943],[-1.199,46.2132],[-1.1713,46.2241],[-1.1428,46.244],[-1.1404,46.254],[-1.1294,46.3103]]],[[[-1.2503,45.846],[-1.2662,45.8782],[-1.2933,45.8999],[-1.351,45.925],[-1.3888,45.9573],[-1.3958,45.9768],[-1.3871,45.9972],[-1.4134,46.0469],[-1.3723,46.0395],[-1.3721,46.0322],[-1.3066,45.9911],[-1.2479,45.9904],[-1.236,45.9815],[-1.2421,45.9575],[-1.2298,45.9443],[-1.2338,45.9271],[-1.1884,45.8867],[-1.2077,45.8503],[-1.1956,45.8297],[-1.2319,45.8018],[-1.2503,45.846]]]]},"properties":{"registry":"ATENA","label":"Nouvelle-Aquitaine registry of congenital anomalies (ATENA)","country":"France","status":"in_progress","dep":"17","area":"Charente-Maritime","dep_name":"Charente-Maritime","website":"https://registre-atena.fr/","source":"Sant\u00e9 publique France, Surveillance \u00e9pid\u00e9miologique des anomalies cong\u00e9nitales en France, p\u00e9riode 2019-2021 (July 2026), Figure 1: territorial coverage of the 7 French registries, situation 2025; footnote: Auvergne = Allier, Cantal, Haute-Loire, Puy-de-D\u00f4me; Rh\u00f4ne-Alpes = Rh\u00f4ne and Loire."}},{"type":"Feature","geometry":{"type":"MultiPolygon","coordinates":[[[[1.8987,45.6983],[1.9155,45.7113],[1.9417,45.7114],[1.9566,45.7248],[1.9885,45.7214],[2.0015,45.7488],[2.0357,45.7551],[2.0839,45.746],[2.1135,45.7248],[2.1338,45.7354],[2.1609,45.7358],[2.183,45.7206],[2.2023,45.7186],[2.194,45.699],[2.2711,45.6916],[2.2734,45.664],[2.3059,45.6747],[2.3209,45.6686],[2.3402,45.6826],[2.3517,45.7101],[2.4102,45.7096],[2.4359,45.6993],[2.4921,45.7377],[2.521,45.7068],[2.5265,45.6854],[2.5126,45.6698],[2.5249,45.6572],[2.5175,45.6396],[2.4834,45.6393],[2.4784,45.6079],[2.4639,45.5947],[2.4909,45.5604],[2.5163,45.5534],[2.5068,45.4641],[2.4875,45.4182],[2.5257,45.3946],[2.5233,45.3844],[2.4858,45.3789],[2.4463,45.3833],[2.4227,45.3972],[2.3983,45.4002],[2.3782,45.4143],[2.3546,45.4014],[2.3694,45.3865],[2.3648,45.3579],[2.3513,45.3486],[2.3505,45.3276],[2.3177,45.323],[2.2874,45.2866],[2.269,45.2894],[2.2586,45.2702],[2.2388,45.2604],[2.2046,45.2282],[2.1901,45.2051],[2.208,45.1587],[2.2076,45.1435],[2.1817,45.1327],[2.1881,45.1179],[2.1718,45.0815],[2.1402,45.0865],[2.0952,45.056],[2.1168,45.0211],[2.1406,45.0059],[2.133,44.9855],[2.0938,44.9853],[2.0629,44.9765],[2.0454,44.9837],[1.9817,44.9729],[1.9407,44.9551],[1.9391,44.9732],[1.9082,44.9784],[1.8863,44.9561],[1.8312,44.9455],[1.8239,44.9277],[1.7871,44.9322],[1.7746,44.9235],[1.7539,44.9409],[1.7506,44.955],[1.711,44.9673],[1.7027,44.9878],[1.6714,45.0043],[1.651,45.025],[1.626,45.0339],[1.5763,45.0407],[1.552,45.0285],[1.5406,45.046],[1.4837,45.0309],[1.4763,45.0184],[1.4483,45.0193],[1.3998,45.0616],[1.4064,45.0693],[1.3864,45.1029],[1.4095,45.1126],[1.4129,45.1251],[1.3852,45.1356],[1.2899,45.142],[1.2548,45.1593],[1.2853,45.176],[1.2921,45.1865],[1.2741,45.2001],[1.2323,45.1977],[1.2336,45.2222],[1.2745,45.2379],[1.2745,45.2571],[1.2546,45.2549],[1.2271,45.272],[1.2416,45.3006],[1.2358,45.322],[1.2726,45.3282],[1.2891,45.3541],[1.3158,45.3609],[1.3239,45.379],[1.2959,45.3948],[1.2798,45.3845],[1.2596,45.3983],[1.2887,45.4261],[1.2532,45.4442],[1.2645,45.4541],[1.2703,45.4777],[1.3104,45.483],[1.3511,45.47],[1.3716,45.4921],[1.3896,45.4962],[1.4121,45.5281],[1.4503,45.5304],[1.4551,45.5533],[1.4807,45.5659],[1.5063,45.551],[1.5221,45.5641],[1.5572,45.5494],[1.5849,45.5561],[1.5938,45.5771],[1.6249,45.5779],[1.6582,45.5953],[1.6602,45.608],[1.7048,45.6374],[1.7481,45.6457],[1.7764,45.6585],[1.7858,45.6827],[1.8264,45.6651],[1.8751,45.6649],[1.88,45.6782],[1.8987,45.6983]]]]},"properties":{"registry":"ATENA","label":"Nouvelle-Aquitaine registry of congenital anomalies (ATENA)","country":"France","status":"in_progress","dep":"19","area":"Corr\u00e8ze","dep_name":"Corr\u00e8ze","website":"https://registre-atena.fr/","source":"Sant\u00e9 publique France, Surveillance \u00e9pid\u00e9miologique des anomalies cong\u00e9nitales en France, p\u00e9riode 2019-2021 (July 2026), Figure 1: territorial coverage of the 7 French registries, situation 2025; footnote: Auvergne = Allier, Cantal, Haute-Loire, Puy-de-D\u00f4me; Rh\u00f4ne-Alpes = Rh\u00f4ne and Loire."}},{"type":"Feature","geometry":{"type":"MultiPolygon","coordinates":[[[[2.1678,46.4241],[2.1976,46.4283],[2.281,46.4204],[2.2848,46.3863],[2.3233,46.3665],[2.3027,46.3544],[2.323,46.3293],[2.3549,46.3257],[2.3705,46.3126],[2.3919,46.33],[2.4205,46.3101],[2.4213,46.2846],[2.443,46.295],[2.4808,46.281],[2.4771,46.2694],[2.4918,46.2479],[2.5159,46.237],[2.528,46.1863],[2.5598,46.1734],[2.5654,46.143],[2.5505,46.119],[2.5522,46.0825],[2.5717,46.0484],[2.6025,46.0335],[2.5944,45.9894],[2.6108,45.9712],[2.5696,45.9588],[2.5516,45.9413],[2.5279,45.8992],[2.4922,45.864],[2.4706,45.8723],[2.4265,45.8348],[2.4013,45.8376],[2.388,45.8274],[2.4274,45.7943],[2.4355,45.767],[2.4921,45.7377],[2.4359,45.6993],[2.4102,45.7096],[2.3517,45.7101],[2.3402,45.6826],[2.3209,45.6686],[2.3059,45.6747],[2.2734,45.664],[2.2711,45.6916],[2.194,45.699],[2.2023,45.7186],[2.183,45.7206],[2.1609,45.7358],[2.1338,45.7354],[2.1135,45.7248],[2.0839,45.746],[2.0357,45.7551],[2.0015,45.7488],[1.9885,45.7214],[1.9566,45.7248],[1.9417,45.7114],[1.9155,45.7113],[1.8987,45.6983],[1.881,45.7129],[1.8751,45.7328],[1.8941,45.7593],[1.8809,45.7977],[1.8464,45.8099],[1.8284,45.8098],[1.7558,45.8557],[1.7149,45.8401],[1.6904,45.8436],[1.6766,45.8351],[1.6024,45.8575],[1.6023,45.891],[1.636,45.8884],[1.6397,45.8995],[1.6151,45.932],[1.5792,45.9304],[1.5783,45.9173],[1.5473,45.9168],[1.53,45.9318],[1.5325,45.9528],[1.5661,45.9633],[1.5765,45.981],[1.5648,45.9971],[1.5385,45.9974],[1.5364,46.0263],[1.5492,46.0354],[1.5318,46.0582],[1.543,46.0766],[1.5049,46.0882],[1.492,46.1147],[1.5052,46.1275],[1.4679,46.1518],[1.4552,46.181],[1.4153,46.1772],[1.3749,46.2155],[1.3941,46.2383],[1.4169,46.2409],[1.4037,46.2599],[1.4266,46.2989],[1.4438,46.3059],[1.4152,46.3472],[1.4354,46.3638],[1.4629,46.3754],[1.5223,46.4265],[1.544,46.4169],[1.5462,46.3935],[1.5697,46.4055],[1.6143,46.4053],[1.6448,46.3868],[1.6836,46.4182],[1.7109,46.3921],[1.7277,46.3894],[1.7601,46.4276],[1.7476,46.45],[1.7984,46.4548],[1.8195,46.43],[1.8834,46.4326],[1.9092,46.4435],[1.9243,46.4319],[1.9781,46.4398],[1.9931,46.4309],[2.0742,46.4198],[2.0889,46.4089],[2.1678,46.4241]]]]},"properties":{"registry":"ATENA","label":"Nouvelle-Aquitaine registry of congenital anomalies (ATENA)","country":"France","status":"in_progress","dep":"23","area":"Creuse","dep_name":"Creuse","website":"https://registre-atena.fr/","source":"Sant\u00e9 publique France, Surveillance \u00e9pid\u00e9miologique des anomalies cong\u00e9nitales en France, p\u00e9riode 2019-2021 (July 2026), Figure 1: territorial coverage of the 7 French registries, situation 2025; footnote: Auvergne = Allier, Cantal, Haute-Loire, Puy-de-D\u00f4me; Rh\u00f4ne-Alpes = Rh\u00f4ne and Loire."}},{"type":"Feature","geometry":{"type":"MultiPolygon","coordinates":[[[[0.6297,45.7146],[0.6542,45.6887],[0.7021,45.6871],[0.7165,45.6949],[0.7422,45.6906],[0.7637,45.6683],[0.7758,45.6676],[0.763,45.6283],[0.7515,45.6183],[0.7804,45.5912],[0.8036,45.5962],[0.8115,45.5759],[0.8426,45.5823],[0.8593,45.6126],[0.8748,45.6214],[0.8982,45.5998],[0.947,45.6136],[0.9864,45.6045],[1.0232,45.61],[1.0358,45.6002],[1.0354,45.5733],[1.0475,45.5579],[1.0746,45.5458],[1.0804,45.534],[1.1103,45.5449],[1.1377,45.5398],[1.1673,45.5248],[1.1359,45.5064],[1.1198,45.4878],[1.1358,45.4709],[1.1642,45.4755],[1.1866,45.4553],[1.2095,45.4631],[1.2532,45.4442],[1.2887,45.4261],[1.2596,45.3983],[1.2798,45.3845],[1.2959,45.3948],[1.3239,45.379],[1.3158,45.3609],[1.2891,45.3541],[1.2726,45.3282],[1.2358,45.322],[1.2416,45.3006],[1.2271,45.272],[1.2546,45.2549],[1.2745,45.2571],[1.2745,45.2379],[1.2336,45.2222],[1.2323,45.1977],[1.2741,45.2001],[1.2921,45.1865],[1.2853,45.176],[1.2548,45.1593],[1.2899,45.142],[1.3852,45.1356],[1.4129,45.1251],[1.4095,45.1126],[1.3864,45.1029],[1.4064,45.0693],[1.3998,45.0616],[1.4483,45.0193],[1.4093,45.006],[1.4336,44.9383],[1.4106,44.909],[1.4399,44.889],[1.4398,44.8749],[1.4048,44.8623],[1.4019,44.8494],[1.3614,44.8408],[1.3641,44.8116],[1.2996,44.7969],[1.2962,44.7778],[1.3228,44.7651],[1.3161,44.7404],[1.2794,44.7158],[1.2483,44.7077],[1.2246,44.6843],[1.1688,44.68],[1.1467,44.6703],[1.1537,44.6388],[1.0751,44.5773],[1.0733,44.5956],[1.0148,44.6141],[0.9908,44.6371],[0.9387,44.6397],[0.8907,44.615],[0.87,44.5973],[0.8387,44.6007],[0.8374,44.6161],[0.817,44.627],[0.8364,44.6386],[0.8434,44.6635],[0.8261,44.676],[0.827,44.6919],[0.7977,44.7018],[0.7798,44.6834],[0.7291,44.6761],[0.6609,44.6767],[0.654,44.6967],[0.6301,44.705],[0.6097,44.6954],[0.5771,44.694],[0.5704,44.6749],[0.5462,44.6647],[0.5157,44.6783],[0.4875,44.6667],[0.4705,44.6696],[0.4457,44.6527],[0.4175,44.6463],[0.369,44.6612],[0.3496,44.6601],[0.3596,44.691],[0.3405,44.703],[0.3462,44.7225],[0.3233,44.7476],[0.2742,44.7834],[0.2637,44.8263],[0.2841,44.8237],[0.3151,44.8454],[0.2791,44.867],[0.2377,44.8692],[0.2412,44.8565],[0.2063,44.8388],[0.1928,44.8208],[0.1066,44.8327],[0.0469,44.8246],[0.0187,44.8496],[-0.0219,44.8507],[0.0344,44.9155],[0.0032,44.9474],[0.0192,44.9803],[0.0401,44.9935],[0.0358,45.0112],[0.0733,45.0701],[0.0635,45.0956],[0.0408,45.1154],[-0.0036,45.1196],[-0.0402,45.1024],[-0.0292,45.1298],[-0.0371,45.139],[0.0047,45.1537],[-0.0174,45.1699],[0.0077,45.202],[0.0348,45.2087],[0.0534,45.2269],[0.0757,45.2203],[0.0962,45.2279],[0.1303,45.208],[0.1706,45.237],[0.1776,45.2537],[0.2044,45.2636],[0.2214,45.2903],[0.2474,45.2895],[0.2697,45.3054],[0.2501,45.3718],[0.2782,45.4273],[0.2944,45.4342],[0.3078,45.4609],[0.3565,45.4655],[0.4328,45.5025],[0.4657,45.5396],[0.4963,45.5445],[0.5065,45.5539],[0.5007,45.5731],[0.5156,45.6004],[0.4999,45.6167],[0.5355,45.6334],[0.5612,45.6327],[0.5678,45.651],[0.6297,45.7146]]]]},"properties":{"registry":"ATENA","label":"Nouvelle-Aquitaine registry of congenital anomalies (ATENA)","country":"France","status":"in_progress","dep":"24","area":"Dordogne","dep_name":"Dordogne","website":"https://registre-atena.fr/","source":"Sant\u00e9 publique France, Surveillance \u00e9pid\u00e9miologique des anomalies cong\u00e9nitales en France, p\u00e9riode 2019-2021 (July 2026), Figure 1: territorial coverage of the 7 French registries, situation 2025; footnote: Auvergne = Allier, Cantal, Haute-Loire, Puy-de-D\u00f4me; Rh\u00f4ne-Alpes = Rh\u00f4ne and Loire."}},{"type":"Feature","geometry":{"type":"MultiPolygon","coordinates":[[[[-0.7188,45.3274],[-0.5945,45.3211],[-0.569,45.3315],[-0.5706,45.2998],[-0.5136,45.2863],[-0.4862,45.2936],[-0.4405,45.2838],[-0.4154,45.2693],[-0.4084,45.2478],[-0.4208,45.2085],[-0.4028,45.1905],[-0.3971,45.1703],[-0.3797,45.1553],[-0.3636,45.1703],[-0.3384,45.1669],[-0.2754,45.1414],[-0.2468,45.1086],[-0.153,45.0888],[-0.1306,45.0967],[-0.1149,45.1139],[-0.0877,45.1214],[-0.0636,45.0991],[-0.0402,45.1024],[-0.0036,45.1196],[0.0408,45.1154],[0.0635,45.0956],[0.0733,45.0701],[0.0358,45.0112],[0.0401,44.9935],[0.0192,44.9803],[0.0032,44.9474],[0.0344,44.9155],[-0.0219,44.8507],[0.0187,44.8496],[0.0469,44.8246],[0.1066,44.8327],[0.1928,44.8208],[0.2063,44.8388],[0.2412,44.8565],[0.2377,44.8692],[0.2791,44.867],[0.3151,44.8454],[0.2841,44.8237],[0.2637,44.8263],[0.2742,44.7834],[0.2973,44.7623],[0.2557,44.7501],[0.2254,44.7619],[0.2015,44.7231],[0.1942,44.7431],[0.153,44.7305],[0.1334,44.7046],[0.1178,44.7128],[0.1022,44.6993],[0.1099,44.6842],[0.1344,44.6818],[0.1416,44.6655],[0.1622,44.6705],[0.1827,44.6611],[0.155,44.6152],[0.0862,44.5763],[0.0707,44.5493],[0.0369,44.5538],[0.0181,44.5298],[-0.0155,44.5051],[-0.0096,44.459],[0.0075,44.4471],[-0.012,44.4222],[-0.0029,44.4055],[0.0182,44.3899],[0.0147,44.3666],[-0.0121,44.3713],[-0.03,44.3605],[-0.0788,44.3537],[-0.0858,44.3376],[-0.0348,44.2967],[-0.033,44.2717],[-0.0534,44.2658],[-0.088,44.2389],[-0.1201,44.2367],[-0.1407,44.2264],[-0.1664,44.2416],[-0.1786,44.2612],[-0.226,44.2648],[-0.2234,44.2059],[-0.2721,44.1938],[-0.3113,44.2033],[-0.3896,44.2095],[-0.3962,44.2377],[-0.3834,44.2863],[-0.4047,44.2874],[-0.4301,44.3048],[-0.4318,44.3226],[-0.4789,44.3249],[-0.5176,44.3391],[-0.5281,44.3647],[-0.6276,44.3981],[-0.6288,44.4432],[-0.676,44.4573],[-0.6819,44.4441],[-0.7307,44.4464],[-0.7724,44.4401],[-0.7788,44.4296],[-0.8433,44.4182],[-0.9192,44.4433],[-0.9696,44.4294],[-1.008,44.4363],[-0.9807,44.4829],[-0.9912,44.5118],[-1.0266,44.5071],[-1.0852,44.5322],[-1.1065,44.5028],[-1.2539,44.4676],[-1.2517,44.5149],[-1.2586,44.5471],[-1.2274,44.5758],[-1.1915,44.6607],[-1.1618,44.6634],[-1.1408,44.6472],[-1.0808,44.6406],[-1.066,44.6469],[-1.0168,44.6494],[-1.0248,44.6759],[-1.056,44.708],[-1.1658,44.7753],[-1.18,44.7581],[-1.1738,44.7454],[-1.2206,44.7094],[-1.2378,44.6805],[-1.2462,44.6419],[-1.2621,44.6322],[-1.2041,44.9898],[-1.1623,45.2979],[-1.1606,45.4107],[-1.1511,45.4416],[-1.157,45.4704],[-1.1364,45.511],[-1.1003,45.5416],[-1.0912,45.5624],[-1.0609,45.5597],[-1.04,45.5362],[-1.0394,45.5119],[-1.0053,45.4929],[-0.9741,45.4634],[-0.9339,45.4435],[-0.8381,45.378],[-0.8039,45.3484],[-0.7677,45.2897],[-0.7511,45.2481],[-0.7416,45.1895],[-0.6827,45.0787],[-0.6085,45.0154],[-0.5907,45.0419],[-0.6359,45.0743],[-0.6678,45.1267],[-0.6699,45.1693],[-0.7188,45.3274]]]]},"properties":{"registry":"ATENA","label":"Nouvelle-Aquitaine registry of congenital anomalies (ATENA)","country":"France","status":"in_progress","dep":"33","area":"Gironde","dep_name":"Gironde","website":"https://registre-atena.fr/","source":"Sant\u00e9 publique France, Surveillance \u00e9pid\u00e9miologique des anomalies cong\u00e9nitales en France, p\u00e9riode 2019-2021 (July 2026), Figure 1: territorial coverage of the 7 French registries, situation 2025; footnote: Auvergne = Allier, Cantal, Haute-Loire, Puy-de-D\u00f4me; Rh\u00f4ne-Alpes = Rh\u00f4ne and Loire."}},{"type":"Feature","geometry":{"type":"MultiPolygon","coordinates":[[[[-0.2428,43.585],[-0.2764,43.5848],[-0.3037,43.5603],[-0.336,43.5509],[-0.3536,43.5618],[-0.406,43.5682],[-0.452,43.5504],[-0.4634,43.5666],[-0.4335,43.5803],[-0.4499,43.5957],[-0.5572,43.5428],[-0.5671,43.5582],[-0.6008,43.5382],[-0.6708,43.5667],[-0.701,43.561],[-0.7181,43.5406],[-0.7683,43.5795],[-0.7818,43.5642],[-0.8427,43.5536],[-0.8556,43.5419],[-0.8967,43.5505],[-0.9509,43.5321],[-0.9758,43.5393],[-0.9899,43.5335],[-0.9934,43.5054],[-1.0265,43.5034],[-1.0736,43.5194],[-1.1092,43.5141],[-1.1196,43.5015],[-1.1626,43.4915],[-1.164,43.5084],[-1.1316,43.5107],[-1.1708,43.5456],[-1.1956,43.5461],[-1.2889,43.4987],[-1.3275,43.5049],[-1.3679,43.4949],[-1.4154,43.4972],[-1.4311,43.5146],[-1.4641,43.5198],[-1.4766,43.5393],[-1.5014,43.5269],[-1.5249,43.5297],[-1.46,43.6203],[-1.4424,43.6644],[-1.4365,43.7106],[-1.316,44.13],[-1.2539,44.4676],[-1.1065,44.5028],[-1.0852,44.5322],[-1.0266,44.5071],[-0.9912,44.5118],[-0.9807,44.4829],[-1.008,44.4363],[-0.9696,44.4294],[-0.9192,44.4433],[-0.8433,44.4182],[-0.7788,44.4296],[-0.7724,44.4401],[-0.7307,44.4464],[-0.6819,44.4441],[-0.676,44.4573],[-0.6288,44.4432],[-0.6276,44.3981],[-0.5281,44.3647],[-0.5176,44.3391],[-0.4789,44.3249],[-0.4318,44.3226],[-0.4301,44.3048],[-0.4047,44.2874],[-0.3834,44.2863],[-0.3962,44.2377],[-0.3896,44.2095],[-0.3113,44.2033],[-0.2721,44.1938],[-0.2234,44.2059],[-0.226,44.2648],[-0.1786,44.2612],[-0.1664,44.2416],[-0.1407,44.2264],[-0.1295,44.2039],[-0.1292,44.1524],[-0.0035,44.1499],[0.0346,44.1307],[0.1358,44.1242],[0.1367,44.1099],[0.1018,44.0878],[0.0627,44.0008],[0.076,43.9831],[0.0553,43.958],[0.071,43.9333],[0.0725,43.9138],[0.0557,43.8976],[0.0308,43.9006],[-0.0186,43.9314],[0.0042,43.9434],[0.0014,43.9599],[-0.0362,43.9837],[-0.0465,43.961],[-0.0724,43.9465],[-0.1247,43.9443],[-0.1663,43.9281],[-0.176,43.9363],[-0.2001,43.9148],[-0.2344,43.899],[-0.1946,43.8816],[-0.1986,43.8624],[-0.1925,43.8102],[-0.2271,43.8083],[-0.2061,43.7501],[-0.1941,43.737],[-0.2467,43.7107],[-0.2391,43.6939],[-0.2559,43.6798],[-0.2397,43.6712],[-0.2432,43.6545],[-0.2821,43.6431],[-0.2777,43.6162],[-0.2428,43.585]]]]},"properties":{"registry":"ATENA","label":"Nouvelle-Aquitaine registry of congenital anomalies (ATENA)","country":"France","status":"in_progress","dep":"40","area":"Landes","dep_name":"Landes","website":"https://registre-atena.fr/","source":"Sant\u00e9 publique France, Surveillance \u00e9pid\u00e9miologique des anomalies cong\u00e9nitales en France, p\u00e9riode 2019-2021 (July 2026), Figure 1: territorial coverage of the 7 French registries, situation 2025; footnote: Auvergne = Allier, Cantal, Haute-Loire, Puy-de-D\u00f4me; Rh\u00f4ne-Alpes = Rh\u00f4ne and Loire."}},{"type":"Feature","geometry":{"type":"MultiPolygon","coordinates":[[[[0.2973,44.7623],[0.3233,44.7476],[0.3462,44.7225],[0.3405,44.703],[0.3596,44.691],[0.3496,44.6601],[0.369,44.6612],[0.4175,44.6463],[0.4457,44.6527],[0.4705,44.6696],[0.4875,44.6667],[0.5157,44.6783],[0.5462,44.6647],[0.5704,44.6749],[0.5771,44.694],[0.6097,44.6954],[0.6301,44.705],[0.654,44.6967],[0.6609,44.6767],[0.7291,44.6761],[0.7798,44.6834],[0.7977,44.7018],[0.827,44.6919],[0.8261,44.676],[0.8434,44.6635],[0.8364,44.6386],[0.817,44.627],[0.8374,44.6161],[0.8387,44.6007],[0.87,44.5973],[0.8907,44.615],[0.9387,44.6397],[0.9908,44.6371],[1.0148,44.6141],[1.0733,44.5956],[1.0717,44.5678],[1.0297,44.552],[0.9824,44.5455],[1.0162,44.5059],[1.009,44.48],[1.023,44.4754],[1.0214,44.4445],[1.03,44.4336],[1.0575,44.4277],[1.0607,44.4036],[1.0514,44.3921],[1.0641,44.3785],[1.0498,44.3626],[0.9961,44.3686],[0.9806,44.3584],[0.9501,44.3598],[0.9199,44.3841],[0.8982,44.3814],[0.8873,44.3664],[0.8961,44.3462],[0.8696,44.3094],[0.8951,44.2968],[0.9164,44.3022],[0.924,44.2887],[0.9505,44.275],[0.9191,44.2383],[0.9292,44.2303],[0.9052,44.1973],[0.8597,44.1927],[0.8536,44.175],[0.8722,44.1679],[0.8885,44.1488],[0.8688,44.1263],[0.8205,44.1432],[0.7951,44.1456],[0.7962,44.1151],[0.7541,44.1049],[0.7384,44.0752],[0.7419,44.0652],[0.7078,44.058],[0.6877,44.0459],[0.6771,44.027],[0.6316,44.0495],[0.6279,44.0606],[0.6022,44.0737],[0.5765,44.0752],[0.5651,44.0592],[0.5384,44.053],[0.4858,44.0586],[0.4595,44.0552],[0.4424,44.0288],[0.3945,44.02],[0.3815,44.0064],[0.3576,44.0164],[0.2996,43.9928],[0.2352,44.0085],[0.2247,44.0192],[0.1896,44.0146],[0.1668,43.9968],[0.1635,43.9759],[0.1379,43.9769],[0.141,43.9947],[0.076,43.9831],[0.0627,44.0008],[0.1018,44.0878],[0.1367,44.1099],[0.1358,44.1242],[0.0346,44.1307],[-0.0035,44.1499],[-0.1292,44.1524],[-0.1295,44.2039],[-0.1407,44.2264],[-0.1201,44.2367],[-0.088,44.2389],[-0.0534,44.2658],[-0.033,44.2717],[-0.0348,44.2967],[-0.0858,44.3376],[-0.0788,44.3537],[-0.03,44.3605],[-0.0121,44.3713],[0.0147,44.3666],[0.0182,44.3899],[-0.0029,44.4055],[-0.012,44.4222],[0.0075,44.4471],[-0.0096,44.459],[-0.0155,44.5051],[0.0181,44.5298],[0.0369,44.5538],[0.0707,44.5493],[0.0862,44.5763],[0.155,44.6152],[0.1827,44.6611],[0.1622,44.6705],[0.1416,44.6655],[0.1344,44.6818],[0.1099,44.6842],[0.1022,44.6993],[0.1178,44.7128],[0.1334,44.7046],[0.153,44.7305],[0.1942,44.7431],[0.2015,44.7231],[0.2254,44.7619],[0.2973,44.7623]]]]},"properties":{"registry":"ATENA","label":"Nouvelle-Aquitaine registry of congenital anomalies (ATENA)","country":"France","status":"in_progress","dep":"47","area":"Lot-et-Garonne","dep_name":"Lot-et-Garonne","website":"https://registre-atena.fr/","source":"Sant\u00e9 publique France, Surveillance \u00e9pid\u00e9miologique des anomalies cong\u00e9nitales en France, p\u00e9riode 2019-2021 (July 2026), Figure 1: territorial coverage of the 7 French registries, situation 2025; footnote: Auvergne = Allier, Cantal, Haute-Loire, Puy-de-D\u00f4me; Rh\u00f4ne-Alpes = Rh\u00f4ne and Loire."}},{"type":"Feature","geometry":{"type":"MultiPolygon","coordinates":[[[[-0.2428,43.585],[-0.2106,43.5932],[-0.2047,43.5836],[-0.1729,43.5936],[-0.1604,43.5806],[-0.1216,43.5862],[-0.0968,43.5824],[-0.0889,43.5572],[-0.0644,43.5451],[-0.0401,43.5126],[-0.0493,43.4925],[-0.034,43.4749],[-0.0658,43.4635],[-0.0696,43.433],[-0.0427,43.4104],[-0.0337,43.4325],[-0.0165,43.4439],[0.0097,43.4222],[-0.0039,43.3935],[-0.0053,43.3738],[0.0295,43.3462],[0.0103,43.3253],[-0.0249,43.3295],[-0.0461,43.3009],[-0.0444,43.2853],[-0.017,43.2705],[-0.0459,43.2321],[-0.0725,43.2244],[-0.0679,43.1771],[-0.1177,43.1803],[-0.1461,43.1282],[-0.1709,43.1134],[-0.191,43.1112],[-0.1878,43.0833],[-0.1991,43.0644],[-0.2004,43.0427],[-0.2244,43.0338],[-0.2599,43.0383],[-0.2648,43.01],[-0.2872,43.0059],[-0.2923,42.9911],[-0.2816,42.9336],[-0.3272,42.9165],[-0.3071,42.87],[-0.3134,42.8494],[-0.3215,42.8372],[-0.3475,42.8359],[-0.368,42.8138],[-0.3926,42.7996],[-0.4092,42.8078],[-0.4443,42.7964],[-0.5096,42.8254],[-0.5248,42.8117],[-0.5229,42.7991],[-0.5438,42.7932],[-0.5512,42.7775],[-0.5706,42.7829],[-0.5689,42.8068],[-0.5927,42.8032],[-0.6036,42.8326],[-0.6489,42.8552],[-0.6787,42.8844],[-0.699,42.8797],[-0.7253,42.8913],[-0.735,42.9122],[-0.7251,42.923],[-0.7516,42.9669],[-0.7878,42.9642],[-0.81,42.9514],[-0.865,42.9508],[-0.8997,42.9619],[-0.9465,42.9541],[-1.0005,42.978],[-1.0064,42.989],[-1.0831,43.0017],[-1.113,43.0224],[-1.1334,43.0104],[-1.1669,43.0356],[-1.1807,43.0325],[-1.2287,43.0552],[-1.2472,43.0424],[-1.2643,43.0446],[-1.2835,43.0613],[-1.3085,43.0687],[-1.2802,43.1182],[-1.322,43.1123],[-1.3462,43.0911],[-1.3409,43.0802],[-1.3547,43.0285],[-1.4412,43.0463],[-1.4717,43.0811],[-1.4709,43.0917],[-1.4155,43.1275],[-1.416,43.1497],[-1.4034,43.1598],[-1.402,43.1779],[-1.3845,43.1913],[-1.3827,43.253],[-1.4132,43.2734],[-1.4389,43.2665],[-1.4954,43.2827],[-1.5053,43.2928],[-1.5647,43.2879],[-1.5581,43.2769],[-1.5777,43.2506],[-1.6087,43.2519],[-1.6304,43.2844],[-1.6226,43.3006],[-1.6671,43.3145],[-1.6941,43.3123],[-1.7297,43.2957],[-1.7577,43.344],[-1.7871,43.3514],[-1.789,43.3741],[-1.762,43.3759],[-1.6391,43.4084],[-1.6015,43.4333],[-1.5249,43.5297],[-1.5014,43.5269],[-1.4766,43.5393],[-1.4641,43.5198],[-1.4311,43.5146],[-1.4154,43.4972],[-1.3679,43.4949],[-1.3275,43.5049],[-1.2889,43.4987],[-1.1956,43.5461],[-1.1708,43.5456],[-1.1316,43.5107],[-1.164,43.5084],[-1.1626,43.4915],[-1.1196,43.5015],[-1.1092,43.5141],[-1.0736,43.5194],[-1.0265,43.5034],[-0.9934,43.5054],[-0.9899,43.5335],[-0.9758,43.5393],[-0.9509,43.5321],[-0.8967,43.5505],[-0.8556,43.5419],[-0.8427,43.5536],[-0.7818,43.5642],[-0.7683,43.5795],[-0.7181,43.5406],[-0.701,43.561],[-0.6708,43.5667],[-0.6008,43.5382],[-0.5671,43.5582],[-0.5572,43.5428],[-0.4499,43.5957],[-0.4335,43.5803],[-0.4634,43.5666],[-0.452,43.5504],[-0.406,43.5682],[-0.3536,43.5618],[-0.336,43.5509],[-0.3037,43.5603],[-0.2428,43.585]],[[-0.1033,43.3586],[-0.0901,43.3589],[-0.0873,43.3338],[-0.1155,43.3324],[-0.1103,43.313],[-0.075,43.3071],[-0.0625,43.3467],[-0.0832,43.3714],[-0.1033,43.3586]],[[-0.1031,43.2428],[-0.0798,43.2624],[-0.0962,43.2855],[-0.092,43.3005],[-0.1119,43.3104],[-0.1374,43.2857],[-0.1406,43.2719],[-0.1031,43.2428]]]]},"properties":{"registry":"ATENA","label":"Nouvelle-Aquitaine registry of congenital anomalies (ATENA)","country":"France","status":"in_progress","dep":"64","area":"Pyr\u00e9n\u00e9es-Atlantiques","dep_name":"Pyr\u00e9n\u00e9es-Atlantiques","website":"https://registre-atena.fr/","source":"Sant\u00e9 publique France, Surveillance \u00e9pid\u00e9miologique des anomalies cong\u00e9nitales en France, p\u00e9riode 2019-2021 (July 2026), Figure 1: territorial coverage of the 7 French registries, situation 2025; footnote: Auvergne = Allier, Cantal, Haute-Loire, Puy-de-D\u00f4me; Rh\u00f4ne-Alpes = Rh\u00f4ne and Loire."}},{"type":"Feature","geometry":{"type":"MultiPolygon","coordinates":[[[[-0.892,46.9758],[-0.8559,46.9791],[-0.7876,47.0051],[-0.762,46.9921],[-0.7434,47.0007],[-0.7156,46.9855],[-0.6758,47.0017],[-0.6157,46.9929],[-0.5655,47.0194],[-0.5556,47.0435],[-0.5595,47.0619],[-0.4953,47.0824],[-0.4627,47.0819],[-0.4643,47.0676],[-0.4008,47.0708],[-0.3835,47.0877],[-0.3579,47.0937],[-0.3415,47.0873],[-0.2879,47.1014],[-0.2415,47.1057],[-0.2025,47.0958],[-0.1848,47.1083],[-0.1521,47.1009],[-0.1785,47.0698],[-0.1477,47.0699],[-0.1284,47.0544],[-0.1021,47.0648],[-0.0811,47.0127],[-0.0668,46.9939],[-0.0382,46.9894],[-0.0442,46.9584],[-0.0222,46.9385],[-0.009,46.9075],[-0.0273,46.8799],[0.0256,46.8529],[0.0166,46.835],[-0.0078,46.8475],[-0.0457,46.8321],[-0.0203,46.8127],[-0.0223,46.7896],[-0.015,46.7564],[0.0057,46.7545],[0.0383,46.7316],[0.0007,46.7162],[-0.0069,46.6829],[-0.0404,46.6637],[-0.0334,46.6536],[-0.0653,46.6325],[-0.0265,46.6289],[0.0031,46.6108],[0.0229,46.6145],[0.0201,46.5851],[-0.008,46.5675],[0.0079,46.548],[-0.0072,46.5233],[-0.0314,46.525],[-0.0423,46.47],[-0.0171,46.4753],[-0.0105,46.4488],[-0.0171,46.4113],[0.0003,46.392],[0.0207,46.388],[0.0342,46.3735],[0.0138,46.3571],[0.0297,46.3492],[0.0325,46.3278],[0.0782,46.3049],[0.0978,46.3308],[0.1376,46.3494],[0.1752,46.3318],[0.1696,46.3102],[0.1522,46.3031],[0.1723,46.2786],[0.1596,46.2666],[0.1288,46.2672],[0.1434,46.2301],[0.1134,46.2122],[0.1077,46.1861],[0.1379,46.1808],[0.1551,46.1572],[0.1871,46.1485],[0.2204,46.158],[0.2149,46.1388],[0.1911,46.1123],[0.1974,46.0956],[0.1779,46.0833],[0.1357,46.104],[0.0997,46.0929],[0.073,46.0939],[0.0193,46.0528],[-0.032,46.0559],[-0.0214,46.0289],[-0.0455,46.0206],[-0.0414,45.9935],[-0.1029,45.9697],[-0.1369,45.979],[-0.1382,45.9965],[-0.1634,46.0102],[-0.1614,46.0346],[-0.1891,46.0261],[-0.1946,46.0444],[-0.273,46.0573],[-0.2817,46.0798],[-0.3311,46.0826],[-0.3627,46.0755],[-0.372,46.0935],[-0.4015,46.0842],[-0.491,46.1083],[-0.547,46.1442],[-0.62,46.1378],[-0.6284,46.161],[-0.6554,46.17],[-0.6849,46.2005],[-0.6907,46.2192],[-0.7515,46.2451],[-0.7359,46.2669],[-0.7498,46.2868],[-0.7505,46.3043],[-0.7219,46.3024],[-0.7202,46.3149],[-0.6973,46.3251],[-0.6723,46.3162],[-0.6483,46.3171],[-0.6366,46.3376],[-0.6049,46.3472],[-0.6032,46.3615],[-0.5618,46.3597],[-0.5378,46.3865],[-0.6102,46.4137],[-0.6209,46.3905],[-0.6406,46.4162],[-0.6368,46.4323],[-0.6188,46.4389],[-0.616,46.4616],[-0.625,46.4975],[-0.6452,46.5086],[-0.6245,46.5297],[-0.6021,46.5333],[-0.6067,46.5623],[-0.6246,46.5774],[-0.6119,46.5883],[-0.627,46.6057],[-0.6141,46.6204],[-0.6342,46.6374],[-0.6375,46.6623],[-0.6807,46.6868],[-0.6562,46.7008],[-0.6689,46.7172],[-0.7001,46.7358],[-0.7273,46.7676],[-0.7088,46.8211],[-0.7329,46.8215],[-0.7816,46.8428],[-0.8153,46.8794],[-0.8322,46.8845],[-0.817,46.904],[-0.8291,46.9334],[-0.8519,46.9465],[-0.892,46.9758]]]]},"properties":{"registry":"ATENA","label":"Nouvelle-Aquitaine registry of congenital anomalies (ATENA)","country":"France","status":"in_progress","dep":"79","area":"Deux-S\u00e8vres","dep_name":"Deux-S\u00e8vres","website":"https://registre-atena.fr/","source":"Sant\u00e9 publique France, Surveillance \u00e9pid\u00e9miologique des anomalies cong\u00e9nitales en France, p\u00e9riode 2019-2021 (July 2026), Figure 1: territorial coverage of the 7 French registries, situation 2025; footnote: Auvergne = Allier, Cantal, Haute-Loire, Puy-de-D\u00f4me; Rh\u00f4ne-Alpes = Rh\u00f4ne and Loire."}},{"type":"Feature","geometry":{"type":"MultiPolygon","coordinates":[[[[-0.1021,47.0648],[-0.0981,47.0914],[-0.0859,47.101],[-0.0442,47.0932],[-0.036,47.1251],[-0.0107,47.1575],[0.019,47.1758],[0.0366,47.1604],[0.0538,47.1637],[0.0764,47.1239],[0.1361,47.1216],[0.1347,47.1079],[0.1569,47.1033],[0.1815,47.1144],[0.201,47.0913],[0.1742,47.0713],[0.208,47.0532],[0.2455,47.0713],[0.2719,47.0464],[0.2982,47.0539],[0.3093,47.0441],[0.2987,47.0196],[0.3082,46.9999],[0.3007,46.9738],[0.3112,46.9378],[0.3248,46.9307],[0.3665,46.9496],[0.4387,46.9296],[0.4448,46.9411],[0.5027,46.9579],[0.6016,46.9591],[0.6012,46.9731],[0.5783,46.9798],[0.5669,47.0023],[0.6189,47.0075],[0.6362,46.9855],[0.6926,46.9743],[0.7063,46.9372],[0.7043,46.9033],[0.7521,46.8609],[0.8093,46.8279],[0.8119,46.7945],[0.8675,46.7482],[0.901,46.7361],[0.928,46.6954],[0.9084,46.6827],[0.9065,46.6477],[0.8943,46.6257],[0.9159,46.5966],[0.9872,46.5656],[1.0148,46.5678],[1.0206,46.5371],[1.0876,46.5382],[1.1083,46.5315],[1.1491,46.5022],[1.135,46.4953],[1.153,46.473],[1.1516,46.4492],[1.211,46.4294],[1.1773,46.384],[1.1575,46.3887],[1.1309,46.3644],[1.1237,46.3491],[1.0969,46.3621],[1.0502,46.3628],[1.027,46.343],[1.0218,46.3107],[0.9884,46.2804],[0.9684,46.286],[0.9327,46.282],[0.9005,46.2868],[0.8853,46.2661],[0.8614,46.2616],[0.8455,46.2421],[0.848,46.2288],[0.8101,46.2279],[0.7957,46.2111],[0.8158,46.1967],[0.8335,46.1666],[0.8234,46.1286],[0.8095,46.1382],[0.7802,46.1321],[0.7469,46.1386],[0.7106,46.1309],[0.6841,46.1193],[0.6875,46.0973],[0.6086,46.0897],[0.606,46.0771],[0.575,46.079],[0.5646,46.0896],[0.5382,46.0953],[0.4925,46.136],[0.4433,46.1016],[0.4445,46.0912],[0.476,46.0827],[0.4691,46.0615],[0.4451,46.0508],[0.4133,46.0491],[0.3911,46.0663],[0.2798,46.061],[0.2197,46.0943],[0.1974,46.0956],[0.1911,46.1123],[0.2149,46.1388],[0.2204,46.158],[0.1871,46.1485],[0.1551,46.1572],[0.1379,46.1808],[0.1077,46.1861],[0.1134,46.2122],[0.1434,46.2301],[0.1288,46.2672],[0.1596,46.2666],[0.1723,46.2786],[0.1522,46.3031],[0.1696,46.3102],[0.1752,46.3318],[0.1376,46.3494],[0.0978,46.3308],[0.0782,46.3049],[0.0325,46.3278],[0.0297,46.3492],[0.0138,46.3571],[0.0342,46.3735],[0.0207,46.388],[0.0003,46.392],[-0.0171,46.4113],[-0.0105,46.4488],[-0.0171,46.4753],[-0.0423,46.47],[-0.0314,46.525],[-0.0072,46.5233],[0.0079,46.548],[-0.008,46.5675],[0.0201,46.5851],[0.0229,46.6145],[0.0031,46.6108],[-0.0265,46.6289],[-0.0653,46.6325],[-0.0334,46.6536],[-0.0404,46.6637],[-0.0069,46.6829],[0.0007,46.7162],[0.0383,46.7316],[0.0057,46.7545],[-0.015,46.7564],[-0.0223,46.7896],[-0.0203,46.8127],[-0.0457,46.8321],[-0.0078,46.8475],[0.0166,46.835],[0.0256,46.8529],[-0.0273,46.8799],[-0.009,46.9075],[-0.0222,46.9385],[-0.0442,46.9584],[-0.0382,46.9894],[-0.0668,46.9939],[-0.1021,47.0648]]]]},"properties":{"registry":"ATENA","label":"Nouvelle-Aquitaine registry of congenital anomalies (ATENA)","country":"France","status":"in_progress","dep":"86","area":"Vienne","dep_name":"Vienne","website":"https://registre-atena.fr/","source":"Sant\u00e9 publique France, Surveillance \u00e9pid\u00e9miologique des anomalies cong\u00e9nitales en France, p\u00e9riode 2019-2021 (July 2026), Figure 1: territorial coverage of the 7 French registries, situation 2025; footnote: Auvergne = Allier, Cantal, Haute-Loire, Puy-de-D\u00f4me; Rh\u00f4ne-Alpes = Rh\u00f4ne and Loire."}},{"type":"Feature","geometry":{"type":"MultiPolygon","coordinates":[[[[0.8234,46.1286],[0.8335,46.1666],[0.8158,46.1967],[0.7957,46.2111],[0.8101,46.2279],[0.848,46.2288],[0.8455,46.2421],[0.8614,46.2616],[0.8853,46.2661],[0.9005,46.2868],[0.9327,46.282],[0.9684,46.286],[0.9884,46.2804],[1.0218,46.3107],[1.027,46.343],[1.0502,46.3628],[1.0969,46.3621],[1.1237,46.3491],[1.1309,46.3644],[1.1575,46.3887],[1.1773,46.384],[1.2048,46.3877],[1.2192,46.3659],[1.2604,46.3788],[1.3031,46.371],[1.3223,46.3897],[1.356,46.4001],[1.3835,46.3748],[1.409,46.3613],[1.4438,46.3059],[1.4266,46.2989],[1.4037,46.2599],[1.4169,46.2409],[1.3941,46.2383],[1.3749,46.2155],[1.4153,46.1772],[1.4552,46.181],[1.4679,46.1518],[1.5052,46.1275],[1.492,46.1147],[1.5049,46.0882],[1.543,46.0766],[1.5318,46.0582],[1.5492,46.0354],[1.5364,46.0263],[1.5385,45.9974],[1.5648,45.9971],[1.5765,45.981],[1.5661,45.9633],[1.5325,45.9528],[1.53,45.9318],[1.5473,45.9168],[1.5783,45.9173],[1.5792,45.9304],[1.6151,45.932],[1.6397,45.8995],[1.636,45.8884],[1.6023,45.891],[1.6024,45.8575],[1.6766,45.8351],[1.6904,45.8436],[1.7149,45.8401],[1.7558,45.8557],[1.8284,45.8098],[1.8464,45.8099],[1.8809,45.7977],[1.8941,45.7593],[1.8751,45.7328],[1.881,45.7129],[1.8987,45.6983],[1.9043,45.6777],[1.88,45.6782],[1.8751,45.6649],[1.8264,45.6651],[1.7858,45.6827],[1.7764,45.6585],[1.7481,45.6457],[1.7048,45.6374],[1.6602,45.608],[1.6582,45.5953],[1.6249,45.5779],[1.5938,45.5771],[1.5849,45.5561],[1.5572,45.5494],[1.5221,45.5641],[1.5063,45.551],[1.4807,45.5659],[1.4551,45.5533],[1.4503,45.5304],[1.4121,45.5281],[1.3896,45.4962],[1.3716,45.4921],[1.3511,45.47],[1.3104,45.483],[1.2703,45.4777],[1.2645,45.4541],[1.2532,45.4442],[1.2095,45.4631],[1.1866,45.4553],[1.1642,45.4755],[1.1358,45.4709],[1.1198,45.4878],[1.1359,45.5064],[1.1673,45.5248],[1.1377,45.5398],[1.1103,45.5449],[1.0804,45.534],[1.0746,45.5458],[1.0475,45.5579],[1.0354,45.5733],[1.0358,45.6002],[1.0232,45.61],[0.9864,45.6045],[0.947,45.6136],[0.8982,45.5998],[0.8748,45.6214],[0.8593,45.6126],[0.8426,45.5823],[0.8115,45.5759],[0.8036,45.5962],[0.7804,45.5912],[0.7515,45.6183],[0.763,45.6283],[0.7758,45.6676],[0.7637,45.6683],[0.7422,45.6906],[0.7165,45.6949],[0.7021,45.6871],[0.6542,45.6887],[0.6297,45.7146],[0.6454,45.7175],[0.6525,45.7405],[0.6884,45.7604],[0.7149,45.7631],[0.7079,45.7955],[0.7164,45.8056],[0.7471,45.8031],[0.7721,45.7876],[0.7822,45.8211],[0.798,45.8327],[0.8274,45.8827],[0.8133,45.8987],[0.8222,45.9321],[0.8595,45.918],[0.8847,45.9237],[0.9227,45.953],[0.9426,45.9574],[0.9256,46.0105],[0.894,46.0231],[0.867,46.0184],[0.8511,46.0346],[0.8179,46.0479],[0.8269,46.0639],[0.8189,46.0774],[0.8337,46.1064],[0.8234,46.1286]]]]},"properties":{"registry":"ATENA","label":"Nouvelle-Aquitaine registry of congenital anomalies (ATENA)","country":"France","status":"in_progress","dep":"87","area":"Haute-Vienne","dep_name":"Haute-Vienne","website":"https://registre-atena.fr/","source":"Sant\u00e9 publique France, Surveillance \u00e9pid\u00e9miologique des anomalies cong\u00e9nitales en France, p\u00e9riode 2019-2021 (July 2026), Figure 1: territorial coverage of the 7 French registries, situation 2025; footnote: Auvergne = Allier, Cantal, Haute-Loire, Puy-de-D\u00f4me; Rh\u00f4ne-Alpes = Rh\u00f4ne and Loire."}},{"type":"Feature","geometry":{"type":"MultiPolygon","coordinates":[[[[4.7642,51.4962],[4.8136,51.4841],[4.8239,51.4756],[4.8261,51.4606],[4.8154,51.4311],[4.8227,51.4137],[4.7791,51.4264],[4.7678,51.4254],[4.7621,51.4134],[4.7833,51.4076],[4.8533,51.4061],[4.9103,51.3919],[4.9319,51.3956],[4.9571,51.411],[4.9958,51.4467],[5.0121,51.4743],[5.0275,51.4768],[5.0603,51.462],[5.0799,51.4385],[5.0653,51.4059],[5.0617,51.3843],[5.0681,51.3745],[5.1026,51.3507],[5.1229,51.3134],[5.1402,51.3074],[5.1973,51.3083],[5.2149,51.2943],[5.2154,51.2587],[5.2395,51.2569],[5.2274,51.2507],[5.2165,51.2125],[5.2572,51.1885],[5.2604,51.1481],[5.2354,51.134],[5.203,51.14],[5.1804,51.1192],[5.1303,51.1176],[5.0899,51.0852],[5.0098,51.0751],[5.0097,51.0614],[4.9809,51.036],[4.9671,51.0465],[4.9483,51.0457],[4.9097,51.0359],[4.8828,51.0209],[4.8706,51.0247],[4.8185,51.0111],[4.8057,51.0165],[4.7887,51.0401],[4.756,51.0244],[4.7339,51.0274],[4.6949,50.9998],[4.7063,51.0156],[4.6794,51.0248],[4.6065,51.0125],[4.5934,50.9921],[4.5462,51.0041],[4.528,50.9934],[4.4943,51.0097],[4.4761,50.9924],[4.4538,51.0068],[4.3931,50.9975],[4.3882,51.0123],[4.3695,51.0159],[4.3791,51.0311],[4.3479,51.0179],[4.3414,51.0199],[4.3482,51.027],[4.2989,51.041],[4.2403,51.0381],[4.2319,51.0443],[4.2123,51.0341],[4.1891,51.0439],[4.1964,51.0545],[4.1846,51.0867],[4.1854,51.1043],[4.2158,51.1215],[4.316,51.1322],[4.3286,51.1478],[4.3306,51.1768],[4.3253,51.1894],[4.3011,51.2114],[4.3098,51.2149],[4.2886,51.2579],[4.295,51.2679],[4.3164,51.2768],[4.3308,51.2961],[4.2893,51.3091],[4.2831,51.3501],[4.2611,51.3694],[4.2901,51.3688],[4.3456,51.3523],[4.3922,51.3504],[4.4112,51.3567],[4.4162,51.374],[4.3799,51.4095],[4.3892,51.4346],[4.3771,51.4429],[4.4294,51.462],[4.5126,51.4774],[4.5252,51.4759],[4.5332,51.4676],[4.5215,51.4286],[4.5406,51.4201],[4.6301,51.4182],[4.6539,51.4262],[4.7642,51.4962]]]]},"properties":{"registry":"Antwerp","label":"Antwerp registry of congenital anomalies (EUROCAT)","country":"Belgium","status":"covered","area":"Province of Antwerp","website":"https://www.orpha.net/en/research-trials/registry/179973","source":"Orphanet registry records (Research and trials, Patient registries), read 11 September 2026, and each registry's stated scope; administrative boundaries from Natural Earth 10m admin-0 and admin-1 (public domain)."}},{"type":"Feature","geometry":{"type":"MultiPolygon","coordinates":[[[[2.8869,50.6966],[2.8667,50.7001],[2.8422,50.7508],[2.8754,50.7625],[2.8896,50.7541],[2.9181,50.7577],[2.9224,50.767],[2.9602,50.7768],[2.9406,50.7967],[2.9988,50.8116],[3.0144,50.8051],[3.0238,50.7683],[2.9484,50.7487],[2.8869,50.6966]]],[[[3.3611,50.4898],[3.2999,50.5075],[3.271,50.5269],[3.2643,50.5702],[3.2298,50.6554],[3.2438,50.6721],[3.2324,50.6959],[3.2244,50.7052],[3.189,50.7151],[3.1628,50.7499],[3.2197,50.7673],[3.2608,50.7523],[3.3033,50.7564],[3.3246,50.7372],[3.3231,50.7235],[3.3635,50.7097],[3.4128,50.7474],[3.4576,50.7685],[3.4941,50.7589],[3.534,50.7664],[3.5405,50.7349],[3.6066,50.7342],[3.6347,50.7219],[3.6753,50.7719],[3.704,50.7821],[3.7145,50.7686],[3.7578,50.7803],[3.7746,50.749],[3.8147,50.7519],[3.828,50.7435],[3.8844,50.7514],[3.895,50.7342],[3.888,50.7176],[3.8928,50.7064],[3.9069,50.6947],[3.9282,50.6898],[3.9888,50.6887],[4.009,50.699],[4.028,50.695],[4.0515,50.7028],[4.0585,50.696],[4.0727,50.7129],[4.1124,50.7069],[4.0942,50.7035],[4.0902,50.6906],[4.0914,50.6537],[4.1011,50.636],[4.1418,50.6336],[4.1733,50.6611],[4.1843,50.6639],[4.2037,50.6477],[4.1986,50.6268],[4.252,50.6182],[4.2465,50.5973],[4.2789,50.593],[4.3041,50.5681],[4.3336,50.57],[4.3308,50.5446],[4.3558,50.5624],[4.4125,50.5663],[4.423,50.5593],[4.4681,50.5596],[4.4729,50.5544],[4.4701,50.5297],[4.5031,50.5407],[4.5019,50.5314],[4.5166,50.5272],[4.5768,50.5434],[4.5589,50.4941],[4.5948,50.4999],[4.587,50.4906],[4.5993,50.4798],[4.586,50.4565],[4.5725,50.4549],[4.5821,50.4479],[4.5727,50.4418],[4.616,50.4252],[4.6011,50.4043],[4.5851,50.4012],[4.6058,50.3857],[4.5816,50.36],[4.5879,50.3225],[4.5203,50.3154],[4.502,50.3304],[4.4742,50.3288],[4.4538,50.3062],[4.3983,50.3112],[4.3902,50.2925],[4.3722,50.2931],[4.3592,50.2781],[4.3257,50.2766],[4.286,50.258],[4.3025,50.2436],[4.3389,50.2298],[4.3651,50.2437],[4.4005,50.2337],[4.3884,50.2017],[4.3966,50.1874],[4.3601,50.1693],[4.3984,50.1264],[4.3853,50.1093],[4.3862,50.0693],[4.3906,50.053],[4.4067,50.0493],[4.4147,49.9973],[4.444,49.959],[4.4277,49.9336],[4.2776,49.9602],[4.2011,49.953],[4.1317,49.975],[4.1396,49.9745],[4.1329,50.0045],[4.1282,50.0058],[4.1373,50.0251],[4.21,50.0602],[4.1806,50.1272],[4.1706,50.1305],[4.1399,50.1236],[4.1258,50.1282],[4.1282,50.1462],[4.1573,50.2127],[4.2013,50.2415],[4.2037,50.252],[4.1852,50.2655],[4.1628,50.273],[4.1503,50.2695],[4.151,50.2563],[4.1437,50.2516],[4.1253,50.2571],[4.0979,50.2948],[4.0033,50.3441],[3.8959,50.3253],[3.8402,50.3452],[3.755,50.3463],[3.7334,50.3372],[3.6969,50.2982],[3.6617,50.3193],[3.6444,50.4455],[3.6281,50.4644],[3.5864,50.4835],[3.4991,50.4868],[3.4867,50.4927],[3.498,50.5119],[3.4771,50.5199],[3.3611,50.4898]]]]},"properties":{"registry":"Hainaut-Namur","label":"Hainaut and Namur registry of congenital anomalies (EUROCAT)","country":"Belgium","status":"covered","area":"Provinces of Hainaut and Namur","website":"https://www.orpha.net/en/research-trials/registry/179975","source":"Orphanet registry records (Research and trials, Patient registries), read 11 September 2026, and each registry's stated scope; administrative boundaries from Natural Earth 10m admin-0 and admin-1 (public domain)."}},{"type":"Feature","geometry":{"type":"MultiPolygon","coordinates":[[[[4.8314,50.1434],[4.8201,50.1464],[4.8156,50.1613],[4.7886,50.1534],[4.6819,50.0839],[4.6734,50.0662],[4.6806,50.0483],[4.6729,50.0164],[4.6567,49.9891],[4.6042,49.9802],[4.4648,49.9356],[4.4277,49.9336],[4.444,49.959],[4.4147,49.9973],[4.4067,50.0493],[4.3906,50.053],[4.3862,50.0693],[4.3853,50.1093],[4.3984,50.1264],[4.3601,50.1693],[4.3966,50.1874],[4.3884,50.2017],[4.4005,50.2337],[4.3651,50.2437],[4.3389,50.2298],[4.3025,50.2436],[4.286,50.258],[4.3257,50.2766],[4.3592,50.2781],[4.3722,50.2931],[4.3902,50.2925],[4.3983,50.3112],[4.4538,50.3062],[4.4742,50.3288],[4.502,50.3304],[4.5203,50.3154],[4.5879,50.3225],[4.5816,50.36],[4.6058,50.3857],[4.5851,50.4012],[4.6011,50.4043],[4.616,50.4252],[4.5727,50.4418],[4.5821,50.4479],[4.5725,50.4549],[4.586,50.4565],[4.5993,50.4798],[4.587,50.4906],[4.5948,50.4999],[4.5589,50.4941],[4.5768,50.5434],[4.5732,50.5604],[4.6078,50.5705],[4.6442,50.5622],[4.6666,50.5654],[4.655,50.5966],[4.6661,50.6085],[4.7037,50.5961],[4.7083,50.6071],[4.7341,50.6117],[4.7405,50.5916],[4.7807,50.6016],[4.7919,50.591],[4.7881,50.6026],[4.7932,50.6057],[4.9004,50.6237],[4.9014,50.6298],[4.9279,50.6284],[4.9508,50.648],[4.9826,50.6434],[4.9791,50.6193],[5.0277,50.5899],[5.0534,50.5419],[5.0346,50.5329],[5.0904,50.5309],[5.1054,50.5074],[5.1428,50.5129],[5.1293,50.5046],[5.1363,50.4888],[5.156,50.4906],[5.151,50.4819],[5.1621,50.4699],[5.1959,50.4786],[5.2176,50.4647],[5.2361,50.4381],[5.2205,50.4184],[5.2328,50.4056],[5.2824,50.3969],[5.2813,50.3785],[5.2951,50.3662],[5.3499,50.3897],[5.3924,50.3805],[5.4012,50.3676],[5.3802,50.3496],[5.3944,50.3378],[5.3401,50.3118],[5.3478,50.3066],[5.3602,50.3181],[5.3834,50.3192],[5.3937,50.3032],[5.3927,50.2881],[5.3652,50.2697],[5.2945,50.2404],[5.284,50.2492],[5.273,50.2485],[5.2507,50.2388],[5.2533,50.2271],[5.2245,50.2283],[5.2059,50.2199],[5.2444,50.2062],[5.2335,50.1963],[5.2456,50.1962],[5.2441,50.186],[5.2796,50.1595],[5.2703,50.1414],[5.2418,50.1355],[5.2673,50.1203],[5.2622,50.1096],[5.2354,50.1113],[5.187,50.0962],[5.0933,50.092],[5.0721,50.0968],[5.0662,50.1248],[5.0515,50.0863],[5.0602,50.0806],[5.0496,50.0637],[5.017,50.0418],[5.0073,50.0397],[4.9982,50.0458],[4.9911,50.0303],[4.9722,50.0306],[4.9965,50.0153],[5.0094,49.9827],[5.0626,49.9848],[5.0718,49.9713],[5.101,49.9616],[5.0972,49.9393],[5.1189,49.9253],[5.0687,49.9124],[5.0432,49.8969],[5.0599,49.8861],[4.9849,49.8513],[4.9807,49.8425],[4.9892,49.8234],[4.9763,49.8209],[4.9684,49.797],[4.8842,49.7841],[4.858,49.7866],[4.849,49.7942],[4.8492,49.8316],[4.8349,49.853],[4.8594,49.8917],[4.8602,49.9133],[4.8446,49.9317],[4.7973,49.9443],[4.7839,49.9583],[4.8267,50.036],[4.8272,50.0641],[4.846,50.0907],[4.8629,50.0841],[4.8719,50.1398],[4.8314,50.1434]]]]},"properties":{"registry":"Hainaut-Namur","label":"Hainaut and Namur registry of congenital anomalies (EUROCAT)","country":"Belgium","status":"covered","area":"Provinces of Hainaut and Namur","website":"https://www.orpha.net/en/research-trials/registry/179975","source":"Orphanet registry records (Research and trials, Patient registries), read 11 September 2026, and each registry's stated scope; administrative boundaries from Natural Earth 10m admin-0 and admin-1 (public domain)."}},{"type":"Feature","geometry":{"type":"MultiPolygon","coordinates":[[[[28.9541,69.0273],[28.4102,68.8985],[28.8015,68.8355],[28.4479,68.5297],[28.6638,68.204],[29.3309,68.0727],[29.6512,67.8236],[30.0094,67.6858],[29.9162,67.5081],[29.5198,67.2982],[29.0515,66.9078],[29.9002,66.1081],[30.1117,65.712],[30.0985,65.6564],[29.7029,65.6294],[29.8386,65.5649],[29.7263,65.4915],[29.7201,65.3291],[29.5801,65.2354],[29.8332,65.205],[29.8502,65.1215],[29.5984,65.0344],[29.6336,64.9072],[29.7803,64.7956],[30.1189,64.7679],[30.1808,64.6428],[29.9548,64.569],[30.0704,64.4719],[30.0325,64.3969],[30.5585,64.2197],[30.5523,64.0217],[30.2015,63.7926],[29.9808,63.7415],[30.4611,63.4729],[31.204,63.2127],[31.5695,62.9059],[31.2438,62.5033],[29.2032,61.2459],[27.7395,60.5742],[27.7054,60.4854],[27.4568,60.4637],[27.2324,60.5121],[27.3081,60.5258],[27.2146,60.5849],[26.9624,60.4472],[26.5534,60.433],[26.4749,60.4873],[26.3421,60.3756],[25.9172,60.4854],[26.1082,60.3359],[26.0401,60.2998],[25.8421,60.4022],[25.9302,60.2452],[25.7538,60.3207],[25.8489,60.2657],[25.7355,60.2473],[25.6686,60.3647],[25.5261,60.3271],[25.5028,60.2462],[25.3138,60.2725],[25.0293,60.1479],[24.9988,60.2128],[24.9509,60.1435],[24.8068,60.1906],[24.6703,60.1012],[24.554,60.156],[24.5945,60.0602],[24.4456,59.9923],[24.4461,60.0475],[24.3127,59.9975],[24.3197,60.0758],[23.4295,59.9566],[23.5462,60.0739],[23.2372,59.898],[23.2513,59.8411],[22.9051,59.8112],[23.3264,60.0093],[23.1107,59.9233],[23.2576,60.0397],[23.0355,60.0446],[23.0254,60.1353],[22.8747,60.1496],[23.0806,60.355],[22.5251,60.2043],[22.6481,60.2787],[22.4592,60.265],[22.6243,60.3991],[22.2915,60.3826],[21.9032,60.5289],[21.7853,60.478],[21.8405,60.6287],[21.6121,60.4888],[21.5178,60.5673],[21.5786,60.5673],[21.4085,60.5804],[21.47,60.6083],[21.3533,60.6902],[21.47,60.7311],[21.3289,60.8275],[21.4284,60.9025],[21.2987,61.0601],[21.4823,61.0601],[21.4426,61.17],[21.5581,61.2042],[21.4761,61.2458],[21.5444,61.2799],[21.5243,61.3753],[21.4489,61.4028],[21.5724,61.4164],[21.4221,61.4853],[21.5921,61.4853],[21.4823,61.5679],[21.7163,61.5269],[21.5376,61.6498],[21.5178,61.7112],[21.5859,61.6977],[21.47,61.7597],[21.4141,61.9069],[21.2366,61.985],[21.3743,62.2668],[21.3123,62.232],[21.339,62.3555],[21.2707,62.4108],[21.2161,62.335],[21.2024,62.4176],[21.1336,62.404],[21.1267,62.5541],[21.1935,62.6009],[21.0652,62.5958],[21.1608,62.7193],[21.1135,62.7812],[21.3908,62.8803],[21.4441,63.0409],[21.6885,63.0271],[21.4966,63.209],[21.8945,63.2605],[21.8809,63.1779],[21.9839,63.1432],[22.0248,63.2394],[22.3301,63.2838],[22.3737,63.3214],[22.1956,63.4312],[22.4016,63.4182],[22.2814,63.5262],[22.4074,63.4569],[22.589,63.7033],[22.7734,63.6275],[22.9019,63.7055],[22.833,63.726],[22.9258,63.7434],[22.9025,63.7949],[23.0007,63.7636],[23.0628,63.853],[23.4158,63.9246],[23.3965,64.0561],[23.6045,64.0277],[23.5736,64.1072],[23.9434,64.2468],[24.0044,64.3891],[24.3441,64.5307],[24.5877,64.7812],[24.5384,64.8053],[25.0947,64.9184],[25.3548,64.8296],[25.3595,64.9111],[25.1909,64.9668],[25.4435,64.9668],[25.3555,65.0965],[25.2114,65.1238],[25.3275,65.2269],[25.335,65.3435],[25.2661,65.3776],[25.3555,65.4118],[25.3236,65.5068],[24.8591,65.6591],[24.6758,65.6354],[24.5505,65.7635],[24.7106,65.9121],[24.5188,65.796],[24.2062,65.7788],[24.0196,66.0489],[23.6894,66.257],[23.6524,66.4588],[23.8819,66.5635],[23.8924,66.7509],[24.004,66.8052],[23.5813,67.1531],[23.6027,67.2603],[23.7857,67.3375],[23.7652,67.4201],[23.4313,67.4855],[23.5535,67.587],[23.4813,67.8646],[23.6622,67.9504],[23.3065,68.1456],[23.1656,68.122],[23.0669,68.2903],[22.8083,68.3949],[22.0722,68.477],[20.9057,68.8946],[20.9112,68.9807],[20.6232,69.0364],[20.7444,69.1044],[21.0715,69.0367],[21.1564,69.0876],[21.0336,69.1812],[21.0984,69.2395],[21.6388,69.2714],[22.3714,68.8226],[22.4092,68.7129],[23.1976,68.618],[23.929,68.8162],[24.9052,68.557],[25.1324,68.6476],[25.2013,68.8126],[25.6278,68.8741],[25.7958,68.9933],[25.7372,69.2182],[26.0051,69.6893],[26.1983,69.7154],[26.5339,69.9252],[27.1003,69.9018],[27.8669,70.0753],[28.4046,69.8023],[29.1312,69.6742],[29.3445,69.4644],[28.8648,69.2166],[28.9541,69.0273]]],[[[22.4084,60.0528],[22.4426,59.9975],[22.3828,59.9926],[22.4084,60.0528]]],[[[21.7437,60.1906],[21.8877,60.1763],[21.7202,60.1137],[21.7437,60.1906]]],[[[22.0589,60.2111],[22.0093,60.1373],[21.9354,60.1763],[22.0589,60.2111]]],[[[25.6223,60.2383],[25.5817,60.2964],[25.6844,60.2452],[25.6223,60.2383]]],[[[22.8435,60.2418],[22.9495,60.2705],[22.7298,60.005],[22.4699,59.9975],[22.4221,60.1148],[22.6003,60.1422],[22.4152,60.1496],[22.4481,60.2214],[22.8435,60.2418]]],[[[21.9976,60.3339],[21.7941,60.374],[21.8081,60.4667],[21.9976,60.3339]]],[[[21.3942,60.5599],[21.4823,60.5258],[21.4426,60.4711],[21.3942,60.5599]]],[[[21.2644,60.882],[21.2024,60.8895],[21.2987,60.8957],[21.2912,60.91],[21.3123,60.923],[21.2434,60.9509],[21.27,60.968],[21.3049,60.9714],[21.3743,60.9304],[21.3279,60.9101],[21.3181,60.8802],[21.2644,60.882]]],[[[21.4221,63.2468],[21.2434,63.1507],[21.0789,63.2878],[21.2434,63.281],[21.1951,63.2258],[21.2868,63.2114],[21.4221,63.2468]]],[[[24.9934,65.0551],[24.8197,65.0433],[24.7224,65.0035],[24.8273,64.973],[24.7347,64.9509],[24.5628,65.0372],[24.9934,65.0551]]],[[[22.1442,63.2514],[22.0692,63.3185],[22.2313,63.3388],[22.1442,63.2514]]]]},"properties":{"registry":"Finnish Register of Congenital Malformations","label":"Finnish Register of Congenital Malformations","country":"Finland","status":"covered","area":"Finland, national","website":"https://www.orpha.net/en/research-trials/registry/181319","source":"Orphanet registry records (Research and trials, Patient registries), read 11 September 2026, and each registry's stated scope; administrative boundaries from Natural Earth 10m admin-0 and admin-1 (public domain)."}},{"type":"Feature","geometry":{"type":"MultiPolygon","coordinates":[[[[10.7134,51.6311],[10.6976,51.6374],[10.669,51.6699],[10.6683,51.6983],[10.6611,51.711],[10.6442,51.7213],[10.6192,51.7585],[10.5839,51.7803],[10.5778,51.8052],[10.5802,51.8449],[10.6287,51.8715],[10.6399,51.8836],[10.6352,51.9116],[10.613,51.9245],[10.6181,51.9434],[10.6455,51.9571],[10.6294,51.9583],[10.5902,51.9762],[10.5701,52.0068],[10.6216,52.0105],[10.6512,52.0298],[10.6525,52.0426],[10.6608,52.0447],[10.963,52.0598],[10.97,52.0689],[10.9693,52.0835],[10.9494,52.0937],[10.9488,52.0997],[11.0138,52.1189],[11.0483,52.1397],[11.0579,52.1528],[11.0543,52.1684],[11.0272,52.1775],[11.0207,52.194],[11.0374,52.2115],[11.0783,52.221],[11.0851,52.2307],[11.0784,52.251],[11.0636,52.2437],[11.0607,52.2614],[11.0446,52.2618],[11.0148,52.2874],[11.0337,52.3065],[11.0229,52.3216],[11.003,52.3288],[10.9993,52.3403],[11.019,52.3487],[11.0638,52.3538],[11.073,52.3722],[11.0376,52.3948],[11.0107,52.4035],[10.9391,52.4621],[10.9525,52.4944],[11.0017,52.4981],[10.9537,52.5455],[10.9465,52.5629],[10.9484,52.5889],[10.9743,52.6083],[10.9768,52.6163],[10.9572,52.6225],[10.9282,52.6142],[10.8849,52.6514],[10.8369,52.7103],[10.801,52.7225],[10.7938,52.7479],[10.7743,52.7617],[10.7569,52.7865],[10.7586,52.8351],[10.7954,52.8463],[10.8855,52.8472],[10.9417,52.8591],[10.9893,52.8821],[10.9988,52.9059],[11.0147,52.9119],[11.0508,52.9123],[11.1066,52.9006],[11.1653,52.9033],[11.2136,52.8978],[11.2533,52.8762],[11.4087,52.9052],[11.4704,52.9401],[11.502,52.9442],[11.4963,52.9694],[11.5098,53.0038],[11.552,53.0057],[11.5619,53.01],[11.5813,53.0429],[11.6257,53.0503],[11.6358,53.0462],[11.6363,53.0371],[11.6223,53.0224],[11.6806,53.0122],[11.6942,52.984],[11.7117,52.982],[11.7629,52.9951],[11.8073,52.9603],[11.8508,52.9551],[11.8319,52.9282],[11.8967,52.9017],[11.9826,52.8831],[12.097,52.8911],[12.1123,52.878],[12.1112,52.8666],[12.175,52.8725],[12.2033,52.8659],[12.2138,52.8546],[12.234,52.8098],[12.2296,52.7987],[12.195,52.7792],[12.2087,52.7519],[12.1901,52.7361],[12.2102,52.7026],[12.2281,52.6902],[12.2257,52.6726],[12.2047,52.6412],[12.162,52.6361],[12.1508,52.58],[12.1233,52.553],[12.1617,52.549],[12.1463,52.5318],[12.1559,52.5159],[12.193,52.519],[12.2118,52.5422],[12.2299,52.5369],[12.256,52.5142],[12.2951,52.5161],[12.2883,52.5062],[12.2867,52.4842],[12.2661,52.4565],[12.2477,52.4447],[12.2574,52.4269],[12.2319,52.3865],[12.2295,52.3683],[12.2352,52.35],[12.2057,52.3017],[12.209,52.279],[12.2333,52.2679],[12.2481,52.2524],[12.222,52.2324],[12.1991,52.1939],[12.2166,52.1663],[12.2461,52.1476],[12.2563,52.1308],[12.2991,52.1097],[12.3613,52.0577],[12.3651,52.0401],[12.4256,52.0102],[12.4498,52.0108],[12.4625,52.0211],[12.4715,52.02],[12.4975,52.0005],[12.5615,51.9717],[12.6076,51.9654],[12.6464,51.9825],[12.6548,51.9944],[12.6668,51.9944],[12.7948,51.9462],[12.8441,51.9417],[12.8591,51.9351],[12.8769,51.9108],[12.962,51.9037],[12.9915,51.8816],[13.0662,51.8526],[13.1323,51.8576],[13.1608,51.8444],[13.1791,51.8614],[13.2368,51.8555],[13.1579,51.7821],[13.159,51.7411],[13.1816,51.7086],[13.1783,51.6966],[13.1504,51.6729],[13.0823,51.6384],[13.0617,51.6151],[13.0438,51.6179],[13.0087,51.6367],[12.9778,51.6277],[12.9642,51.638],[12.902,51.6554],[12.891,51.6701],[12.862,51.6683],[12.7816,51.627],[12.7153,51.6382],[12.7006,51.6329],[12.6829,51.6127],[12.6621,51.6014],[12.6414,51.6065],[12.5451,51.596],[12.5324,51.6018],[12.4525,51.6038],[12.4435,51.6014],[12.4379,51.5785],[12.4306,51.5725],[12.3564,51.5678],[12.2977,51.5512],[12.2354,51.5622],[12.2248,51.5445],[12.1954,51.5287],[12.1907,51.4701],[12.1562,51.4461],[12.1587,51.4257],[12.1676,51.4143],[12.17,51.3754],[12.1848,51.3513],[12.1846,51.3311],[12.1795,51.3227],[12.146,51.3136],[12.1326,51.289],[12.1417,51.2529],[12.1646,51.2265],[12.168,51.1974],[12.1528,51.1776],[12.1533,51.17],[12.1841,51.1641],[12.1795,51.1368],[12.2112,51.1116],[12.2183,51.0913],[12.2646,51.0838],[12.2666,51.0762],[12.2493,51.0566],[12.2442,51.0361],[12.2667,51.0261],[12.276,51.0129],[12.252,50.9822],[12.2171,50.9542],[12.2189,50.9374],[12.2008,50.9279],[12.1536,50.9535],[12.1256,50.9444],[12.0679,50.9561],[11.9983,50.9493],[11.9935,50.9598],[11.9609,50.971],[11.9314,50.9981],[11.8607,51.0226],[11.7395,51.0147],[11.7259,51.0227],[11.6974,51.0642],[11.6937,51.0883],[11.6677,51.1007],[11.6275,51.0956],[11.5352,51.1003],[11.5047,51.0892],[11.4499,51.091],[11.4299,51.0972],[11.4165,51.1222],[11.4276,51.1291],[11.4203,51.1597],[11.3886,51.1899],[11.3445,51.2044],[11.333,51.2163],[11.3464,51.2286],[11.4224,51.2437],[11.4519,51.2715],[11.3672,51.3575],[11.3149,51.3833],[11.289,51.3889],[10.9991,51.4087],[10.9726,51.4182],[10.9645,51.4278],[10.9715,51.4666],[10.9454,51.4995],[10.9468,51.5226],[10.9263,51.5399],[10.9121,51.5655],[10.9192,51.5761],[10.9386,51.5721],[10.9519,51.577],[10.9456,51.5947],[10.8784,51.6174],[10.8486,51.6179],[10.7134,51.6311]]]]},"properties":{"registry":"Saxony-Anhalt","label":"Saxony-Anhalt registry of congenital anomalies (EUROCAT)","country":"Germany","status":"covered","area":"Saxony-Anhalt","website":"https://www.orpha.net/en/research-trials/registry/59478","source":"Orphanet registry records (Research and trials, Patient registries), read 11 September 2026, and each registry's stated scope; administrative boundaries from Natural Earth 10m admin-0 and admin-1 (public domain)."}},{"type":"Feature","geometry":{"type":"MultiPolygon","coordinates":[[[[-7.8518,51.9771],[-7.8567,51.9429],[-7.8699,51.9295],[-7.9012,51.9127],[-7.9222,51.9118],[-7.8806,51.892],[-7.8915,51.8819],[-8.0082,51.8558],[-8.0231,51.8436],[-8.0041,51.8299],[-8.0206,51.8239],[-8.1342,51.8048],[-8.1972,51.8009],[-8.2506,51.8063],[-8.2412,51.8185],[-8.2233,51.8237],[-8.2301,51.8367],[-8.2017,51.842],[-8.1754,51.8572],[-8.2028,51.864],[-8.1822,51.8845],[-8.1938,51.8954],[-8.2102,51.8845],[-8.2436,51.8929],[-8.2847,51.892],[-8.2932,51.9033],[-8.3474,51.892],[-8.3885,51.8935],[-8.4419,51.9179],[-8.4938,51.9239],[-8.5316,51.902],[-8.5436,51.8681],[-8.5097,51.8541],[-8.414,51.8522],[-8.3961,51.8768],[-8.3542,51.873],[-8.3293,51.8613],[-8.3474,51.8299],[-8.2983,51.8299],[-8.3052,51.8162],[-8.2921,51.81],[-8.3195,51.8026],[-8.2847,51.8026],[-8.3052,51.7821],[-8.2974,51.766],[-8.3017,51.7582],[-8.3457,51.7247],[-8.41,51.7098],[-8.4355,51.6927],[-8.4558,51.7123],[-8.484,51.7138],[-8.4692,51.7066],[-8.4642,51.695],[-8.469,51.6841],[-8.484,51.6784],[-8.4911,51.6987],[-8.5124,51.706],[-8.5584,51.7064],[-8.5584,51.7001],[-8.5483,51.6964],[-8.5175,51.6927],[-8.5021,51.7003],[-8.4975,51.6927],[-8.5065,51.6824],[-8.5211,51.6784],[-8.5392,51.6484],[-8.5317,51.6108],[-8.5727,51.645],[-8.6382,51.6374],[-8.7576,51.645],[-8.7266,51.6313],[-8.69,51.6313],[-8.69,51.6238],[-8.703,51.617],[-8.6825,51.6108],[-8.6998,51.5972],[-8.6962,51.5766],[-8.7428,51.5756],[-8.7651,51.5903],[-8.8267,51.5952],[-8.8334,51.5903],[-8.8539,51.5959],[-8.888,51.5556],[-8.9289,51.546],[-8.9332,51.5353],[-8.9532,51.5494],[-8.9911,51.563],[-9.0729,51.5494],[-9.1208,51.563],[-9.1208,51.5556],[-9.1077,51.5494],[-9.1157,51.5379],[-9.1433,51.5239],[-9.1925,51.5246],[-9.1896,51.5084],[-9.204,51.508],[-9.2238,51.4873],[-9.2648,51.4873],[-9.2721,51.5084],[-9.2995,51.4975],[-9.3017,51.4887],[-9.3353,51.477],[-9.3814,51.4736],[-9.3607,51.4838],[-9.3467,51.5009],[-9.3729,51.4913],[-9.3769,51.4946],[-9.3678,51.5084],[-9.3199,51.5351],[-9.3275,51.5425],[-9.3678,51.5251],[-9.4018,51.5009],[-9.4139,51.5111],[-9.4018,51.546],[-9.4433,51.5595],[-9.4565,51.5556],[-9.448,51.5436],[-9.5475,51.5253],[-9.5563,51.5081],[-9.5807,51.5084],[-9.6113,51.4938],[-9.6284,51.4941],[-9.6296,51.5041],[-9.6559,51.5202],[-9.7172,51.4804],[-9.7035,51.4736],[-9.7718,51.4531],[-9.769,51.4643],[-9.7779,51.4622],[-9.8066,51.4457],[-9.8134,51.4531],[-9.8202,51.4457],[-9.8134,51.4736],[-9.8339,51.4873],[-9.7938,51.4997],[-9.7401,51.5298],[-9.6831,51.5425],[-9.6217,51.5828],[-9.5459,51.6108],[-9.592,51.6137],[-9.785,51.5525],[-9.8475,51.5494],[-9.7864,51.5735],[-9.7703,51.5922],[-9.608,51.6424],[-9.5946,51.6555],[-9.5619,51.6581],[-9.4586,51.684],[-9.4565,51.7001],[-9.4429,51.72],[-9.4573,51.7246],[-9.4898,51.7145],[-9.5255,51.7269],[-9.5255,51.7473],[-9.5602,51.7616],[-9.5566,51.7309],[-9.5459,51.72],[-9.5661,51.7167],[-9.6268,51.685],[-9.8741,51.6562],[-9.9301,51.6374],[-9.9419,51.6213],[-10.0047,51.6085],[-10.0288,51.5965],[-10.0701,51.6039],[-10.1161,51.6003],[-10.1561,51.5828],[-10.1628,51.5903],[-10.1433,51.6136],[-10.0598,51.6313],[-10.0666,51.6374],[-10.0627,51.6498],[-10.0707,51.657],[-10.1008,51.6592],[-10.0881,51.6716],[-10.0257,51.6723],[-10.0038,51.678],[-9.9569,51.7064],[-9.9569,51.7138],[-9.9978,51.7138],[-9.9807,51.7319],[-9.9494,51.747],[-9.8885,51.7616],[-9.9023,51.7412],[-9.8609,51.7548],[-9.8406,51.7418],[-9.8314,51.7158],[-9.8188,51.71],[-9.8192,51.6872],[-9.7781,51.6903],[-9.7201,51.7323],[-9.7019,51.7395],[-9.6583,51.7427],[-9.609,51.776],[-9.4515,51.7885],[-9.4128,51.8196],[-9.3217,51.8425],[-9.2748,51.8842],[-9.2836,51.9077],[-9.302,51.9239],[-9.2964,51.9374],[-9.2341,51.9653],[-9.1257,51.982],[-9.1182,51.9938],[-9.1236,51.9993],[-9.2058,52.0212],[-9.2053,52.0504],[-9.1781,52.076],[-9.1964,52.0894],[-9.2203,52.133],[-9.2375,52.188],[-9.2667,52.2328],[-9.2535,52.2587],[-9.2133,52.2839],[-9.2166,52.294],[-9.1292,52.3306],[-9.0258,52.3157],[-8.9732,52.293],[-8.9763,52.3015],[-8.9705,52.3053],[-8.8959,52.3217],[-8.8733,52.345],[-8.8033,52.3785],[-8.6923,52.3769],[-8.6679,52.3733],[-8.639,52.3443],[-8.6103,52.3359],[-8.5927,52.3146],[-8.5553,52.3039],[-8.5177,52.2803],[-8.4803,52.2768],[-8.3894,52.2895],[-8.3299,52.3205],[-8.3049,52.3132],[-8.2928,52.2937],[-8.2723,52.2827],[-8.1986,52.2864],[-8.1674,52.2717],[-8.1452,52.2351],[-8.097,52.2209],[-8.0991,52.2092],[-8.1189,52.1956],[-8.1398,52.1644],[-8.145,52.1433],[-8.0933,52.1423],[-8.0633,52.1348],[-8.0608,52.1204],[-8.0281,52.0965],[-8.0014,52.0487],[-7.9337,52.0116],[-7.9121,51.9797],[-7.8518,51.9771]]],[[[-9.817,51.6389],[-9.7993,51.6368],[-9.8074,51.6297],[-9.8922,51.6113],[-9.9179,51.6194],[-9.9155,51.6291],[-9.8817,51.6411],[-9.817,51.6389]]]]},"properties":{"registry":"Cork and Kerry","label":"Cork and Kerry registry of congenital anomalies (EUROCAT)","country":"Ireland","status":"covered","area":"Counties Cork and Kerry","website":"https://www.orpha.net/en/research-trials/registry/175519","source":"Orphanet registry records (Research and trials, Patient registries), read 11 September 2026, and each registry's stated scope; administrative boundaries from Natural Earth 10m admin-0 and admin-1 (public domain)."}},{"type":"Feature","geometry":{"type":"MultiPolygon","coordinates":[[[[-8.3885,51.8935],[-8.4294,51.8845],[-8.3961,51.8768],[-8.414,51.8522],[-8.5097,51.8541],[-8.5436,51.8681],[-8.5316,51.902],[-8.4938,51.9239],[-8.3885,51.8935]]]]},"properties":{"registry":"Cork and Kerry","label":"Cork and Kerry registry of congenital anomalies (EUROCAT)","country":"Ireland","status":"covered","area":"Counties Cork and Kerry","website":"https://www.orpha.net/en/research-trials/registry/175519","source":"Orphanet registry records (Research and trials, Patient registries), read 11 September 2026, and each registry's stated scope; administrative boundaries from Natural Earth 10m admin-0 and admin-1 (public domain)."}},{"type":"Feature","geometry":{"type":"MultiPolygon","coordinates":[[[[-9.8609,51.7548],[-9.8544,51.7753],[-9.8238,51.7678],[-9.7855,51.7685],[-9.7855,51.7753],[-9.8134,51.7821],[-9.8134,51.7883],[-9.7545,51.8191],[-9.7377,51.8367],[-9.6711,51.843],[-9.5807,51.8702],[-9.5807,51.8777],[-9.6531,51.8718],[-9.758,51.847],[-9.7917,51.8268],[-9.8401,51.8237],[-9.8339,51.8162],[-9.8638,51.8043],[-9.8749,51.8026],[-9.868,51.8237],[-9.8822,51.8237],[-9.9023,51.81],[-9.9499,51.8026],[-10.0168,51.7746],[-10.0394,51.7821],[-10.0845,51.7559],[-10.1356,51.7412],[-10.1297,51.7543],[-10.2244,51.7821],[-10.1861,51.7896],[-10.1771,51.8137],[-10.1942,51.8391],[-10.2346,51.851],[-10.2712,51.8217],[-10.3411,51.7883],[-10.3466,51.8011],[-10.3347,51.8303],[-10.3411,51.8436],[-10.3889,51.8462],[-10.3819,51.8572],[-10.3888,51.864],[-10.3819,51.8777],[-10.3956,51.8777],[-10.3956,51.8845],[-10.2541,51.9087],[-10.255,51.9255],[-10.2692,51.9308],[-10.288,51.9519],[-10.3069,51.9534],[-10.3069,51.9596],[-10.2585,51.9739],[-10.2662,51.9885],[-10.1282,52.0285],[-10.0333,52.0411],[-9.9927,52.0559],[-9.9711,52.0899],[-9.9636,52.0899],[-9.9637,52.072],[-9.9543,52.0642],[-9.9264,52.0627],[-9.9296,52.0719],[-9.9084,52.1309],[-9.8775,52.1195],[-9.7718,52.1247],[-9.793,52.1384],[-9.7582,52.152],[-9.9569,52.1452],[-9.9438,52.1247],[-9.9547,52.1088],[-9.9606,52.1249],[-9.9703,52.1317],[-9.9978,52.1384],[-10.0281,52.1396],[-10.1624,52.1187],[-10.1863,52.1094],[-10.2175,52.1309],[-10.2421,52.1198],[-10.2677,52.1358],[-10.2789,52.1364],[-10.3069,52.1309],[-10.3069,52.1247],[-10.2721,52.1179],[-10.2721,52.1117],[-10.3683,52.1247],[-10.3644,52.1149],[-10.3541,52.1117],[-10.4366,52.0974],[-10.4608,52.103],[-10.4675,52.1151],[-10.4782,52.152],[-10.4509,52.1657],[-10.4613,52.18],[-10.4497,52.1889],[-10.4093,52.1998],[-10.4167,52.1862],[-10.3946,52.1748],[-10.3721,52.1756],[-10.3732,52.1978],[-10.3615,52.2067],[-10.3758,52.2128],[-10.3666,52.2282],[-10.3205,52.2346],[-10.2758,52.2681],[-10.1719,52.2868],[-10.1561,52.2786],[-10.1662,52.2346],[-10.1008,52.2408],[-10.0449,52.2693],[-10.036,52.2904],[-10.0598,52.3096],[-10.0135,52.3063],[-10.0183,52.296],[-10.0088,52.2534],[-9.9475,52.2376],[-9.8722,52.2327],[-9.8256,52.2582],[-9.8134,52.2551],[-9.8265,52.2482],[-9.81,52.2421],[-9.7377,52.2482],[-9.7534,52.2583],[-9.7992,52.2613],[-9.8468,52.275],[-9.8619,52.2681],[-9.8694,52.2731],[-9.8811,52.296],[-9.8492,52.2847],[-9.8339,52.2892],[-9.8619,52.296],[-9.8619,52.3035],[-9.8265,52.3096],[-9.8376,52.3264],[-9.8345,52.3752],[-9.851,52.3854],[-9.9318,52.3998],[-9.9499,52.4121],[-9.9159,52.4256],[-9.8484,52.4284],[-9.7489,52.4567],[-9.7035,52.4835],[-9.6346,52.4736],[-9.6388,52.4871],[-9.6505,52.4938],[-9.6831,52.4946],[-9.6752,52.5048],[-9.6831,52.5151],[-9.6732,52.5339],[-9.6756,52.5458],[-9.6483,52.5704],[-9.6428,52.5673],[-9.6179,52.5772],[-9.577,52.5704],[-9.4975,52.5704],[-9.4703,52.5618],[-9.4465,52.5762],[-9.3625,52.5754],[-9.3439,52.5584],[-9.3389,52.5409],[-9.3003,52.5064],[-9.3014,52.4952],[-9.3157,52.485],[-9.3286,52.4575],[-9.3097,52.4306],[-9.3264,52.4109],[-9.3288,52.3989],[-9.3052,52.3731],[-9.3307,52.3602],[-9.3317,52.3513],[-9.2934,52.3286],[-9.237,52.3121],[-9.2133,52.2839],[-9.2535,52.2587],[-9.2667,52.2328],[-9.2375,52.188],[-9.2203,52.133],[-9.1964,52.0894],[-9.1781,52.076],[-9.2013,52.0572],[-9.2086,52.0263],[-9.201,52.0196],[-9.1236,51.9993],[-9.1182,51.9938],[-9.1212,51.9861],[-9.1306,51.9796],[-9.2341,51.9653],[-9.2916,51.9407],[-9.3028,51.9278],[-9.2748,51.8892],[-9.2806,51.8757],[-9.3217,51.8425],[-9.4128,51.8196],[-9.4467,51.7899],[-9.6042,51.7775],[-9.6583,51.7427],[-9.7019,51.7395],[-9.7201,51.7323],[-9.7732,51.692],[-9.8139,51.6866],[-9.8218,51.6897],[-9.8174,51.707],[-9.8333,51.7186],[-9.8352,51.7361],[-9.8609,51.7548]]],[[[-10.3127,51.9255],[-10.3016,51.9248],[-10.2977,51.9184],[-10.3227,51.9033],[-10.4058,51.8841],[-10.426,51.8823],[-10.429,51.8898],[-10.412,51.9041],[-10.3517,51.9311],[-10.3127,51.9255]]]]},"properties":{"registry":"Cork and Kerry","label":"Cork and Kerry registry of congenital anomalies (EUROCAT)","country":"Ireland","status":"covered","area":"Counties Cork and Kerry","website":"https://www.orpha.net/en/research-trials/registry/175519","source":"Orphanet registry records (Research and trials, Patient registries), read 11 September 2026, and each registry's stated scope; administrative boundaries from Natural Earth 10m admin-0 and admin-1 (public domain)."}},{"type":"Feature","geometry":{"type":"MultiPolygon","coordinates":[[[[-6.1498,53.3865],[-6.2153,53.3581],[-6.2182,53.3472],[-6.2113,53.3387],[-6.1805,53.3173],[-6.2378,53.3171],[-6.2727,53.3096],[-6.2964,53.3208],[-6.3338,53.3271],[-6.3437,53.3383],[-6.3711,53.3345],[-6.3774,53.342],[-6.3649,53.3545],[-6.3475,53.3595],[-6.3437,53.3732],[-6.3126,53.3981],[-6.2827,53.4143],[-6.2553,53.4081],[-6.2316,53.4093],[-6.2167,53.423],[-6.1498,53.3865]]]]},"properties":{"registry":"Dublin","label":"Dublin registry of congenital anomalies (EUROCAT)","country":"Ireland","status":"covered","area":"County Dublin","website":"https://www.orpha.net/en/research-trials/registry/175123","source":"Orphanet registry records (Research and trials, Patient registries), read 11 September 2026, and each registry's stated scope; administrative boundaries from Natural Earth 10m admin-0 and admin-1 (public domain)."}},{"type":"Feature","geometry":{"type":"MultiPolygon","coordinates":[[[[-6.1805,53.3173],[-6.1552,53.2994],[-6.097,53.2855],[-6.1066,53.2431],[-6.0992,53.2147],[-6.0889,53.2041],[-6.1247,53.1919],[-6.1889,53.2102],[-6.2448,53.202],[-6.2856,53.2171],[-6.2827,53.2648],[-6.269,53.276],[-6.264,53.2897],[-6.2727,53.3096],[-6.1805,53.3173]]]]},"properties":{"registry":"Dublin","label":"Dublin registry of congenital anomalies (EUROCAT)","country":"Ireland","status":"covered","area":"County Dublin","website":"https://www.orpha.net/en/research-trials/registry/175123","source":"Orphanet registry records (Research and trials, Patient registries), read 11 September 2026, and each registry's stated scope; administrative boundaries from Natural Earth 10m admin-0 and admin-1 (public domain)."}},{"type":"Feature","geometry":{"type":"MultiPolygon","coordinates":[[[[-6.198,53.6345],[-6.1871,53.6301],[-6.1698,53.6057],[-6.0924,53.5771],[-6.0773,53.5546],[-6.0749,53.5397],[-6.1334,53.4611],[-6.1409,53.4711],[-6.1584,53.4728],[-6.1948,53.4611],[-6.1306,53.4426],[-6.1222,53.4199],[-6.1129,53.4127],[-6.1265,53.399],[-6.0509,53.3854],[-6.062,53.3674],[-6.0746,53.3669],[-6.1228,53.3928],[-6.1498,53.3865],[-6.1569,53.4193],[-6.2167,53.423],[-6.2316,53.4093],[-6.2827,53.4143],[-6.3437,53.3732],[-6.3475,53.3595],[-6.3612,53.3732],[-6.4272,53.3732],[-6.4521,53.3632],[-6.4715,53.3697],[-6.4563,53.3884],[-6.4176,53.4122],[-6.3989,53.4327],[-6.3489,53.4496],[-6.327,53.4869],[-6.3302,53.4959],[-6.3604,53.5174],[-6.4096,53.5401],[-6.4161,53.5532],[-6.4068,53.5697],[-6.3841,53.5852],[-6.3659,53.5888],[-6.3465,53.587],[-6.3268,53.5717],[-6.3159,53.5724],[-6.2689,53.5949],[-6.2431,53.6293],[-6.198,53.6345]]]]},"properties":{"registry":"Dublin","label":"Dublin registry of congenital anomalies (EUROCAT)","country":"Ireland","status":"covered","area":"County Dublin","website":"https://www.orpha.net/en/research-trials/registry/175123","source":"Orphanet registry records (Research and trials, Patient registries), read 11 September 2026, and each registry's stated scope; administrative boundaries from Natural Earth 10m admin-0 and admin-1 (public domain)."}},{"type":"Feature","geometry":{"type":"MultiPolygon","coordinates":[[[[-6.468,53.224],[-6.4833,53.2392],[-6.5216,53.2416],[-6.5227,53.2483],[-6.5066,53.2622],[-6.5253,53.2719],[-6.5292,53.2834],[-6.5172,53.3095],[-6.4908,53.3314],[-6.4715,53.3697],[-6.4521,53.3632],[-6.4272,53.3732],[-6.3612,53.3732],[-6.3475,53.3595],[-6.3649,53.3545],[-6.3774,53.342],[-6.3711,53.3345],[-6.3437,53.3383],[-6.3338,53.3271],[-6.2964,53.3208],[-6.2727,53.3096],[-6.264,53.2897],[-6.269,53.276],[-6.2827,53.2648],[-6.2856,53.2171],[-6.3046,53.2073],[-6.3174,53.181],[-6.3412,53.1789],[-6.3618,53.1923],[-6.3644,53.2012],[-6.468,53.224]]]]},"properties":{"registry":"Dublin","label":"Dublin registry of congenital anomalies (EUROCAT)","country":"Ireland","status":"covered","area":"County Dublin","website":"https://www.orpha.net/en/research-trials/registry/175123","source":"Orphanet registry records (Research and trials, Patient registries), read 11 September 2026, and each registry's stated scope; administrative boundaries from Natural Earth 10m admin-0 and admin-1 (public domain)."}},{"type":"Feature","geometry":{"type":"MultiPolygon","coordinates":[[[[-6.151,52.7416],[-6.2153,52.666],[-6.2206,52.6473],[-6.2065,52.5885],[-6.2091,52.5458],[-6.2829,52.4671],[-6.3177,52.4479],[-6.3562,52.409],[-6.3655,52.3935],[-6.3661,52.3444],[-6.39,52.3588],[-6.4689,52.36],[-6.463,52.378],[-6.4965,52.3643],[-6.4965,52.3581],[-6.4814,52.3546],[-6.4561,52.3358],[-6.4486,52.3227],[-6.455,52.3122],[-6.4237,52.3079],[-6.4092,52.2893],[-6.373,52.3227],[-6.3898,52.2956],[-6.3698,52.2726],[-6.3183,52.2408],[-6.3599,52.1862],[-6.3771,52.1782],[-6.3995,52.1855],[-6.381,52.2076],[-6.394,52.2128],[-6.4256,52.1938],[-6.4691,52.1936],[-6.4691,52.1998],[-6.4486,52.1998],[-6.4726,52.207],[-6.5797,52.1782],[-6.5972,52.1796],[-6.6414,52.2028],[-6.7156,52.2166],[-6.8056,52.2128],[-6.8056,52.2204],[-6.776,52.2332],[-6.7659,52.2458],[-6.764,52.2613],[-6.793,52.2404],[-6.8127,52.2353],[-6.8323,52.2408],[-6.8391,52.2346],[-6.8391,52.2128],[-6.8186,52.2204],[-6.8323,52.1936],[-6.8186,52.1936],[-6.8186,52.1862],[-6.8323,52.1862],[-6.8248,52.1793],[-6.8971,52.152],[-6.9321,52.1247],[-6.949,52.1309],[-6.9398,52.1432],[-6.9039,52.1623],[-6.9037,52.1722],[-6.9267,52.2197],[-6.9701,52.2474],[-6.9847,52.2786],[-6.9974,52.2892],[-6.9945,52.2775],[-7.0043,52.2794],[-7.0172,52.2861],[-7.0185,52.2943],[-6.9999,52.3204],[-6.997,52.3492],[-6.957,52.3887],[-6.9553,52.4211],[-6.9277,52.425],[-6.92,52.4487],[-6.9233,52.4659],[-6.8837,52.4672],[-6.8643,52.4744],[-6.8249,52.5373],[-6.7778,52.5765],[-6.769,52.618],[-6.7205,52.6388],[-6.679,52.6371],[-6.6602,52.6439],[-6.647,52.6559],[-6.6697,52.6687],[-6.67,52.6795],[-6.6341,52.6892],[-6.6091,52.7117],[-6.5742,52.7032],[-6.5444,52.6828],[-6.4871,52.694],[-6.4376,52.726],[-6.3977,52.7728],[-6.3667,52.7876],[-6.3232,52.7907],[-6.2927,52.7805],[-6.2487,52.7916],[-6.2293,52.7761],[-6.1724,52.7667],[-6.151,52.7416]]]]},"properties":{"registry":"South East of Ireland","label":"South East of Ireland registry of congenital anomalies (BINOCAR, EUROCAT)","country":"Ireland","status":"covered","area":"South-East region","website":"https://www.orpha.net/en/research-trials/registry/175121","source":"Orphanet registry records (Research and trials, Patient registries), read 11 September 2026, and each registry's stated scope; administrative boundaries from Natural Earth 10m admin-0 and admin-1 (public domain)."}},{"type":"Feature","geometry":{"type":"MultiPolygon","coordinates":[[[[-6.9945,52.2775],[-6.9919,52.2668],[-6.996,52.2707],[-7.0548,52.2519],[-7.0889,52.2508],[-7.153,52.2715],[-7.1796,52.2676],[-7.2025,52.2494],[-7.216,52.2488],[-7.2604,52.2704],[-7.3127,52.3115],[-7.3646,52.3356],[-7.3899,52.3821],[-7.3863,52.4205],[-7.3916,52.4313],[-7.4579,52.4715],[-7.4536,52.4805],[-7.4213,52.4967],[-7.4191,52.5123],[-7.4499,52.5207],[-7.4494,52.5811],[-7.4685,52.5923],[-7.475,52.6197],[-7.5033,52.6399],[-7.557,52.7055],[-7.6296,52.7315],[-7.6527,52.7536],[-7.6682,52.7798],[-7.6187,52.7856],[-7.5804,52.815],[-7.5624,52.8189],[-7.4534,52.7856],[-7.3917,52.8023],[-7.3622,52.8236],[-7.3403,52.8212],[-7.3267,52.8403],[-7.3049,52.8541],[-7.2894,52.8578],[-7.248,52.8509],[-7.2363,52.8669],[-7.1926,52.8867],[-7.1765,52.8878],[-7.138,52.8692],[-7.1325,52.8471],[-7.1197,52.8322],[-7.0751,52.8208],[-7.0474,52.7932],[-7.0778,52.7671],[-7.0926,52.7251],[-7.0618,52.7053],[-7.0224,52.71],[-6.9983,52.6839],[-6.9779,52.6727],[-6.9839,52.6528],[-6.9734,52.6103],[-6.9234,52.5739],[-6.927,52.553],[-6.9386,52.5414],[-6.9395,52.5248],[-6.92,52.4487],[-6.9236,52.4325],[-6.933,52.4214],[-6.9553,52.4211],[-6.9601,52.3832],[-6.997,52.3492],[-6.9999,52.3204],[-7.0193,52.2894],[-6.9945,52.2775]]]]},"properties":{"registry":"South East of Ireland","label":"South East of Ireland registry of congenital anomalies (BINOCAR, EUROCAT)","country":"Ireland","status":"covered","area":"South-East region","website":"https://www.orpha.net/en/research-trials/registry/175121","source":"Orphanet registry records (Research and trials, Patient registries), read 11 September 2026, and each registry's stated scope; administrative boundaries from Natural Earth 10m admin-0 and admin-1 (public domain)."}},{"type":"Feature","geometry":{"type":"MultiPolygon","coordinates":[[[[-6.9919,52.2668],[-6.9899,52.2517],[-6.9695,52.2204],[-6.9823,52.1956],[-6.98,52.1859],[-6.9551,52.1862],[-6.9551,52.1793],[-7.0172,52.1384],[-7.106,52.1309],[-7.0718,52.1657],[-7.1064,52.173],[-7.1202,52.1719],[-7.1202,52.1657],[-7.106,52.152],[-7.1496,52.1563],[-7.1675,52.1384],[-7.1874,52.1328],[-7.2438,52.1384],[-7.4355,52.1257],[-7.5043,52.1027],[-7.5414,52.0974],[-7.5653,52.0837],[-7.5826,52.1042],[-7.6,52.101],[-7.6311,52.079],[-7.6273,52.0627],[-7.6022,52.0717],[-7.5452,52.055],[-7.551,52.0428],[-7.5826,52.0285],[-7.5899,51.9912],[-7.6354,51.9768],[-7.6885,51.9804],[-7.7093,51.9739],[-7.7233,51.9446],[-7.8293,51.9534],[-7.8385,51.9759],[-7.8498,51.9801],[-7.9121,51.9797],[-7.9337,52.0116],[-8.0057,52.0527],[-8.0281,52.0965],[-8.0608,52.1204],[-8.0633,52.1348],[-8.1477,52.1468],[-8.1189,52.1956],[-8.0991,52.2092],[-8.0007,52.2091],[-7.9904,52.2122],[-7.9907,52.2332],[-7.9773,52.2416],[-7.9452,52.2431],[-7.9022,52.2313],[-7.77,52.2229],[-7.7489,52.2282],[-7.7571,52.2626],[-7.7866,52.276],[-7.7907,52.2908],[-7.7917,52.3255],[-7.7804,52.3391],[-7.7659,52.3433],[-7.591,52.3599],[-7.3646,52.3356],[-7.3127,52.3115],[-7.2604,52.2704],[-7.216,52.2488],[-7.2025,52.2494],[-7.1796,52.2676],[-7.153,52.2715],[-7.1383,52.2289],[-7.1004,52.207],[-7.0307,52.207],[-7.0028,52.2229],[-7.0341,52.2571],[-6.9919,52.2668]]]]},"properties":{"registry":"South East of Ireland","label":"South East of Ireland registry of congenital anomalies (BINOCAR, EUROCAT)","country":"Ireland","status":"covered","area":"South-East region","website":"https://www.orpha.net/en/research-trials/registry/175121","source":"Orphanet registry records (Research and trials, Patient registries), read 11 September 2026, and each registry's stated scope; administrative boundaries from Natural Earth 10m admin-0 and admin-1 (public domain)."}},{"type":"Feature","geometry":{"type":"MultiPolygon","coordinates":[[[[-6.8412,52.8649],[-6.7634,52.8756],[-6.731,52.9159],[-6.6079,52.8951],[-6.5489,52.8766],[-6.5106,52.882],[-6.4962,52.8675],[-6.5116,52.8586],[-6.5138,52.8231],[-6.5667,52.8059],[-6.5979,52.8068],[-6.6233,52.8235],[-6.6479,52.8317],[-6.6616,52.8294],[-6.6863,52.7927],[-6.688,52.7731],[-6.6577,52.7676],[-6.6091,52.7117],[-6.6341,52.6892],[-6.67,52.6795],[-6.6697,52.6687],[-6.647,52.6559],[-6.6732,52.638],[-6.7205,52.6388],[-6.769,52.618],[-6.7778,52.5765],[-6.8249,52.5373],[-6.8643,52.4744],[-6.8837,52.4672],[-6.9233,52.4659],[-6.9395,52.5248],[-6.9386,52.5414],[-6.927,52.553],[-6.9234,52.5739],[-6.9734,52.6103],[-6.9839,52.6528],[-6.9779,52.6727],[-6.9983,52.6839],[-7.0224,52.71],[-7.0618,52.7053],[-7.0926,52.7251],[-7.0859,52.7336],[-7.0842,52.7537],[-7.068,52.7805],[-7.0193,52.8054],[-6.9377,52.8251],[-6.931,52.8845],[-6.8845,52.8635],[-6.8412,52.8649]]]]},"properties":{"registry":"South East of Ireland","label":"South East of Ireland registry of congenital anomalies (BINOCAR, EUROCAT)","country":"Ireland","status":"covered","area":"South-East region","website":"https://www.orpha.net/en/research-trials/registry/175121","source":"Orphanet registry records (Research and trials, Patient registries), read 11 September 2026, and each registry's stated scope; administrative boundaries from Natural Earth 10m admin-0 and admin-1 (public domain)."}},{"type":"Feature","geometry":{"type":"MultiPolygon","coordinates":[[[[-7.3646,52.3356],[-7.591,52.3599],[-7.7659,52.3433],[-7.7804,52.3391],[-7.7917,52.3255],[-7.7907,52.2908],[-7.7866,52.276],[-7.7571,52.2626],[-7.7489,52.2282],[-7.7558,52.225],[-7.9022,52.2313],[-7.9452,52.2431],[-7.9861,52.2392],[-7.9921,52.2284],[-7.9904,52.2122],[-8.0007,52.2091],[-8.0991,52.2092],[-8.0998,52.2248],[-8.1452,52.2351],[-8.1674,52.2717],[-8.1846,52.2812],[-8.1586,52.3029],[-8.1552,52.3124],[-8.178,52.3241],[-8.1676,52.3547],[-8.1724,52.3654],[-8.208,52.3704],[-8.2433,52.4073],[-8.2699,52.4074],[-8.3179,52.4338],[-8.3733,52.4382],[-8.3897,52.4469],[-8.3927,52.4555],[-8.3816,52.485],[-8.3551,52.5019],[-8.3354,52.5006],[-8.3316,52.4748],[-8.3228,52.4714],[-8.3146,52.4792],[-8.3123,52.501],[-8.2808,52.5116],[-8.2305,52.5159],[-8.2237,52.5395],[-8.2276,52.5773],[-8.2116,52.5956],[-8.1874,52.6654],[-8.1411,52.6762],[-8.0996,52.6762],[-7.9565,52.5747],[-7.9249,52.5623],[-7.936,52.5284],[-7.9307,52.5227],[-7.9217,52.5273],[-7.9073,52.5638],[-7.841,52.5562],[-7.6982,52.5996],[-7.6422,52.6535],[-7.636,52.677],[-7.6471,52.6967],[-7.6477,52.7159],[-7.6296,52.7315],[-7.5605,52.7081],[-7.5033,52.6399],[-7.475,52.6197],[-7.4685,52.5923],[-7.4494,52.5811],[-7.4499,52.5207],[-7.4191,52.5123],[-7.4213,52.4967],[-7.4536,52.4805],[-7.4579,52.4715],[-7.3916,52.4313],[-7.3863,52.4205],[-7.3899,52.3821],[-7.3646,52.3356]]]]},"properties":{"registry":"South East of Ireland","label":"South East of Ireland registry of congenital anomalies (BINOCAR, EUROCAT)","country":"Ireland","status":"covered","area":"South-East region","website":"https://www.orpha.net/en/research-trials/registry/175121","source":"Orphanet registry records (Research and trials, Patient registries), read 11 September 2026, and each registry's stated scope; administrative boundaries from Natural Earth 10m admin-0 and admin-1 (public domain)."}},{"type":"Feature","geometry":{"type":"MultiPolygon","coordinates":[[[[-7.153,52.2715],[-7.0889,52.2508],[-7.0341,52.2571],[-7.0028,52.2229],[-7.0307,52.207],[-7.1004,52.207],[-7.153,52.2715]]]]},"properties":{"registry":"South East of Ireland","label":"South East of Ireland registry of congenital anomalies (BINOCAR, EUROCAT)","country":"Ireland","status":"covered","area":"South-East region","website":"https://www.orpha.net/en/research-trials/registry/175121","source":"Orphanet registry records (Research and trials, Patient registries), read 11 September 2026, and each registry's stated scope; administrative boundaries from Natural Earth 10m admin-0 and admin-1 (public domain)."}},{"type":"Feature","geometry":{"type":"MultiPolygon","coordinates":[[[[15.6467,40.0469],[15.6247,40.0649],[15.6243,40.0778],[15.6102,40.0732],[15.5349,40.0778],[15.5131,40.0677],[15.4953,40.0467],[15.4598,40.0294],[15.4296,39.9998],[15.4101,39.994],[15.3609,39.9989],[15.3432,40.0041],[15.3143,40.0338],[15.2612,40.0294],[15.2612,40.0362],[15.2791,40.0477],[15.2634,40.0737],[15.2339,40.1],[15.19,40.1191],[15.1272,40.1696],[15.1128,40.1748],[15.0472,40.1689],[15.0031,40.2103],[14.9571,40.2315],[14.9381,40.2278],[14.9111,40.2416],[14.9069,40.2586],[14.9319,40.2855],[14.9391,40.3071],[14.9324,40.3337],[14.9945,40.3584],[15.0004,40.3688],[14.9983,40.3976],[14.8888,40.5731],[14.8615,40.6072],[14.8097,40.653],[14.782,40.6699],[14.7522,40.6767],[14.72,40.6668],[14.6904,40.6491],[14.6133,40.6459],[14.5713,40.6177],[14.5442,40.6136],[14.4866,40.6326],[14.4714,40.6247],[14.4728,40.6367],[14.4926,40.6495],[14.5496,40.6459],[14.5822,40.6868],[14.5825,40.6998],[14.5701,40.723],[14.55,40.7322],[14.5261,40.7335],[14.5131,40.7428],[14.5101,40.7566],[14.5157,40.7696],[14.5793,40.795],[14.5836,40.8123],[14.568,40.8311],[14.5698,40.842],[14.5801,40.8468],[14.6055,40.8476],[14.668,40.8242],[14.6906,40.8447],[14.7102,40.8484],[14.7381,40.8345],[14.7343,40.8164],[14.7623,40.8058],[14.8689,40.7991],[14.9078,40.807],[14.9856,40.7801],[15.1117,40.7658],[15.1317,40.7591],[15.1574,40.7191],[15.1724,40.7114],[15.2374,40.7235],[15.2414,40.7645],[15.2525,40.7879],[15.2794,40.7994],[15.2839,40.8182],[15.2984,40.8357],[15.3221,40.8375],[15.3689,40.8022],[15.3649,40.7924],[15.3737,40.7417],[15.3911,40.7129],[15.4181,40.6977],[15.4352,40.6794],[15.4876,40.6619],[15.4873,40.647],[15.4628,40.6318],[15.4456,40.6057],[15.4558,40.5953],[15.4909,40.5861],[15.5176,40.5647],[15.5396,40.52],[15.5349,40.494],[15.5433,40.4778],[15.5764,40.4575],[15.5984,40.4285],[15.6228,40.4234],[15.6597,40.3922],[15.6883,40.388],[15.7013,40.3796],[15.717,40.3184],[15.7517,40.298],[15.7891,40.2618],[15.7891,40.244],[15.7755,40.2198],[15.7207,40.1889],[15.6956,40.1661],[15.6931,40.1305],[15.6498,40.0808],[15.6515,40.0727],[15.6643,40.067],[15.6467,40.0469]]]]},"properties":{"registry":"Campania","label":"Campania registry of congenital anomalies (EUROCAT)","country":"Italy","status":"covered","area":"Campania","website":"https://www.orpha.net/en/research-trials/registry/53567","source":"Orphanet registry records (Research and trials, Patient registries), read 11 September 2026, and each registry's stated scope; administrative boundaries from Natural Earth 10m admin-0 and admin-1 (public domain)."}},{"type":"Feature","geometry":{"type":"MultiPolygon","coordinates":[[[[14.4714,40.6247],[14.422,40.6155],[14.3558,40.5836],[14.3426,40.5706],[14.3298,40.5845],[14.328,40.6054],[14.3377,40.6244],[14.3874,40.6369],[14.4442,40.686],[14.4764,40.6951],[14.4797,40.7115],[14.4741,40.7297],[14.4426,40.7551],[14.4213,40.7509],[14.3944,40.7616],[14.2942,40.8388],[14.2236,40.8314],[14.2035,40.8012],[14.1822,40.8009],[14.1656,40.8158],[14.1352,40.8186],[14.096,40.8338],[14.0825,40.8313],[14.0762,40.8222],[14.0825,40.7835],[14.0477,40.7896],[14.0412,40.7965],[14.0523,40.8376],[14.0445,40.8742],[14.0101,40.9368],[14.0929,40.963],[14.1251,40.9815],[14.1404,40.9791],[14.1522,40.9544],[14.2459,40.9444],[14.2729,40.947],[14.2925,40.9689],[14.2935,40.9922],[14.3149,41.0048],[14.4736,40.9816],[14.5145,40.9855],[14.5307,40.9952],[14.5313,41.0134],[14.5413,41.0176],[14.572,41.0095],[14.5798,40.9879],[14.5826,40.9429],[14.6,40.9311],[14.6549,40.9214],[14.6689,40.9089],[14.6691,40.9009],[14.6538,40.894],[14.5944,40.9033],[14.5797,40.8992],[14.5741,40.8853],[14.5782,40.8748],[14.6055,40.8476],[14.5698,40.842],[14.568,40.8311],[14.5836,40.8123],[14.5842,40.8014],[14.571,40.7915],[14.5253,40.7776],[14.5101,40.7566],[14.5189,40.7364],[14.5701,40.723],[14.5825,40.6998],[14.5822,40.6868],[14.5496,40.6459],[14.5045,40.6514],[14.4714,40.6247]]],[[[13.9447,40.7016],[13.9198,40.7045],[13.8901,40.6942],[13.8491,40.7153],[13.8615,40.744],[13.8701,40.7487],[13.8628,40.7624],[13.8831,40.7624],[13.9658,40.7351],[13.9658,40.7153],[13.9447,40.7016]]]]},"properties":{"registry":"Campania","label":"Campania registry of congenital anomalies (EUROCAT)","country":"Italy","status":"covered","area":"Campania","website":"https://www.orpha.net/en/research-trials/registry/53567","source":"Orphanet registry records (Research and trials, Patient registries), read 11 September 2026, and each registry's stated scope; administrative boundaries from Natural Earth 10m admin-0 and admin-1 (public domain)."}},{"type":"Feature","geometry":{"type":"MultiPolygon","coordinates":[[[[14.0101,40.9368],[13.9653,40.9964],[13.918,41.0237],[13.9107,41.0646],[13.8517,41.1473],[13.7905,41.2059],[13.7437,41.2376],[13.7708,41.2492],[13.8049,41.2537],[13.8175,41.2766],[13.8654,41.3025],[13.8756,41.3885],[13.8597,41.4192],[13.8622,41.426],[13.8968,41.4358],[13.9449,41.4681],[13.9618,41.4707],[13.988,41.4581],[14.0315,41.3981],[14.0605,41.3909],[14.1044,41.3904],[14.1096,41.3955],[14.1058,41.4188],[14.0833,41.4377],[14.0802,41.4477],[14.1209,41.4957],[14.1637,41.4907],[14.2225,41.4948],[14.2714,41.4836],[14.329,41.457],[14.4337,41.4257],[14.4619,41.4231],[14.4959,41.3904],[14.5138,41.389],[14.4978,41.3769],[14.4533,41.3638],[14.4441,41.3501],[14.4819,41.3206],[14.4881,41.307],[14.4395,41.2794],[14.4204,41.2431],[14.421,41.2302],[14.4472,41.2063],[14.4602,41.1775],[14.4536,41.1654],[14.4407,41.1542],[14.4214,41.1507],[14.3784,41.164],[14.3596,41.1605],[14.3566,41.1493],[14.3872,41.121],[14.4319,41.1058],[14.4347,41.0946],[14.422,41.0606],[14.4293,41.048],[14.5007,41.0515],[14.5159,41.0446],[14.5264,41.0318],[14.5307,40.9952],[14.5145,40.9855],[14.4736,40.9816],[14.3149,41.0048],[14.2935,40.9922],[14.2925,40.9689],[14.2729,40.947],[14.1612,40.9518],[14.1472,40.9597],[14.1404,40.9791],[14.1303,40.9817],[14.0929,40.963],[14.0101,40.9368]]]]},"properties":{"registry":"Campania","label":"Campania registry of congenital anomalies (EUROCAT)","country":"Italy","status":"covered","area":"Campania","website":"https://www.orpha.net/en/research-trials/registry/53567","source":"Orphanet registry records (Research and trials, Patient registries), read 11 September 2026, and each registry's stated scope; administrative boundaries from Natural Earth 10m admin-0 and admin-1 (public domain)."}},{"type":"Feature","geometry":{"type":"MultiPolygon","coordinates":[[[[14.4214,41.1507],[14.4407,41.1542],[14.4602,41.1775],[14.4472,41.2063],[14.421,41.2302],[14.4244,41.2562],[14.4504,41.2881],[14.4881,41.307],[14.4681,41.3338],[14.4453,41.3457],[14.4533,41.3638],[14.4978,41.3769],[14.5138,41.389],[14.5557,41.3894],[14.5783,41.3726],[14.5946,41.3708],[14.6592,41.4032],[14.7468,41.4097],[14.7642,41.4208],[14.7796,41.4447],[14.827,41.4257],[14.9268,41.4516],[14.9953,41.4821],[15.0455,41.4639],[15.0724,41.4381],[15.097,41.4258],[15.1019,41.3906],[15.069,41.3616],[15.067,41.3486],[15.0801,41.3263],[15.1282,41.3077],[15.1435,41.2746],[15.1302,41.2592],[15.1041,41.2481],[15.067,41.2637],[15.025,41.2616],[14.9916,41.272],[14.9838,41.2654],[14.983,41.24],[14.9982,41.206],[14.9657,41.1756],[14.9639,41.1655],[15.0002,41.1348],[15.0003,41.1107],[14.835,41.0385],[14.814,41.0378],[14.8,41.056],[14.7817,41.0591],[14.7729,41.0286],[14.7531,41.0138],[14.73,41.0248],[14.7125,41.0581],[14.6462,41.0482],[14.5997,41.0511],[14.5734,41.0237],[14.572,41.0095],[14.5509,41.0171],[14.5313,41.0134],[14.5264,41.0318],[14.5007,41.0515],[14.4293,41.048],[14.422,41.0606],[14.4347,41.0946],[14.4319,41.1058],[14.3872,41.121],[14.3566,41.1493],[14.3596,41.1605],[14.4214,41.1507]]],[[[14.6913,41.0294],[14.7074,41.0063],[14.6992,40.9809],[14.6878,40.9727],[14.6753,40.9771],[14.6724,40.9889],[14.6913,41.0294]]]]},"properties":{"registry":"Campania","label":"Campania registry of congenital anomalies (EUROCAT)","country":"Italy","status":"covered","area":"Campania","website":"https://www.orpha.net/en/research-trials/registry/53567","source":"Orphanet registry records (Research and trials, Patient registries), read 11 September 2026, and each registry's stated scope; administrative boundaries from Natural Earth 10m admin-0 and admin-1 (public domain)."}},{"type":"Feature","geometry":{"type":"MultiPolygon","coordinates":[[[[14.6538,40.894],[14.6691,40.9009],[14.6635,40.9165],[14.6,40.9311],[14.5826,40.9429],[14.5798,40.9879],[14.572,41.0095],[14.5734,41.0237],[14.5844,41.0394],[14.6138,41.0535],[14.6462,41.0482],[14.7125,41.0581],[14.73,41.0248],[14.7531,41.0138],[14.7729,41.0286],[14.7817,41.0591],[14.8,41.056],[14.814,41.0378],[14.835,41.0385],[14.9937,41.1065],[15.0039,41.1169],[15.0002,41.1348],[14.9639,41.1655],[14.9657,41.1756],[14.9982,41.206],[14.983,41.24],[14.9838,41.2654],[14.9916,41.272],[15.025,41.2616],[15.067,41.2637],[15.1041,41.2481],[15.1302,41.2592],[15.1435,41.2746],[15.1636,41.2773],[15.1787,41.2891],[15.2401,41.2667],[15.2676,41.2379],[15.2465,41.2288],[15.2527,41.2072],[15.203,41.1657],[15.2029,41.1534],[15.2553,41.1277],[15.2803,41.1038],[15.3826,41.0975],[15.406,41.1056],[15.4554,41.0794],[15.5586,41.0551],[15.5762,41.0266],[15.5779,41.011],[15.5367,40.9333],[15.4709,40.9018],[15.3692,40.899],[15.3608,40.8761],[15.3658,40.8439],[15.3621,40.8345],[15.3443,40.8207],[15.3221,40.8375],[15.2984,40.8357],[15.2839,40.8182],[15.2794,40.7994],[15.2525,40.7879],[15.2414,40.7645],[15.2374,40.7235],[15.2158,40.7157],[15.1724,40.7114],[15.1574,40.7191],[15.1317,40.7591],[15.1117,40.7658],[14.9856,40.7801],[14.9189,40.805],[14.8689,40.7991],[14.7623,40.8058],[14.7343,40.8164],[14.7381,40.8345],[14.7102,40.8484],[14.6906,40.8447],[14.668,40.8242],[14.6525,40.8266],[14.6055,40.8476],[14.5782,40.8748],[14.5741,40.8853],[14.5797,40.8992],[14.6538,40.894]],[[14.6878,40.9727],[14.6992,40.9809],[14.7074,41.0063],[14.6913,41.0294],[14.676,41.0054],[14.6878,40.9727]]]]},"properties":{"registry":"Campania","label":"Campania registry of congenital anomalies (EUROCAT)","country":"Italy","status":"covered","area":"Campania","website":"https://www.orpha.net/en/research-trials/registry/53567","source":"Orphanet registry records (Research and trials, Patient registries), read 11 September 2026, and each registry's stated scope; administrative boundaries from Natural Earth 10m admin-0 and admin-1 (public domain)."}},{"type":"Feature","geometry":{"type":"MultiPolygon","coordinates":[[[[11.9995,36.8359],[12.0515,36.7904],[12.0535,36.7676],[12.0306,36.7414],[11.9961,36.7449],[11.9612,36.7652],[11.9373,36.7888],[11.925,36.812],[11.9222,36.8284],[11.9513,36.8428],[11.9714,36.8291],[11.9995,36.8359]]],[[[12.2732,37.9395],[12.3142,37.9464],[12.3368,37.9331],[12.3688,37.9252],[12.3577,37.914],[12.3421,37.9132],[12.3142,37.9252],[12.2878,37.9215],[12.2732,37.9395]]],[[[12.8939,37.5733],[12.7809,37.5742],[12.6978,37.5627],[12.6594,37.5651],[12.6362,37.5822],[12.5778,37.652],[12.5062,37.6655],[12.4744,37.7029],[12.4563,37.7598],[12.427,37.797],[12.4274,37.8093],[12.465,37.8228],[12.4787,37.8812],[12.4641,37.9129],[12.4905,37.954],[12.5029,37.9971],[12.5042,38.0112],[12.4929,38.0214],[12.5234,38.0314],[12.5763,38.0717],[12.6084,38.0624],[12.6516,38.0915],[12.6624,38.1163],[12.7046,38.1108],[12.7254,38.1259],[12.7199,38.1755],[12.7318,38.1928],[12.7378,38.181],[12.7609,38.181],[12.7908,38.1171],[12.8288,38.0699],[12.8569,38.0586],[12.8689,38.0513],[12.8696,38.0425],[12.9011,38.0281],[12.9442,38.0329],[12.9761,38.0442],[12.9832,38.0227],[13.0017,37.9975],[13.0482,37.954],[13.0417,37.9284],[13.0193,37.9069],[12.9915,37.8993],[12.9384,37.904],[12.9351,37.8826],[12.9507,37.8745],[12.9463,37.8433],[12.9527,37.8303],[13.0311,37.8137],[13.0819,37.8206],[13.0865,37.8117],[13.0793,37.7939],[13.0906,37.781],[13.0885,37.7703],[13.0275,37.7407],[12.9833,37.736],[12.9419,37.7158],[12.9061,37.689],[12.8939,37.6627],[12.8967,37.6511],[12.9133,37.646],[12.8939,37.5733]]],[[[12.0723,37.9679],[12.0793,37.9503],[12.0648,37.9508],[12.0476,37.9608],[12.0304,37.9844],[12.036,37.991],[12.0536,37.9924],[12.0723,37.9679]]]]},"properties":{"registry":"ISMAC","label":"ISMAC, Sicilian registry of congenital anomalies (EUROCAT)","country":"Italy","status":"covered","area":"Sicily","website":"https://www.orpha.net/en/research-trials/registry/52840","source":"Orphanet registry records (Research and trials, Patient registries), read 11 September 2026, and each registry's stated scope; administrative boundaries from Natural Earth 10m admin-0 and admin-1 (public domain)."}},{"type":"Feature","geometry":{"type":"MultiPolygon","coordinates":[[[[14.1796,38.0257],[14.2732,38.0151],[14.3312,38.018],[14.3846,38.0295],[14.4319,38.0494],[14.4641,38.0372],[14.5117,38.0444],[14.6346,38.0815],[14.6677,38.0992],[14.7337,38.1576],[14.7981,38.1603],[14.9071,38.1877],[14.945,38.1818],[14.9697,38.1592],[15.049,38.1518],[15.0687,38.1313],[15.0879,38.1282],[15.1774,38.1563],[15.2033,38.1833],[15.2407,38.2412],[15.2372,38.2648],[15.2432,38.2648],[15.2463,38.2543],[15.2407,38.2303],[15.2454,38.2172],[15.2576,38.2102],[15.2918,38.207],[15.3997,38.2326],[15.5287,38.3026],[15.5593,38.3001],[15.616,38.2802],[15.6516,38.2753],[15.6424,38.2623],[15.6243,38.2617],[15.5697,38.227],[15.5599,38.1998],[15.5759,38.2002],[15.527,38.1368],[15.5003,38.0849],[15.3926,37.9761],[15.2599,37.8078],[15.187,37.8735],[15.144,37.8981],[15.097,37.904],[15.0207,37.8909],[14.9795,37.8927],[14.955,37.9124],[14.9466,37.9425],[14.929,37.9566],[14.9049,37.9522],[14.8663,37.9324],[14.8508,37.9547],[14.8309,37.9632],[14.8175,37.9482],[14.7885,37.951],[14.7692,37.9424],[14.761,37.9299],[14.7615,37.9048],[14.7381,37.8917],[14.7329,37.8812],[14.7311,37.8635],[14.7373,37.8549],[14.7637,37.8653],[14.7944,37.8461],[14.7994,37.8255],[14.7893,37.8087],[14.7524,37.8211],[14.6717,37.7995],[14.6029,37.8083],[14.5606,37.8392],[14.5745,37.8641],[14.5737,37.8714],[14.5613,37.876],[14.5137,37.8578],[14.4986,37.8423],[14.4933,37.8106],[14.4828,37.8021],[14.4683,37.8019],[14.4569,37.8089],[14.4476,37.8436],[14.4219,37.8595],[14.4088,37.861],[14.3046,37.8366],[14.2799,37.8402],[14.2691,37.8803],[14.2764,37.9208],[14.1796,38.0257]]],[[[14.9663,38.4329],[14.9663,38.4187],[14.9937,38.403],[15.0073,38.3777],[14.9868,38.3641],[14.9483,38.3964],[14.9453,38.4123],[14.9663,38.4329]]],[[[14.9077,38.4739],[14.8994,38.4817],[14.9006,38.4987],[14.9097,38.5153],[14.9248,38.5224],[14.9579,38.522],[14.9661,38.5163],[14.9588,38.5019],[14.9793,38.4875],[14.9793,38.4814],[14.9526,38.4814],[14.9663,38.4534],[14.9487,38.4509],[14.9077,38.4739]]],[[[14.8633,38.549],[14.8617,38.5393],[14.824,38.5518],[14.7938,38.5716],[14.815,38.5838],[14.8514,38.5849],[14.867,38.5811],[14.877,38.5695],[14.8633,38.549]]],[[[14.3464,38.5351],[14.3428,38.5473],[14.3572,38.5512],[14.3464,38.5351]]],[[[14.576,38.5766],[14.5855,38.5574],[14.5516,38.5616],[14.5425,38.5869],[14.576,38.5766]]],[[[15.2278,38.8103],[15.2393,38.804],[15.2375,38.796],[15.2175,38.773],[15.187,38.789],[15.2278,38.8103]]]]},"properties":{"registry":"ISMAC","label":"ISMAC, Sicilian registry of congenital anomalies (EUROCAT)","country":"Italy","status":"covered","area":"Sicily","website":"https://www.orpha.net/en/research-trials/registry/52840","source":"Orphanet registry records (Research and trials, Patient registries), read 11 September 2026, and each registry's stated scope; administrative boundaries from Natural Earth 10m admin-0 and admin-1 (public domain)."}},{"type":"Feature","geometry":{"type":"MultiPolygon","coordinates":[[[[12.9761,38.0442],[13.0274,38.0624],[13.0697,38.0911],[13.0662,38.123],[13.0547,38.1418],[13.0894,38.166],[13.0838,38.1747],[13.1009,38.1901],[13.1125,38.1928],[13.157,38.1797],[13.2072,38.1761],[13.2303,38.1846],[13.239,38.207],[13.2544,38.2025],[13.3181,38.2206],[13.3284,38.2002],[13.3719,38.1728],[13.3733,38.1407],[13.3914,38.1032],[13.5135,38.1105],[13.5413,38.0941],[13.5409,38.0675],[13.5575,38.0491],[13.5871,38.0391],[13.6511,38.001],[13.7119,37.9879],[13.7051,37.9805],[13.7908,37.9736],[13.8127,37.9779],[13.8572,37.9967],[13.8983,38.0045],[13.9385,38.0289],[14.0072,38.0383],[14.0205,38.0494],[14.0833,38.0238],[14.1796,38.0257],[14.2389,37.9478],[14.2764,37.9208],[14.2691,37.8803],[14.2799,37.8402],[14.2664,37.8289],[14.2598,37.8091],[14.2613,37.7882],[14.292,37.7575],[14.2925,37.747],[14.2648,37.703],[14.2124,37.6797],[14.1738,37.6714],[14.1632,37.6606],[14.1483,37.6238],[14.1349,37.6168],[14.0847,37.6428],[14.0601,37.643],[14.0372,37.629],[14.0165,37.6019],[13.9747,37.5832],[13.9065,37.6069],[13.8815,37.6756],[13.8364,37.6946],[13.8113,37.7269],[13.79,37.7334],[13.7734,37.7254],[13.7324,37.683],[13.6795,37.6984],[13.6583,37.6649],[13.644,37.655],[13.5996,37.644],[13.4449,37.6477],[13.3865,37.6118],[13.3818,37.5919],[13.4041,37.5707],[13.3995,37.5569],[13.3563,37.5393],[13.3455,37.5454],[13.3261,37.5962],[13.3497,37.6571],[13.3375,37.6635],[13.2995,37.6422],[13.2676,37.6406],[13.2552,37.6223],[13.2415,37.6225],[13.2277,37.6289],[13.2016,37.6745],[13.1872,37.6851],[13.134,37.6988],[13.0752,37.6959],[13.0554,37.7054],[13.0275,37.7407],[13.0885,37.7703],[13.0906,37.781],[13.0793,37.7939],[13.0865,37.8117],[13.0819,37.8206],[13.0311,37.8137],[12.9527,37.8303],[12.9463,37.8433],[12.9507,37.8745],[12.9351,37.8826],[12.9384,37.904],[12.9915,37.8993],[13.0193,37.9069],[13.0417,37.9284],[13.0482,37.954],[12.9761,38.0442]],[[14.0197,37.6758],[14.0665,37.6798],[14.0794,37.6873],[14.0879,37.7017],[14.0824,37.7127],[14.0684,37.7197],[14.0402,37.7194],[14.0114,37.6902],[14.0197,37.6758]]],[[[13.1693,38.7173],[13.1857,38.7175],[13.1974,38.7083],[13.1652,38.6911],[13.1535,38.6948],[13.1693,38.7173]]],[[[13.1505,37.6421],[13.1762,37.6348],[13.1789,37.6254],[13.1718,37.6172],[13.1454,37.6146],[13.1505,37.6421]]]]},"properties":{"registry":"ISMAC","label":"ISMAC, Sicilian registry of congenital anomalies (EUROCAT)","country":"Italy","status":"covered","area":"Sicily","website":"https://www.orpha.net/en/research-trials/registry/52840","source":"Orphanet registry records (Research and trials, Patient registries), read 11 September 2026, and each registry's stated scope; administrative boundaries from Natural Earth 10m admin-0 and admin-1 (public domain)."}},{"type":"Feature","geometry":{"type":"MultiPolygon","coordinates":[[[[14.0393,37.1145],[13.9763,37.1103],[13.9385,37.0959],[13.8944,37.1008],[13.8327,37.1396],[13.7158,37.1714],[13.5692,37.2735],[13.4886,37.2885],[13.4216,37.3144],[13.3113,37.3808],[13.278,37.3937],[13.2533,37.4318],[13.1892,37.4697],[13.1741,37.487],[13.0515,37.5007],[13.0264,37.4932],[13.0169,37.4975],[13.0,37.5355],[12.9741,37.5574],[12.9426,37.5685],[12.8939,37.5733],[12.9133,37.646],[12.8967,37.6511],[12.8939,37.6627],[12.9061,37.689],[12.9419,37.7158],[12.9833,37.736],[13.012,37.7427],[13.0275,37.7407],[13.0554,37.7054],[13.0752,37.6959],[13.134,37.6988],[13.1872,37.6851],[13.2016,37.6745],[13.2277,37.6289],[13.2415,37.6225],[13.2552,37.6223],[13.2676,37.6406],[13.2995,37.6422],[13.3375,37.6635],[13.3497,37.6571],[13.3479,37.6415],[13.3261,37.5962],[13.3455,37.5454],[13.3563,37.5393],[13.3995,37.5569],[13.4041,37.5707],[13.3818,37.5919],[13.3865,37.6118],[13.4449,37.6477],[13.5996,37.644],[13.644,37.655],[13.6583,37.6649],[13.6795,37.6984],[13.7814,37.6752],[13.7962,37.667],[13.8169,37.6424],[13.8169,37.6193],[13.733,37.5852],[13.7098,37.583],[13.6814,37.5939],[13.6715,37.588],[13.6693,37.573],[13.6915,37.5373],[13.6903,37.5153],[13.6817,37.4941],[13.6578,37.4875],[13.6435,37.4756],[13.6441,37.4589],[13.6767,37.4572],[13.7074,37.4405],[13.7384,37.4325],[13.8388,37.4362],[13.8478,37.4331],[13.8613,37.4039],[13.8942,37.402],[13.9075,37.3859],[13.8815,37.3671],[13.8821,37.3603],[13.9273,37.3304],[13.9632,37.3302],[14.0195,37.2778],[14.0172,37.2528],[13.9891,37.1974],[13.996,37.1807],[14.0393,37.1145]],[[13.1567,37.6142],[13.1718,37.6172],[13.1789,37.6254],[13.1762,37.6348],[13.1505,37.6421],[13.1404,37.6294],[13.1567,37.6142]]],[[[12.8599,35.8722],[12.874,35.8664],[12.8726,35.8523],[12.8509,35.8559],[12.8459,35.8627],[12.8599,35.8722]]],[[[12.6218,35.5098],[12.6213,35.4923],[12.6111,35.4892],[12.5261,35.5167],[12.5557,35.5212],[12.6218,35.5098]]]]},"properties":{"registry":"ISMAC","label":"ISMAC, Sicilian registry of congenital anomalies (EUROCAT)","country":"Italy","status":"covered","area":"Sicily","website":"https://www.orpha.net/en/research-trials/registry/52840","source":"Orphanet registry records (Research and trials, Patient registries), read 11 September 2026, and each registry's stated scope; administrative boundaries from Natural Earth 10m admin-0 and admin-1 (public domain)."}},{"type":"Feature","geometry":{"type":"MultiPolygon","coordinates":[[[[14.3346,37.0006],[14.2788,37.044],[14.2085,37.0811],[14.1263,37.1123],[14.0886,37.1177],[14.0393,37.1145],[14.0258,37.1517],[13.996,37.1807],[13.9891,37.1974],[14.0172,37.2528],[14.0195,37.2778],[13.9632,37.3302],[13.9273,37.3304],[13.8821,37.3603],[13.8815,37.3671],[13.9071,37.3898],[13.8898,37.405],[13.8613,37.4039],[13.8478,37.4331],[13.7384,37.4325],[13.7074,37.4405],[13.6767,37.4572],[13.6441,37.4589],[13.6435,37.4756],[13.6578,37.4875],[13.6817,37.4941],[13.6903,37.5153],[13.6915,37.5373],[13.6693,37.573],[13.6715,37.588],[13.6814,37.5939],[13.7098,37.583],[13.733,37.5852],[13.8169,37.6193],[13.8169,37.6424],[13.7962,37.667],[13.7814,37.6752],[13.7324,37.683],[13.7734,37.7254],[13.8033,37.7335],[13.8364,37.6946],[13.8815,37.6756],[13.9065,37.6069],[13.9565,37.5855],[13.9747,37.5832],[13.9966,37.5901],[14.0165,37.6019],[14.0473,37.6382],[14.0601,37.643],[14.0847,37.6428],[14.1544,37.6094],[14.1567,37.5901],[14.1366,37.5738],[14.1384,37.5474],[14.1276,37.5253],[14.1452,37.5048],[14.147,37.4909],[14.077,37.4291],[14.0694,37.4126],[14.0748,37.3747],[14.0901,37.346],[14.104,37.3387],[14.1303,37.3414],[14.1699,37.3252],[14.2426,37.344],[14.2617,37.3432],[14.3193,37.304],[14.3525,37.306],[14.354,37.2844],[14.3765,37.2577],[14.383,37.2383],[14.3813,37.1983],[14.3888,37.1839],[14.4373,37.1718],[14.4606,37.1558],[14.4723,37.1342],[14.4628,37.1108],[14.4358,37.0955],[14.4322,37.0869],[14.444,37.0529],[14.3346,37.0006]]],[[[14.0503,37.7219],[14.0824,37.7127],[14.0879,37.7017],[14.0794,37.6873],[14.051,37.6765],[14.0102,37.6779],[14.0114,37.6902],[14.0503,37.7219]]]]},"properties":{"registry":"ISMAC","label":"ISMAC, Sicilian registry of congenital anomalies (EUROCAT)","country":"Italy","status":"covered","area":"Sicily","website":"https://www.orpha.net/en/research-trials/registry/52840","source":"Orphanet registry records (Research and trials, Patient registries), read 11 September 2026, and each registry's stated scope; administrative boundaries from Natural Earth 10m admin-0 and admin-1 (public domain)."}},{"type":"Feature","geometry":{"type":"MultiPolygon","coordinates":[[[[15.0003,36.7024],[14.9824,36.6889],[14.9186,36.7199],[14.8822,36.7307],[14.8469,36.7263],[14.7808,36.6994],[14.7734,36.71],[14.7609,36.7062],[14.7443,36.7191],[14.6846,36.726],[14.6589,36.7538],[14.5822,36.7813],[14.5659,36.7783],[14.4873,36.7934],[14.3945,36.945],[14.3346,37.0006],[14.3518,37.0026],[14.444,37.0529],[14.4704,37.0532],[14.5192,37.0707],[14.5646,37.0539],[14.5928,37.0739],[14.6279,37.0846],[14.7045,37.1232],[14.7135,37.1243],[14.7424,37.1005],[14.7566,37.1002],[14.7639,37.1057],[14.7659,37.129],[14.7788,37.135],[14.7937,37.132],[14.8353,37.0415],[14.9018,36.9906],[14.9241,36.939],[14.9233,36.9316],[14.9069,36.9308],[14.848,36.9734],[14.8369,36.9744],[14.849,36.9292],[14.8594,36.9174],[14.9287,36.8817],[14.936,36.872],[14.9371,36.8625],[14.9272,36.8516],[14.8522,36.8618],[14.8409,36.8475],[14.8433,36.8368],[14.8626,36.824],[14.9702,36.7949],[14.9856,36.7835],[15.0003,36.7024]]]]},"properties":{"registry":"ISMAC","label":"ISMAC, Sicilian registry of congenital anomalies (EUROCAT)","country":"Italy","status":"covered","area":"Sicily","website":"https://www.orpha.net/en/research-trials/registry/52840","source":"Orphanet registry records (Research and trials, Patient registries), read 11 September 2026, and each registry's stated scope; administrative boundaries from Natural Earth 10m admin-0 and admin-1 (public domain)."}},{"type":"Feature","geometry":{"type":"MultiPolygon","coordinates":[[[[15.0925,37.3588],[15.1107,37.3218],[15.18,37.2908],[15.2175,37.285],[15.252,37.2577],[15.2612,37.2338],[15.2449,37.2462],[15.2202,37.2202],[15.2217,37.2375],[15.2158,37.2447],[15.2054,37.2447],[15.1929,37.24],[15.1991,37.2276],[15.1834,37.2075],[15.1947,37.1763],[15.2165,37.1552],[15.2332,37.1649],[15.2476,37.1587],[15.2476,37.1518],[15.2292,37.1496],[15.2318,37.1349],[15.2466,37.1182],[15.3032,37.1012],[15.3079,37.0867],[15.3027,37.0625],[15.2879,37.069],[15.282,37.0609],[15.2837,37.0484],[15.2918,37.042],[15.3211,37.0402],[15.3324,37.0116],[15.3247,37.0085],[15.3089,37.0178],[15.2681,37.0004],[15.2749,36.9936],[15.2638,36.9871],[15.2681,36.9731],[15.2445,36.9721],[15.1747,36.9441],[15.1584,36.9242],[15.1066,36.8086],[15.094,36.7995],[15.1172,36.7471],[15.1343,36.6752],[15.1145,36.6599],[15.0939,36.6549],[15.0736,36.6591],[15.0331,36.6939],[15.0003,36.7024],[14.9956,36.7656],[14.9856,36.7835],[14.9702,36.7949],[14.8626,36.824],[14.8433,36.8368],[14.8409,36.8475],[14.8522,36.8618],[14.9272,36.8516],[14.9371,36.8625],[14.936,36.872],[14.9287,36.8817],[14.8594,36.9174],[14.849,36.9292],[14.8369,36.9744],[14.848,36.9734],[14.9069,36.9308],[14.9233,36.9316],[14.9241,36.939],[14.9018,36.9906],[14.8353,37.0415],[14.7957,37.1214],[14.7937,37.132],[14.8215,37.1235],[14.8387,37.129],[14.8469,37.1549],[14.8649,37.1746],[14.8646,37.197],[14.8559,37.2023],[14.8073,37.198],[14.777,37.2169],[14.7773,37.2275],[14.7878,37.2397],[14.8573,37.2711],[14.8702,37.2934],[14.8673,37.3149],[14.8433,37.3246],[14.8075,37.317],[14.7878,37.3335],[14.8299,37.358],[14.8512,37.386],[14.9011,37.4103],[14.9239,37.4108],[14.946,37.4023],[14.9814,37.3736],[15.0315,37.3775],[15.0925,37.3588]]]]},"properties":{"registry":"ISMAC","label":"ISMAC, Sicilian registry of congenital anomalies (EUROCAT)","country":"Italy","status":"covered","area":"Sicily","website":"https://www.orpha.net/en/research-trials/registry/52840","source":"Orphanet registry records (Research and trials, Patient registries), read 11 September 2026, and each registry's stated scope; administrative boundaries from Natural Earth 10m admin-0 and admin-1 (public domain)."}},{"type":"Feature","geometry":{"type":"MultiPolygon","coordinates":[[[[15.2599,37.8078],[15.2412,37.7956],[15.2066,37.7477],[15.2202,37.7067],[15.2022,37.6854],[15.1968,37.6551],[15.1638,37.5677],[15.1159,37.5223],[15.0967,37.4945],[15.0895,37.4595],[15.0925,37.3588],[15.0588,37.3644],[15.0315,37.3775],[14.9911,37.3708],[14.9367,37.4071],[14.9011,37.4103],[14.8512,37.386],[14.8299,37.358],[14.7878,37.3335],[14.8075,37.317],[14.8433,37.3246],[14.8673,37.3149],[14.8702,37.2934],[14.8573,37.2711],[14.8024,37.249],[14.7773,37.2275],[14.777,37.2169],[14.7854,37.2082],[14.8073,37.198],[14.8559,37.2023],[14.8646,37.197],[14.8649,37.1746],[14.8469,37.1549],[14.8387,37.129],[14.8215,37.1235],[14.7715,37.1337],[14.7659,37.129],[14.7639,37.1057],[14.7497,37.0991],[14.7357,37.1038],[14.7135,37.1243],[14.7045,37.1232],[14.6279,37.0846],[14.5928,37.0739],[14.5646,37.0539],[14.5192,37.0707],[14.4704,37.0532],[14.444,37.0529],[14.4322,37.0869],[14.4358,37.0955],[14.4628,37.1108],[14.4723,37.1342],[14.4606,37.1558],[14.4373,37.1718],[14.3888,37.1839],[14.3813,37.1983],[14.383,37.2383],[14.3765,37.2577],[14.354,37.2844],[14.3525,37.306],[14.405,37.2934],[14.432,37.2937],[14.4549,37.3037],[14.434,37.3297],[14.4478,37.3449],[14.4766,37.3213],[14.5081,37.3116],[14.5177,37.3187],[14.5098,37.3521],[14.5266,37.3609],[14.5801,37.3656],[14.5876,37.3803],[14.5823,37.4002],[14.6287,37.4212],[14.6274,37.4296],[14.6115,37.4393],[14.5788,37.4513],[14.5338,37.4494],[14.5147,37.4631],[14.5083,37.4855],[14.5114,37.5028],[14.5285,37.5322],[14.5429,37.5425],[14.6263,37.5402],[14.6903,37.5559],[14.718,37.5435],[14.7721,37.5024],[14.7943,37.5234],[14.799,37.537],[14.7947,37.5675],[14.8356,37.5966],[14.8179,37.638],[14.7996,37.6469],[14.7919,37.6597],[14.7977,37.7128],[14.7314,37.6843],[14.7201,37.6892],[14.712,37.7068],[14.7135,37.7261],[14.7307,37.7487],[14.7158,37.7751],[14.7399,37.7919],[14.7422,37.8182],[14.7618,37.8196],[14.7893,37.8087],[14.7994,37.8255],[14.7944,37.8461],[14.7751,37.8628],[14.7637,37.8653],[14.7373,37.8549],[14.7311,37.8635],[14.7381,37.8917],[14.7615,37.9048],[14.761,37.9299],[14.7692,37.9424],[14.7885,37.951],[14.8175,37.9482],[14.8309,37.9632],[14.8508,37.9547],[14.8663,37.9324],[14.9049,37.9522],[14.929,37.9566],[14.9466,37.9425],[14.955,37.9124],[14.9795,37.8927],[15.0207,37.8909],[15.097,37.904],[15.144,37.8981],[15.2599,37.8078]]]]},"properties":{"registry":"ISMAC","label":"ISMAC, Sicilian registry of congenital anomalies (EUROCAT)","country":"Italy","status":"covered","area":"Sicily","website":"https://www.orpha.net/en/research-trials/registry/52840","source":"Orphanet registry records (Research and trials, Patient registries), read 11 September 2026, and each registry's stated scope; administrative boundaries from Natural Earth 10m admin-0 and admin-1 (public domain)."}},{"type":"Feature","geometry":{"type":"MultiPolygon","coordinates":[[[[14.7422,37.8182],[14.7399,37.7919],[14.7158,37.7751],[14.7307,37.7487],[14.7135,37.7261],[14.7149,37.6974],[14.7314,37.6843],[14.7459,37.6869],[14.7977,37.7128],[14.7919,37.6597],[14.7996,37.6469],[14.8179,37.638],[14.8356,37.5966],[14.7947,37.5675],[14.799,37.537],[14.7844,37.5094],[14.7721,37.5024],[14.718,37.5435],[14.6903,37.5559],[14.6263,37.5402],[14.5429,37.5425],[14.5285,37.5322],[14.5114,37.5028],[14.5083,37.4855],[14.5147,37.4631],[14.5338,37.4494],[14.5788,37.4513],[14.6115,37.4393],[14.6274,37.4296],[14.6287,37.4212],[14.5823,37.4002],[14.5876,37.3803],[14.5801,37.3656],[14.5266,37.3609],[14.5098,37.3521],[14.5177,37.3187],[14.5081,37.3116],[14.4766,37.3213],[14.4478,37.3449],[14.434,37.3297],[14.4549,37.3037],[14.432,37.2937],[14.405,37.2934],[14.3525,37.306],[14.3193,37.304],[14.2617,37.3432],[14.2426,37.344],[14.1699,37.3252],[14.1303,37.3414],[14.104,37.3387],[14.0901,37.346],[14.0748,37.3747],[14.0694,37.4126],[14.077,37.4291],[14.147,37.4909],[14.1452,37.5048],[14.1276,37.5253],[14.1384,37.5474],[14.1366,37.5738],[14.1537,37.5838],[14.1569,37.6015],[14.1475,37.6144],[14.1349,37.6168],[14.1483,37.6238],[14.1632,37.6606],[14.1738,37.6714],[14.2124,37.6797],[14.2648,37.703],[14.2862,37.7328],[14.292,37.7575],[14.2613,37.7882],[14.2598,37.8091],[14.2664,37.8289],[14.2799,37.8402],[14.3046,37.8366],[14.4088,37.861],[14.4219,37.8595],[14.4476,37.8436],[14.4569,37.8089],[14.4755,37.801],[14.4933,37.8106],[14.5044,37.8502],[14.5356,37.8694],[14.5613,37.876],[14.5737,37.8714],[14.5745,37.8641],[14.5606,37.8392],[14.6029,37.8083],[14.6717,37.7995],[14.7422,37.8182]]]]},"properties":{"registry":"ISMAC","label":"ISMAC, Sicilian registry of congenital anomalies (EUROCAT)","country":"Italy","status":"covered","area":"Sicily","website":"https://www.orpha.net/en/research-trials/registry/52840","source":"Orphanet registry records (Research and trials, Patient registries), read 11 September 2026, and each registry's stated scope; administrative boundaries from Natural Earth 10m admin-0 and admin-1 (public domain)."}},{"type":"Feature","geometry":{"type":"MultiPolygon","coordinates":[[[[11.4515,42.3744],[11.3962,42.393],[11.3962,42.4004],[11.3766,42.4069],[11.3547,42.4072],[11.3621,42.4004],[11.333,42.4006],[11.2456,42.4223],[11.2113,42.4189],[11.1838,42.3663],[11.1559,42.3663],[11.1345,42.3842],[11.1066,42.3913],[11.0945,42.4027],[11.0869,42.4295],[11.0991,42.4429],[11.113,42.4464],[11.1642,42.4398],[11.1797,42.4565],[11.1884,42.4803],[11.1869,42.5208],[11.1585,42.564],[11.1287,42.5581],[11.0974,42.6069],[11.0809,42.6127],[11.0778,42.6322],[11.0057,42.6679],[10.99,42.7103],[10.9436,42.743],[10.8909,42.7639],[10.7313,42.8044],[10.7554,42.8192],[10.7649,42.8353],[10.7656,42.8771],[10.7777,42.8947],[10.7635,42.9183],[10.7051,42.9409],[10.7354,42.9779],[10.7384,43.0111],[10.7564,43.0142],[10.7705,43.0011],[10.7855,42.997],[10.791,43.0148],[10.7877,43.0557],[10.779,43.0671],[10.7243,43.0756],[10.7173,43.1085],[10.7374,43.1456],[10.7452,43.1492],[10.7769,43.1414],[10.7885,43.1566],[10.8008,43.1598],[10.8418,43.1525],[10.931,43.1622],[11.0396,43.1926],[11.0525,43.1882],[11.0595,43.1765],[11.0602,43.1222],[11.0809,43.088],[11.0893,43.0848],[11.1255,43.0911],[11.1576,43.0803],[11.2165,43.0925],[11.2895,43.0797],[11.361,43.0833],[11.3665,43.0627],[11.36,43.0437],[11.3589,42.9996],[11.3968,42.9668],[11.4494,42.954],[11.508,42.9801],[11.5417,42.964],[11.5754,42.9672],[11.6119,42.9479],[11.6197,42.929],[11.6198,42.8814],[11.6387,42.8312],[11.6326,42.815],[11.635,42.7998],[11.7472,42.7985],[11.7776,42.7768],[11.7858,42.7597],[11.8079,42.7383],[11.7889,42.711],[11.7869,42.6512],[11.7539,42.6433],[11.7352,42.6162],[11.6986,42.6017],[11.6712,42.577],[11.6206,42.5601],[11.6012,42.5695],[11.5882,42.5661],[11.5855,42.5359],[11.5659,42.5161],[11.6079,42.4873],[11.6018,42.4474],[11.4871,42.4305],[11.4719,42.4186],[11.4515,42.3744]]],[[[10.8958,42.3867],[10.9135,42.3752],[10.9398,42.3307],[10.9233,42.3187],[10.8618,42.3663],[10.8764,42.3744],[10.8758,42.3868],[10.8958,42.3867]]]]},"properties":{"registry":"Tuscan Registry","label":"Tuscan registry of congenital anomalies","country":"Italy","status":"covered","area":"Tuscany","website":"https://www.orpha.net/en/research-trials/registry/498995","source":"Orphanet registry records (Research and trials, Patient registries), read 11 September 2026, and each registry's stated scope; administrative boundaries from Natural Earth 10m admin-0 and admin-1 (public domain)."}},{"type":"Feature","geometry":{"type":"MultiPolygon","coordinates":[[[[10.7051,42.9409],[10.6325,42.9585],[10.5833,42.9597],[10.5391,42.9491],[10.5466,42.9348],[10.5186,42.9253],[10.4995,42.9405],[10.4776,42.9901],[10.5027,43.0056],[10.5171,43.0239],[10.5391,43.0794],[10.5357,43.1126],[10.5466,43.1471],[10.5344,43.1853],[10.5282,43.2468],[10.437,43.3886],[10.3591,43.4653],[10.3263,43.4769],[10.2934,43.5791],[10.4675,43.6363],[10.4905,43.6324],[10.4971,43.6083],[10.4711,43.5499],[10.4726,43.5236],[10.4959,43.4623],[10.496,43.3877],[10.5103,43.3693],[10.5301,43.3687],[10.5379,43.3589],[10.5414,43.3183],[10.5851,43.2905],[10.6542,43.3],[10.6784,43.3096],[10.7017,43.303],[10.696,43.2818],[10.6689,43.2536],[10.6692,43.2381],[10.6859,43.214],[10.6818,43.1973],[10.6451,43.1924],[10.6371,43.1848],[10.6387,43.1659],[10.711,43.1261],[10.7243,43.0756],[10.779,43.0671],[10.7877,43.0557],[10.791,43.0148],[10.7855,42.997],[10.7705,43.0011],[10.7564,43.0142],[10.7384,43.0111],[10.7354,42.9779],[10.7051,42.9409]]],[[[10.4434,42.8454],[10.4312,42.8279],[10.4367,42.8044],[10.43,42.7876],[10.4203,42.7764],[10.3888,42.7635],[10.408,42.7573],[10.4251,42.7408],[10.4307,42.7221],[10.4155,42.7089],[10.411,42.718],[10.3814,42.7226],[10.3643,42.7498],[10.3379,42.7648],[10.325,42.7648],[10.3137,42.743],[10.3045,42.7598],[10.2654,42.7446],[10.2454,42.7573],[10.24,42.7419],[10.2297,42.7354],[10.1472,42.7373],[10.1248,42.7431],[10.1068,42.7574],[10.1014,42.784],[10.1117,42.8013],[10.133,42.8119],[10.1795,42.8188],[10.2244,42.8044],[10.2659,42.8044],[10.259,42.8119],[10.2721,42.8188],[10.2721,42.8273],[10.3268,42.8262],[10.3221,42.8117],[10.3473,42.8059],[10.3814,42.8324],[10.3999,42.8688],[10.422,42.8708],[10.4434,42.8454]]],[[[9.8401,43.0652],[9.8548,43.0443],[9.8421,43.025],[9.823,43.0085],[9.8015,43.0078],[9.7846,43.0284],[9.8069,43.0664],[9.8401,43.0652]]],[[[10.297,42.3449],[10.3064,42.3515],[10.3159,42.3408],[10.3132,42.3239],[10.297,42.3449]]],[[[10.0916,42.5958],[10.0979,42.5839],[10.0858,42.5725],[10.0503,42.5819],[10.0726,42.6004],[10.0794,42.6139],[10.0843,42.6147],[10.0916,42.5958]]]]},"properties":{"registry":"Tuscan Registry","label":"Tuscan registry of congenital anomalies","country":"Italy","status":"covered","area":"Tuscany","website":"https://www.orpha.net/en/research-trials/registry/498995","source":"Orphanet registry records (Research and trials, Patient registries), read 11 September 2026, and each registry's stated scope; administrative boundaries from Natural Earth 10m admin-0 and admin-1 (public domain)."}},{"type":"Feature","geometry":{"type":"MultiPolygon","coordinates":[[[[10.2934,43.5791],[10.2618,43.8161],[10.3045,43.8228],[10.3718,43.8147],[10.4207,43.8247],[10.4476,43.802],[10.4452,43.7742],[10.4795,43.7556],[10.6037,43.7576],[10.6365,43.7746],[10.6534,43.8028],[10.679,43.8049],[10.7005,43.7963],[10.7279,43.7632],[10.7757,43.7371],[10.7935,43.719],[10.8659,43.7304],[10.8891,43.7085],[10.9073,43.6801],[10.9106,43.6513],[10.8894,43.628],[10.8289,43.6227],[10.8197,43.6134],[10.8363,43.5842],[10.8352,43.5312],[10.8438,43.4991],[10.8605,43.472],[10.8854,43.4599],[10.9521,43.4522],[10.9952,43.4039],[11.0048,43.3832],[11.005,43.3566],[10.9981,43.3472],[10.9604,43.3331],[10.9534,43.3176],[10.9616,43.2978],[10.9945,43.2694],[10.9889,43.2399],[10.981,43.2346],[10.9353,43.2405],[10.9293,43.2321],[10.9341,43.2026],[10.9123,43.1741],[10.9116,43.1626],[10.8418,43.1525],[10.8008,43.1598],[10.7885,43.1566],[10.7769,43.1414],[10.7403,43.1481],[10.7173,43.1085],[10.711,43.1261],[10.6457,43.1582],[10.6354,43.1754],[10.6371,43.1848],[10.6451,43.1924],[10.6818,43.1973],[10.6859,43.214],[10.6692,43.2381],[10.6689,43.2536],[10.696,43.2818],[10.7017,43.303],[10.6784,43.3096],[10.5995,43.2891],[10.5612,43.3017],[10.5414,43.3183],[10.5379,43.3589],[10.5301,43.3687],[10.5103,43.3693],[10.5021,43.3763],[10.4927,43.4004],[10.4959,43.4623],[10.4726,43.5236],[10.4711,43.5499],[10.4971,43.6083],[10.4905,43.6324],[10.2934,43.5791]]]]},"properties":{"registry":"Tuscan Registry","label":"Tuscan registry of congenital anomalies","country":"Italy","status":"covered","area":"Tuscany","website":"https://www.orpha.net/en/research-trials/registry/498995","source":"Orphanet registry records (Research and trials, Patient registries), read 11 September 2026, and each registry's stated scope; administrative boundaries from Natural Earth 10m admin-0 and admin-1 (public domain)."}},{"type":"Feature","geometry":{"type":"MultiPolygon","coordinates":[[[[10.2618,43.8161],[10.2516,43.8466],[10.2101,43.9202],[10.1807,43.9553],[10.1433,43.9751],[10.181,44.0002],[10.2158,44.04],[10.2321,44.0834],[10.2136,44.1187],[10.1885,44.1287],[10.1856,44.1359],[10.1978,44.1684],[10.1851,44.2054],[10.2314,44.2288],[10.247,44.249],[10.2539,44.2706],[10.2878,44.2824],[10.3592,44.272],[10.4002,44.2359],[10.4712,44.2246],[10.4839,44.1868],[10.5704,44.1256],[10.6105,44.1257],[10.6297,44.1142],[10.681,44.1029],[10.7166,44.0808],[10.7359,44.0321],[10.7267,44.0204],[10.7063,44.0147],[10.6687,43.9749],[10.6659,43.9323],[10.6451,43.8793],[10.6528,43.8695],[10.6734,43.8699],[10.6922,43.8622],[10.7168,43.8389],[10.7278,43.8141],[10.7111,43.7863],[10.6903,43.8021],[10.665,43.806],[10.6534,43.8028],[10.6365,43.7746],[10.6037,43.7576],[10.4795,43.7556],[10.4452,43.7742],[10.4476,43.802],[10.4296,43.8221],[10.3718,43.8147],[10.2618,43.8161]]]]},"properties":{"registry":"Tuscan Registry","label":"Tuscan registry of congenital anomalies","country":"Italy","status":"covered","area":"Tuscany","website":"https://www.orpha.net/en/research-trials/registry/498995","source":"Orphanet registry records (Research and trials, Patient registries), read 11 September 2026, and each registry's stated scope; administrative boundaries from Natural Earth 10m admin-0 and admin-1 (public domain)."}},{"type":"Feature","geometry":{"type":"MultiPolygon","coordinates":[[[[10.1433,43.9751],[10.1058,44.0168],[10.0285,44.0493],[10.0564,44.0907],[10.0532,44.0995],[10.0268,44.1143],[9.9899,44.1176],[9.9816,44.1312],[9.9815,44.1501],[9.9682,44.16],[9.8986,44.1664],[9.9083,44.1913],[9.9022,44.1999],[9.8848,44.2044],[9.8617,44.1859],[9.8521,44.2526],[9.7163,44.3299],[9.6898,44.3577],[9.6889,44.3701],[9.7514,44.3892],[9.7621,44.4094],[9.8203,44.4645],[9.8436,44.4795],[9.8663,44.483],[9.9356,44.4704],[9.9899,44.448],[10.0017,44.4282],[9.9849,44.4128],[10.0726,44.3521],[10.1218,44.3482],[10.1994,44.3183],[10.2293,44.2815],[10.2539,44.2706],[10.247,44.249],[10.2314,44.2288],[10.1851,44.2054],[10.1978,44.1684],[10.1856,44.1359],[10.1885,44.1287],[10.2136,44.1187],[10.2321,44.0834],[10.2158,44.04],[10.1433,43.9751]]]]},"properties":{"registry":"Tuscan Registry","label":"Tuscan registry of congenital anomalies","country":"Italy","status":"covered","area":"Tuscany","website":"https://www.orpha.net/en/research-trials/registry/498995","source":"Orphanet registry records (Research and trials, Patient registries), read 11 September 2026, and each registry's stated scope; administrative boundaries from Natural Earth 10m admin-0 and admin-1 (public domain)."}},{"type":"Feature","geometry":{"type":"MultiPolygon","coordinates":[[[[11.4046,43.547],[11.4529,43.5158],[11.475,43.4831],[11.5366,43.4519],[11.5444,43.4319],[11.5344,43.4105],[11.5355,43.3929],[11.5531,43.3734],[11.659,43.3208],[11.6906,43.2734],[11.7284,43.2556],[11.7521,43.236],[11.8274,43.2212],[11.864,43.1738],[11.8839,43.1603],[11.9069,43.1733],[11.9527,43.1738],[11.9227,43.1376],[11.9178,43.1224],[11.9332,43.0638],[11.9635,43.0731],[11.9778,43.0464],[11.9739,43.0202],[11.9517,42.99],[11.9322,42.9272],[11.9343,42.9153],[11.9517,42.8977],[11.937,42.8743],[11.889,42.8504],[11.8327,42.8326],[11.8009,42.8111],[11.7747,42.821],[11.7647,42.8187],[11.7472,42.7985],[11.635,42.7998],[11.6326,42.815],[11.6387,42.8312],[11.6198,42.8814],[11.6197,42.929],[11.6119,42.9479],[11.5681,42.9697],[11.5417,42.964],[11.508,42.9801],[11.4494,42.954],[11.3968,42.9668],[11.3589,42.9996],[11.36,43.0437],[11.3665,43.0627],[11.361,43.0833],[11.2895,43.0797],[11.2165,43.0925],[11.1576,43.0803],[11.1255,43.0911],[11.0893,43.0848],[11.0809,43.088],[11.0602,43.1222],[11.0595,43.1765],[11.0525,43.1882],[11.0396,43.1926],[11.0023,43.1788],[10.9116,43.1626],[10.9123,43.1741],[10.9341,43.2026],[10.9293,43.2321],[10.9353,43.2405],[10.981,43.2346],[10.9946,43.2532],[10.9945,43.2694],[10.9539,43.3103],[10.9604,43.3331],[10.9981,43.3472],[11.0069,43.3689],[10.9952,43.4039],[10.9521,43.4522],[10.9654,43.5139],[11.0275,43.5419],[11.0505,43.5377],[11.0824,43.5198],[11.111,43.4962],[11.1244,43.4751],[11.1756,43.5171],[11.1873,43.5174],[11.194,43.4867],[11.2055,43.4805],[11.2478,43.5007],[11.2788,43.5386],[11.2882,43.5357],[11.2985,43.5192],[11.3627,43.5257],[11.4046,43.547]]]]},"properties":{"registry":"Tuscan Registry","label":"Tuscan registry of congenital anomalies","country":"Italy","status":"covered","area":"Tuscany","website":"https://www.orpha.net/en/research-trials/registry/498995","source":"Orphanet registry records (Research and trials, Patient registries), read 11 September 2026, and each registry's stated scope; administrative boundaries from Natural Earth 10m admin-0 and admin-1 (public domain)."}},{"type":"Feature","geometry":{"type":"MultiPolygon","coordinates":[[[[11.7521,43.236],[11.7284,43.2556],[11.6906,43.2734],[11.659,43.3208],[11.5531,43.3734],[11.5355,43.3929],[11.5344,43.4105],[11.5444,43.4319],[11.5366,43.4519],[11.475,43.4831],[11.4529,43.5158],[11.3975,43.5482],[11.4228,43.5699],[11.5075,43.5873],[11.5086,43.6001],[11.4961,43.6156],[11.4989,43.6313],[11.5463,43.6398],[11.5631,43.6676],[11.6079,43.6911],[11.6084,43.6977],[11.5748,43.7305],[11.5791,43.7564],[11.625,43.8172],[11.6321,43.8453],[11.6499,43.8629],[11.6718,43.8739],[11.7163,43.8791],[11.7849,43.8475],[11.813,43.8244],[11.885,43.8154],[11.9357,43.7954],[11.9686,43.7731],[12.0678,43.7543],[12.1311,43.764],[12.1852,43.7429],[12.2138,43.763],[12.2499,43.7618],[12.2782,43.7713],[12.3576,43.7226],[12.3544,43.7111],[12.3248,43.6834],[12.3136,43.6922],[12.3099,43.7241],[12.3019,43.7289],[12.2777,43.6897],[12.2499,43.6824],[12.2197,43.6612],[12.1958,43.6534],[12.1935,43.6442],[12.2048,43.6168],[12.1375,43.5316],[12.1122,43.5279],[12.0976,43.5183],[12.1008,43.5083],[12.1295,43.4963],[12.1339,43.4812],[12.0382,43.4211],[12.0437,43.4123],[12.0737,43.4112],[12.0777,43.3739],[12.1326,43.3573],[12.1387,43.3],[12.1735,43.2968],[12.1985,43.3188],[12.211,43.3098],[12.2132,43.291],[12.1584,43.2627],[12.1221,43.2597],[12.0967,43.2455],[12.0374,43.2547],[12.0252,43.2462],[12.0144,43.2053],[12.0012,43.1906],[11.9527,43.1738],[11.9069,43.1733],[11.8839,43.1603],[11.864,43.1738],[11.8274,43.2212],[11.7521,43.236]]],[[[12.1776,43.8217],[12.2332,43.8126],[12.2399,43.8009],[12.1993,43.7805],[12.1822,43.7888],[12.1776,43.8217]]]]},"properties":{"registry":"Tuscan Registry","label":"Tuscan registry of congenital anomalies","country":"Italy","status":"covered","area":"Tuscany","website":"https://www.orpha.net/en/research-trials/registry/498995","source":"Orphanet registry records (Research and trials, Patient registries), read 11 September 2026, and each registry's stated scope; administrative boundaries from Natural Earth 10m admin-0 and admin-1 (public domain)."}},{"type":"Feature","geometry":{"type":"MultiPolygon","coordinates":[[[[10.7935,43.719],[10.7757,43.7371],[10.7279,43.7632],[10.7111,43.7863],[10.7278,43.8141],[10.7747,43.8013],[10.797,43.8154],[10.8133,43.8179],[10.8553,43.796],[10.9058,43.7994],[10.9476,43.8211],[10.9699,43.8059],[10.9779,43.7854],[11.057,43.7591],[11.0623,43.817],[11.0956,43.8257],[11.1469,43.8615],[11.1489,43.8699],[11.1354,43.895],[11.1586,43.9285],[11.178,44.0077],[11.1897,44.0241],[11.1895,44.0696],[11.2072,44.091],[11.2001,44.1047],[11.2294,44.1027],[11.2564,44.116],[11.203,44.1383],[11.1964,44.1505],[11.2036,44.1588],[11.2911,44.1708],[11.3343,44.2066],[11.3757,44.2117],[11.392,44.2324],[11.4025,44.2349],[11.4319,44.2271],[11.4494,44.2044],[11.496,44.1665],[11.5511,44.1627],[11.5718,44.1737],[11.6041,44.1625],[11.6108,44.1523],[11.5902,44.1354],[11.5882,44.1288],[11.5937,44.1259],[11.6445,44.1175],[11.6921,44.1306],[11.7363,44.1325],[11.7474,44.1266],[11.7202,44.0702],[11.6952,44.0384],[11.6815,44.0244],[11.6556,44.0209],[11.6512,44.0127],[11.6533,43.9864],[11.6831,43.9656],[11.6854,43.9385],[11.7086,43.9196],[11.7089,43.8848],[11.7163,43.8791],[11.6609,43.8702],[11.6321,43.8453],[11.625,43.8172],[11.5791,43.7564],[11.5748,43.7305],[11.6084,43.6977],[11.6079,43.6911],[11.5631,43.6676],[11.5463,43.6398],[11.4989,43.6313],[11.4961,43.6156],[11.5086,43.6001],[11.5075,43.5873],[11.4913,43.5803],[11.4228,43.5699],[11.3627,43.5257],[11.2985,43.5192],[11.2882,43.5357],[11.2788,43.5386],[11.2478,43.5007],[11.2055,43.4805],[11.194,43.4867],[11.1873,43.5174],[11.1756,43.5171],[11.1244,43.4751],[11.111,43.4962],[11.0824,43.5198],[11.0505,43.5377],[11.0275,43.5419],[10.9654,43.5139],[10.9521,43.4522],[10.8854,43.4599],[10.8605,43.472],[10.8438,43.4991],[10.8352,43.5312],[10.8363,43.5842],[10.8197,43.6134],[10.8289,43.6227],[10.8894,43.628],[10.9106,43.6513],[10.9073,43.6801],[10.8891,43.7085],[10.8659,43.7304],[10.7935,43.719]]]]},"properties":{"registry":"Tuscan Registry","label":"Tuscan registry of congenital anomalies","country":"Italy","status":"covered","area":"Tuscany","website":"https://www.orpha.net/en/research-trials/registry/498995","source":"Orphanet registry records (Research and trials, Patient registries), read 11 September 2026, and each registry's stated scope; administrative boundaries from Natural Earth 10m admin-0 and admin-1 (public domain)."}},{"type":"Feature","geometry":{"type":"MultiPolygon","coordinates":[[[[10.6578,43.8688],[10.6451,43.8793],[10.6659,43.9323],[10.6687,43.9749],[10.7063,44.0147],[10.7267,44.0204],[10.7359,44.0321],[10.7166,44.0808],[10.702,44.094],[10.6297,44.1142],[10.6105,44.1257],[10.636,44.1535],[10.7074,44.162],[10.734,44.1547],[10.8013,44.1176],[10.8346,44.1082],[10.9192,44.0678],[10.9619,44.1022],[10.9853,44.1259],[10.9907,44.14],[11.0097,44.1398],[11.0173,44.1335],[11.0013,44.1127],[11.0079,44.1041],[11.0483,44.0924],[11.0516,44.0681],[11.0158,43.9954],[11.0357,43.9957],[11.0539,43.9866],[11.0627,43.9739],[11.0367,43.9505],[11.0257,43.9316],[11.0249,43.8963],[11.0158,43.8697],[11.0259,43.8528],[11.0049,43.8286],[10.9641,43.8125],[10.9476,43.8211],[10.9058,43.7994],[10.8553,43.796],[10.8133,43.8179],[10.7631,43.8016],[10.7278,43.8141],[10.7079,43.8495],[10.6922,43.8622],[10.6578,43.8688]]]]},"properties":{"registry":"Tuscan Registry","label":"Tuscan registry of congenital anomalies","country":"Italy","status":"covered","area":"Tuscany","website":"https://www.orpha.net/en/research-trials/registry/498995","source":"Orphanet registry records (Research and trials, Patient registries), read 11 September 2026, and each registry's stated scope; administrative boundaries from Natural Earth 10m admin-0 and admin-1 (public domain)."}},{"type":"Feature","geometry":{"type":"MultiPolygon","coordinates":[[[[11.2001,44.1047],[11.2072,44.091],[11.1895,44.0696],[11.1897,44.0241],[11.178,44.0077],[11.1586,43.9285],[11.1354,43.895],[11.1489,43.8699],[11.1469,43.8615],[11.0956,43.8257],[11.0623,43.817],[11.057,43.7591],[10.9779,43.7854],[10.9641,43.8125],[11.0049,43.8286],[11.0244,43.8463],[11.0158,43.8697],[11.0249,43.8963],[11.0257,43.9316],[11.0367,43.9505],[11.0627,43.9739],[11.0539,43.9866],[11.0357,43.9957],[11.0158,43.9954],[11.0516,44.0681],[11.0483,44.0924],[11.2001,44.1047]]]]},"properties":{"registry":"Tuscan Registry","label":"Tuscan registry of congenital anomalies","country":"Italy","status":"covered","area":"Tuscany","website":"https://www.orpha.net/en/research-trials/registry/498995","source":"Orphanet registry records (Research and trials, Patient registries), read 11 September 2026, and each registry's stated scope; administrative boundaries from Natural Earth 10m admin-0 and admin-1 (public domain)."}},{"type":"Feature","geometry":{"type":"MultiPolygon","coordinates":[[[[7.1946,53.245],[7.1954,53.185],[7.1719,53.1377],[7.1851,53.1054],[7.1944,53.0338],[7.1928,52.998],[7.1836,52.9661],[7.1619,52.9326],[7.0722,52.8413],[7.0481,52.8611],[7.0178,52.8704],[7.039,52.9039],[7.0382,52.9122],[6.9355,52.9884],[6.7348,53.1144],[6.6987,53.119],[6.6315,53.1056],[6.617,53.1245],[6.564,53.16],[6.5306,53.1912],[6.4684,53.2045],[6.4137,53.1778],[6.3854,53.1582],[6.3542,53.1084],[6.3301,53.0881],[6.2648,53.1092],[6.2049,53.1154],[6.183,53.1243],[6.1737,53.1315],[6.1691,53.1529],[6.176,53.1744],[6.2234,53.2165],[6.2179,53.2406],[6.2502,53.2837],[6.2871,53.3099],[6.2761,53.3136],[6.2789,53.3359],[6.2737,53.3447],[6.2341,53.3449],[6.2133,53.3573],[6.1801,53.3643],[6.1703,53.3861],[6.186,53.411],[6.2739,53.4127],[6.3115,53.399],[6.3456,53.4127],[6.4944,53.4387],[6.7302,53.4606],[6.8291,53.4506],[6.8669,53.4343],[6.9006,53.3518],[6.9486,53.3261],[7.02,53.3061],[7.0378,53.3096],[7.0583,53.3019],[7.0855,53.3096],[7.0855,53.3028],[7.0735,53.2956],[7.0807,53.2668],[7.1946,53.245]]],[[[6.4412,53.5566],[6.4551,53.5581],[6.5101,53.5436],[6.4964,53.5362],[6.4412,53.5566]]]]},"properties":{"registry":"EUROCAT Northern Netherlands","label":"EUROCAT Northern Netherlands","country":"Netherlands","status":"covered","area":"Groningen, Friesland and Drenthe","website":"https://www.orpha.net/en/research-trials/registry/183949","source":"Orphanet registry records (Research and trials, Patient registries), read 11 September 2026, and each registry's stated scope; administrative boundaries from Natural Earth 10m admin-0 and admin-1 (public domain)."}},{"type":"Feature","geometry":{"type":"MultiPolygon","coordinates":[[[[7.0722,52.8413],[7.0533,52.7906],[7.0367,52.6474],[7.0185,52.626],[6.9677,52.6367],[6.9184,52.6322],[6.8654,52.642],[6.7705,52.641],[6.7191,52.6268],[6.7078,52.6309],[6.7058,52.6466],[6.6964,52.6522],[6.6112,52.6726],[6.582,52.6694],[6.5208,52.6459],[6.5216,52.6115],[6.4742,52.6243],[6.4484,52.6179],[6.429,52.628],[6.3866,52.6185],[6.3654,52.6417],[6.325,52.6678],[6.273,52.6679],[6.2179,52.6862],[6.1972,52.6789],[6.1791,52.6821],[6.1649,52.6934],[6.1303,52.7485],[6.1399,52.7587],[6.1663,52.7665],[6.2024,52.7882],[6.2069,52.7967],[6.1295,52.8534],[6.2142,52.8929],[6.2654,52.9257],[6.3145,52.9222],[6.348,52.9084],[6.3958,52.9278],[6.4295,52.9594],[6.4338,52.9693],[6.4217,52.9846],[6.3675,53.0285],[6.3546,53.0636],[6.3077,53.0784],[6.3095,53.0921],[6.338,53.0909],[6.3854,53.1582],[6.4684,53.2045],[6.5306,53.1912],[6.564,53.16],[6.617,53.1245],[6.6315,53.1056],[6.6987,53.119],[6.7405,53.1119],[6.9355,52.9884],[7.0382,52.9122],[7.039,52.9039],[7.0178,52.8704],[7.0481,52.8611],[7.0722,52.8413]]]]},"properties":{"registry":"EUROCAT Northern Netherlands","label":"EUROCAT Northern Netherlands","country":"Netherlands","status":"covered","area":"Groningen, Friesland and Drenthe","website":"https://www.orpha.net/en/research-trials/registry/183949","source":"Orphanet registry records (Research and trials, Patient registries), read 11 September 2026, and each registry's stated scope; administrative boundaries from Natural Earth 10m admin-0 and admin-1 (public domain)."}},{"type":"Feature","geometry":{"type":"MultiPolygon","coordinates":[[[[5.1798,53.009],[5.3128,53.0828],[5.3792,53.0974],[5.3998,53.1221],[5.4271,53.1903],[5.4474,53.2209],[5.5042,53.257],[5.541,53.2666],[5.5916,53.3028],[5.6597,53.312],[5.6946,53.3301],[5.9808,53.4061],[6.186,53.411],[6.1703,53.3861],[6.1801,53.3643],[6.2133,53.3573],[6.2341,53.3449],[6.2737,53.3447],[6.2789,53.3359],[6.2761,53.3136],[6.2871,53.3089],[6.254,53.2882],[6.2179,53.2406],[6.226,53.2206],[6.176,53.1744],[6.1691,53.1529],[6.1737,53.1315],[6.1962,53.1171],[6.2648,53.1092],[6.3095,53.0921],[6.3077,53.0784],[6.3546,53.0636],[6.3675,53.0285],[6.4338,52.9693],[6.402,52.9319],[6.348,52.9084],[6.3145,52.9222],[6.2654,52.9257],[6.2142,52.8929],[6.1295,52.8534],[6.0519,52.8393],[6.0324,52.8211],[5.9931,52.8228],[5.9593,52.8416],[5.9279,52.8334],[5.909,52.8167],[5.8794,52.8059],[5.8379,52.8077],[5.8224,52.815],[5.7852,52.8037],[5.7751,52.819],[5.7405,52.8387],[5.6808,52.8379],[5.6323,52.8281],[5.5579,52.7926],[5.3718,52.7893],[5.2602,52.8654],[5.1798,53.009]]],[[[4.8789,53.2209],[4.9212,53.2537],[4.9865,53.29],[5.0545,53.3138],[5.1048,53.3096],[5.1048,53.3028],[5.0781,53.3028],[5.0365,53.2918],[4.8789,53.2209]]],[[[5.4236,53.4304],[5.437,53.4365],[5.5853,53.4536],[5.562,53.4343],[5.4754,53.4269],[5.4817,53.4127],[5.4686,53.4085],[5.427,53.4064],[5.2083,53.3527],[5.1799,53.3531],[5.1677,53.3682],[5.1789,53.3854],[5.2324,53.3967],[5.2502,53.4064],[5.4236,53.4304]]],[[[5.674,53.4679],[5.9138,53.4739],[5.9546,53.4611],[5.8556,53.4474],[5.7528,53.4474],[5.679,53.4301],[5.6536,53.4337],[5.6361,53.4487],[5.6419,53.4634],[5.674,53.4679]]],[[[6.2118,53.5089],[6.3108,53.5141],[6.3387,53.5089],[6.3387,53.502],[6.1532,53.4688],[6.1333,53.4536],[6.1271,53.4631],[6.1333,53.4679],[6.1228,53.4816],[6.2118,53.5089]]]]},"properties":{"registry":"EUROCAT Northern Netherlands","label":"EUROCAT Northern Netherlands","country":"Netherlands","status":"covered","area":"Groningen, Friesland and Drenthe","website":"https://www.orpha.net/en/research-trials/registry/183949","source":"Orphanet registry records (Research and trials, Patient registries), read 11 September 2026, and each registry's stated scope; administrative boundaries from Natural Earth 10m admin-0 and admin-1 (public domain)."}},{"type":"Feature","geometry":{"type":"MultiPolygon","coordinates":[[[[18.8332,49.5103],[18.7884,49.6686],[18.6177,49.7139],[18.5592,49.9072],[18.2925,49.9078],[18.0024,50.0468],[18.0324,50.0028],[17.8394,49.9736],[17.6328,50.1063],[17.5894,50.1632],[17.7476,50.2175],[17.708,50.311],[17.4242,50.2406],[16.893,50.4329],[17.0148,50.2185],[16.6606,50.093],[16.3437,50.37],[16.1996,50.4063],[16.4259,50.5676],[16.3316,50.644],[15.982,50.6036],[15.9715,50.6786],[15.7922,50.7427],[15.3561,50.7755],[15.2698,50.9527],[15.1444,51.0116],[14.961,50.9927],[14.9821,50.8591],[14.8104,50.8584],[15.0195,51.2717],[14.9451,51.4492],[14.71,51.5302],[14.7325,51.6583],[14.5858,51.8039],[14.7614,52.0767],[14.6864,52.121],[14.7124,52.2359],[14.5454,52.3822],[14.6448,52.5769],[14.1239,52.8507],[14.1445,52.9599],[14.3433,53.0486],[14.4416,53.2518],[14.2639,53.7],[14.2942,53.7491],[14.5906,53.5984],[14.6238,53.6528],[14.5449,53.704],[14.6306,53.8515],[14.4319,53.9062],[14.3189,53.8182],[14.1753,53.9065],[16.1792,54.263],[16.5696,54.5572],[17.3374,54.749],[18.1524,54.8383],[18.4563,54.7877],[18.4131,54.7319],[18.523,54.6466],[18.5881,54.4337],[18.8859,54.3502],[19.6095,54.4567],[22.6984,54.3429],[22.8376,54.4009],[23.449,54.1549],[23.5909,53.6113],[23.8937,53.152],[23.9225,52.7426],[23.3923,52.5096],[23.1656,52.2894],[23.6375,52.0845],[23.6764,51.9941],[23.5434,51.5927],[23.6976,51.4044],[23.6352,51.3047],[24.1432,50.8564],[23.9576,50.808],[24.081,50.713],[24.1077,50.5408],[23.9813,50.4048],[23.6822,50.3682],[22.6658,49.5674],[22.7378,49.2754],[22.6817,49.1612],[22.8534,49.0848],[22.8553,48.994],[22.0408,49.1975],[21.9284,49.3308],[21.6012,49.4265],[21.0688,49.4192],[20.919,49.2903],[20.6895,49.4005],[20.3177,49.3916],[20.1359,49.3089],[20.0505,49.1732],[19.7607,49.1942],[19.7693,49.3931],[19.627,49.4019],[19.4573,49.5981],[19.1417,49.3942],[18.9623,49.3892],[18.8332,49.5103]]]]},"properties":{"registry":"PRCM","label":"Polish Registry of Congenital Malformations (EUROCAT)","country":"Poland","status":"covered","area":"Poland, national","website":"https://www.orpha.net/en/research-trials/registry/181308","source":"Orphanet registry records (Research and trials, Patient registries), read 11 September 2026, and each registry's stated scope; administrative boundaries from Natural Earth 10m admin-0 and admin-1 (public domain)."}},{"type":"Feature","geometry":{"type":"MultiPolygon","coordinates":[[[[-7.1049,38.8272],[-7.2704,38.7375],[-7.3592,38.4464],[-7.1035,38.1736],[-6.9475,38.1966],[-7.024,38.0226],[-7.2727,37.977],[-7.5297,37.5672],[-7.4076,37.1649],[-7.8196,36.9987],[-8.5801,37.124],[-8.9979,37.0215],[-8.7522,37.7308],[-8.8087,37.7229],[-8.8048,37.9019],[-8.8948,37.9525],[-8.7744,38.1869],[-8.7951,38.3592],[-9.2306,38.4187],[-9.1838,38.5515],[-9.2527,38.6655],[-9.1077,38.6589],[-8.9426,38.7756],[-9.1125,38.7142],[-9.4717,38.7025],[-9.4975,38.8098],[-9.3509,39.1973],[-9.4093,39.3752],[-9.2176,39.4062],[-9.0904,39.5793],[-8.8682,40.1248],[-8.785,40.1187],[-8.9084,40.2007],[-8.753,40.6408],[-8.5727,40.7556],[-8.6684,40.7475],[-8.6553,40.8449],[-8.7508,40.6531],[-8.6483,41.1528],[-8.7372,41.2497],[-8.8305,41.6716],[-8.6962,41.722],[-8.8803,41.7369],[-8.8675,41.8591],[-8.6269,42.051],[-8.2224,42.1536],[-8.204,42.0696],[-8.0951,42.0409],[-8.2317,41.886],[-8.0935,41.8067],[-7.9061,41.9139],[-7.8966,41.8579],[-7.722,41.8993],[-7.4427,41.806],[-7.2187,41.879],[-7.1597,41.9857],[-6.6095,41.9623],[-6.5242,41.8674],[-6.5415,41.6589],[-6.2059,41.5703],[-6.3211,41.411],[-6.6466,41.2676],[-6.8044,41.0644],[-6.9425,41.016],[-6.8162,40.8568],[-6.8571,40.4421],[-6.7944,40.3564],[-7.0431,40.1814],[-6.8797,40.0092],[-7.0211,39.694],[-7.5573,39.6798],[-7.3135,39.4574],[-7.2441,39.1956],[-6.9857,39.0668],[-7.1049,38.8272]]],[[[-16.7887,32.6867],[-16.9768,32.6472],[-17.2521,32.8145],[-17.1849,32.8742],[-16.9197,32.8412],[-16.6727,32.7586],[-16.7887,32.6867]]],[[[-25.0668,37.0215],[-25.0271,36.9343],[-25.2017,36.9904],[-25.0668,37.0215]]],[[[-25.1978,37.8644],[-25.1568,37.7545],[-25.5057,37.7067],[-25.8595,37.8539],[-25.7646,37.9116],[-25.6807,37.8433],[-25.1978,37.8644]]],[[[-28.1095,38.4466],[-28.0542,38.3985],[-28.4595,38.4057],[-28.5489,38.5286],[-28.3745,38.5505],[-28.1095,38.4466]]],[[[-28.6097,38.5974],[-28.6234,38.5224],[-28.727,38.5149],[-28.8424,38.5994],[-28.6097,38.5974]]],[[[-27.891,38.6042],[-27.7965,38.5416],[-28.0345,38.5901],[-28.3155,38.7551],[-27.891,38.6042]]],[[[-27.0201,38.6937],[-27.2284,38.6411],[-27.3917,38.7589],[-27.1443,38.7961],[-27.0201,38.6937]]],[[[-31.2079,39.5086],[-31.1316,39.423],[-31.2548,39.3581],[-31.2809,39.4431],[-31.2079,39.5086]]]]},"properties":{"registry":"RENAC","label":"RENAC, Portuguese registry of congenital anomalies (EUROCAT)","country":"Portugal","status":"covered","area":"Portugal, national","website":"https://www.orpha.net/en/research-trials/registry/59379","source":"Orphanet registry records (Research and trials, Patient registries), read 11 September 2026, and each registry's stated scope; administrative boundaries from Natural Earth 10m admin-0 and admin-1 (public domain)."}},{"type":"Feature","geometry":{"type":"MultiPolygon","coordinates":[[[[-1.7941,43.386],[-1.7969,43.3411],[-1.7682,43.3309],[-1.7558,43.3185],[-1.7497,43.2948],[-1.7735,43.2897],[-1.7913,43.2774],[-1.8337,43.2295],[-1.8573,43.2229],[-1.8727,43.2277],[-1.8837,43.212],[-1.9085,43.2183],[-1.9193,43.1845],[-1.9125,43.1351],[-1.9267,43.1144],[-2.0146,43.067],[-2.0406,43.0276],[-2.0427,42.9945],[-2.0573,42.9838],[-2.0947,42.9755],[-2.1228,42.9496],[-2.1741,42.944],[-2.2141,42.9496],[-2.2317,42.9352],[-2.253,42.9001],[-2.2812,42.901],[-2.3084,42.9286],[-2.3547,42.9501],[-2.5031,42.9606],[-2.5352,42.9734],[-2.559,42.9628],[-2.6028,42.9824],[-2.5889,43.0101],[-2.5413,43.0258],[-2.5337,43.0345],[-2.5322,43.0473],[-2.5465,43.088],[-2.514,43.0932],[-2.5017,43.1032],[-2.4983,43.1187],[-2.5071,43.1615],[-2.4957,43.1684],[-2.4889,43.1837],[-2.4905,43.2224],[-2.4594,43.2273],[-2.4182,43.2675],[-2.4402,43.2881],[-2.4068,43.3293],[-2.3271,43.3068],[-2.2847,43.3035],[-2.1963,43.3148],[-2.1745,43.2974],[-2.1622,43.2943],[-2.1448,43.3011],[-2.1278,43.2874],[-2.0989,43.3041],[-1.9946,43.3284],[-1.9604,43.3431],[-1.9456,43.3426],[-1.9187,43.321],[-1.9047,43.3284],[-1.9257,43.3426],[-1.8849,43.356],[-1.8474,43.3809],[-1.7941,43.386]]]]},"properties":{"registry":"RACAV","label":"RACAV, registry of congenital anomalies of the Basque Country (EUROCAT)","country":"Spain","status":"covered","area":"Basque Country","website":"https://www.orpha.net/en/research-trials/registry/59706","source":"Orphanet registry records (Research and trials, Patient registries), read 11 September 2026, and each registry's stated scope; administrative boundaries from Natural Earth 10m admin-0 and admin-1 (public domain)."}},{"type":"Feature","geometry":{"type":"MultiPolygon","coordinates":[[[[-3.1506,43.3602],[-3.1124,43.3541],[-3.0895,43.3669],[-3.0082,43.3209],[-3.0293,43.3762],[-2.9994,43.3944],[-2.9399,43.4171],[-2.9467,43.4308],[-2.9053,43.4399],[-2.807,43.4417],[-2.7686,43.4525],[-2.7152,43.4245],[-2.6949,43.3886],[-2.691,43.3675],[-2.6778,43.4062],[-2.6612,43.4119],[-2.4835,43.3706],[-2.4644,43.3492],[-2.4068,43.3293],[-2.4402,43.2881],[-2.4182,43.2675],[-2.4594,43.2273],[-2.4905,43.2224],[-2.4889,43.1837],[-2.4957,43.1684],[-2.5071,43.1615],[-2.4983,43.1187],[-2.5017,43.1032],[-2.514,43.0932],[-2.5465,43.088],[-2.6002,43.0815],[-2.6374,43.0855],[-2.6587,43.0729],[-2.6352,43.0471],[-2.6298,43.0355],[-2.6331,43.0249],[-2.6679,43.0272],[-2.6979,43.0206],[-2.7384,43.0332],[-2.7819,43.0267],[-2.8512,43.0469],[-2.8954,43.0475],[-2.9483,43.0839],[-2.9568,43.096],[-2.9359,43.1469],[-2.9504,43.1735],[-2.9705,43.1933],[-2.9993,43.205],[-3.0218,43.1917],[-3.0315,43.1609],[-3.1041,43.1452],[-3.1418,43.1651],[-3.1422,43.1748],[-3.1515,43.1814],[-3.2297,43.187],[-3.2595,43.2012],[-3.3624,43.1579],[-3.4238,43.1406],[-3.4409,43.1881],[-3.445,43.2242],[-3.4309,43.2435],[-3.3229,43.3001],[-3.2352,43.2991],[-3.2035,43.2923],[-3.1602,43.3078],[-3.1495,43.3244],[-3.1506,43.3602]],[[-3.2992,43.2169],[-3.2674,43.2274],[-3.2689,43.2376],[-3.2861,43.2564],[-3.3042,43.2607],[-3.2992,43.2169]]]]},"properties":{"registry":"RACAV","label":"RACAV, registry of congenital anomalies of the Basque Country (EUROCAT)","country":"Spain","status":"covered","area":"Basque Country","website":"https://www.orpha.net/en/research-trials/registry/59706","source":"Orphanet registry records (Research and trials, Patient registries), read 11 September 2026, and each registry's stated scope; administrative boundaries from Natural Earth 10m admin-0 and admin-1 (public domain)."}},{"type":"Feature","geometry":{"type":"MultiPolygon","coordinates":[[[[-2.8299,42.6138],[-2.8417,42.6558],[-2.8525,42.6654],[-2.9179,42.7058],[-2.9434,42.7143],[-2.9687,42.7378],[-3.0314,42.7727],[-3.0635,42.7853],[-3.1196,42.7687],[-3.1363,42.7699],[-3.129,42.7863],[-3.1477,42.8037],[-3.1512,42.8176],[-3.1125,42.8683],[-3.1142,42.8869],[-3.1302,42.8886],[-3.1591,42.8646],[-3.1957,42.8603],[-3.2174,42.8297],[-3.2315,42.8359],[-3.2801,42.8804],[-3.2703,42.9009],[-3.2241,42.9438],[-3.1661,42.9429],[-3.1512,42.9343],[-3.141,42.9161],[-3.0847,42.9055],[-3.0292,42.9102],[-2.9791,42.9336],[-2.9834,42.951],[-3.0123,42.9585],[-3.0396,42.978],[-3.0394,42.987],[-2.9993,42.9895],[-2.9874,43.0089],[-2.9971,43.0208],[-3.0229,43.0313],[-3.0286,43.0473],[-3.0553,43.0431],[-3.0735,43.014],[-3.0849,43.0107],[-3.1216,43.0136],[-3.1651,43.0267],[-3.1485,43.0504],[-3.1418,43.1041],[-3.1651,43.1165],[-3.1726,43.1314],[-3.1595,43.1549],[-3.1418,43.1651],[-3.1041,43.1452],[-3.0433,43.1547],[-3.0253,43.1704],[-3.0154,43.1998],[-2.9993,43.205],[-2.9843,43.2018],[-2.9504,43.1735],[-2.9359,43.1469],[-2.9568,43.096],[-2.9483,43.0839],[-2.8954,43.0475],[-2.8512,43.0469],[-2.7819,43.0267],[-2.7384,43.0332],[-2.6979,43.0206],[-2.6679,43.0272],[-2.6366,43.0228],[-2.6298,43.0355],[-2.6568,43.0758],[-2.6225,43.0877],[-2.6002,43.0815],[-2.5465,43.088],[-2.5322,43.0473],[-2.5337,43.0345],[-2.5413,43.0258],[-2.5889,43.0101],[-2.6028,42.9824],[-2.559,42.9628],[-2.5352,42.9734],[-2.5031,42.9606],[-2.3547,42.9501],[-2.3084,42.9286],[-2.2812,42.901],[-2.253,42.9001],[-2.2391,42.8583],[-2.2423,42.8392],[-2.2744,42.791],[-2.2794,42.7509],[-2.3204,42.729],[-2.312,42.6829],[-2.2959,42.6779],[-2.2927,42.6631],[-2.3481,42.6381],[-2.3659,42.6379],[-2.3853,42.6561],[-2.4087,42.6602],[-2.4927,42.6093],[-2.4881,42.5899],[-2.4501,42.576],[-2.4213,42.5988],[-2.4007,42.5907],[-2.394,42.565],[-2.4061,42.4971],[-2.462,42.5073],[-2.4917,42.5201],[-2.5015,42.5377],[-2.524,42.5251],[-2.5288,42.5172],[-2.522,42.5104],[-2.5577,42.5108],[-2.5835,42.4967],[-2.5851,42.512],[-2.5951,42.5175],[-2.6179,42.5077],[-2.6847,42.5378],[-2.6856,42.5818],[-2.6994,42.5977],[-2.7474,42.6187],[-2.7697,42.6088],[-2.78,42.5856],[-2.813,42.5808],[-2.8268,42.5902],[-2.8127,42.6111],[-2.8299,42.6138]],[[-2.6263,42.7732],[-2.7261,42.7951],[-2.8166,42.794],[-2.8329,42.7873],[-2.8702,42.7447],[-2.8408,42.7178],[-2.8141,42.7029],[-2.7524,42.6818],[-2.6341,42.6548],[-2.5569,42.6534],[-2.5382,42.6434],[-2.526,42.6447],[-2.5129,42.6534],[-2.5258,42.6895],[-2.5661,42.6745],[-2.6008,42.7044],[-2.5982,42.7132],[-2.5713,42.7252],[-2.5561,42.7564],[-2.5781,42.7605],[-2.6015,42.7761],[-2.6263,42.7732]]]]},"properties":{"registry":"RACAV","label":"RACAV, registry of congenital anomalies of the Basque Country (EUROCAT)","country":"Spain","status":"covered","area":"Basque Country","website":"https://www.orpha.net/en/research-trials/registry/59706","source":"Orphanet registry records (Research and trials, Patient registries), read 11 September 2026, and each registry's stated scope; administrative boundaries from Natural Earth 10m admin-0 and admin-1 (public domain)."}},{"type":"Feature","geometry":{"type":"MultiPolygon","coordinates":[[[[6.1186,46.3318],[6.1364,46.3593],[6.1351,46.3704],[6.1082,46.3965],[6.0542,46.4194],[6.0676,46.4336],[6.0602,46.4599],[6.0642,46.4711],[6.1457,46.5516],[6.1215,46.5703],[6.1184,46.5835],[6.2663,46.6804],[6.3379,46.7074],[6.3742,46.7336],[6.4179,46.7511],[6.433,46.7691],[6.4326,46.786],[6.4171,46.8022],[6.4431,46.8515],[6.5218,46.8565],[6.6246,46.8923],[6.7255,46.939],[6.7264,46.917],[6.7457,46.8962],[6.7477,46.8746],[6.766,46.8453],[6.771,46.8191],[6.798,46.8003],[6.7935,46.7904],[6.8355,46.7802],[6.8678,46.7873],[6.8861,46.781],[6.9185,46.7862],[6.93,46.8049],[6.9112,46.8084],[6.9171,46.8356],[6.9299,46.8554],[6.901,46.8669],[6.9157,46.8751],[6.924,46.8718],[6.8751,46.9072],[6.9074,46.9255],[6.9665,46.8727],[6.9845,46.8814],[6.9899,46.8719],[6.9878,46.8496],[7.0014,46.8444],[6.9733,46.8192],[6.9693,46.7951],[6.9384,46.7653],[6.9214,46.7606],[6.9228,46.7551],[6.9437,46.7493],[6.94,46.741],[6.8762,46.6786],[6.8722,46.6643],[6.8092,46.6514],[6.807,46.5807],[6.8599,46.5831],[6.8872,46.5691],[6.9047,46.5693],[6.8666,46.5371],[6.8281,46.5429],[6.8196,46.531],[6.8379,46.5064],[6.8644,46.5051],[6.8948,46.5228],[6.9192,46.5189],[6.9747,46.4904],[6.9875,46.4593],[7.0003,46.4445],[7.0236,46.4523],[7.0326,46.467],[7.0598,46.4849],[7.1116,46.4959],[7.1552,46.5276],[7.2126,46.5396],[7.2425,46.5561],[7.2539,46.5386],[7.2526,46.5127],[7.234,46.486],[7.2351,46.4626],[7.2224,46.4474],[7.2032,46.4372],[7.2117,46.4092],[7.2004,46.3847],[7.2332,46.3641],[7.2267,46.3516],[7.2278,46.3314],[7.1985,46.3089],[7.196,46.2849],[7.1702,46.257],[7.1161,46.2198],[7.0449,46.1899],[6.9401,46.3076],[6.931,46.3343],[6.8945,46.3481],[6.8945,46.3748],[6.8666,46.4027],[6.8546,46.3977],[6.7881,46.405],[6.7777,46.4241],[6.7627,46.4293],[6.6137,46.4559],[6.547,46.4574],[6.4829,46.4486],[6.3977,46.4082],[6.3016,46.3945],[6.2691,46.375],[6.2195,46.3291],[6.2166,46.3095],[6.1742,46.3],[6.1186,46.3318]],[[6.7727,46.7189],[6.7918,46.7329],[6.7926,46.7478],[6.7868,46.7519],[6.7587,46.7404],[6.7562,46.7354],[6.7727,46.7189]],[[6.8629,46.7271],[6.8778,46.7346],[6.8885,46.7519],[6.8596,46.7734],[6.8248,46.742],[6.7975,46.7304],[6.8149,46.7271],[6.8339,46.7362],[6.8629,46.7271]]],[[[7.0211,46.9897],[7.0624,46.9782],[7.0732,46.9373],[7.0941,46.9077],[7.1069,46.9009],[7.0952,46.8916],[7.0844,46.895],[7.0675,46.8658],[7.0415,46.8524],[7.0248,46.8763],[7.0135,46.8805],[7.0211,46.9897]]]]},"properties":{"registry":"EUROCAT Vaud","label":"EUROCAT Vaud, registry of congenital malformations of the canton of Vaud","country":"Switzerland","status":"covered","area":"Canton of Vaud","website":"https://www.orpha.net/en/research-trials/registry/60053","source":"Orphanet registry records (Research and trials, Patient registries), read 11 September 2026, and each registry's stated scope; administrative boundaries from Natural Earth 10m admin-0 and admin-1 (public domain)."}},{"type":"Feature","geometry":{"type":"MultiPolygon","coordinates":[[[[-109.9993,48.9926],[-114.0638,48.9925],[-114.0375,49.0227],[-114.0375,49.0343],[-114.0483,49.0491],[-114.1038,49.0601],[-114.1477,49.0938],[-114.1598,49.117],[-114.1541,49.1482],[-114.2254,49.1859],[-114.2764,49.1876],[-114.3116,49.1985],[-114.3601,49.1985],[-114.3764,49.2046],[-114.3866,49.2167],[-114.3877,49.2296],[-114.3722,49.2503],[-114.3798,49.2579],[-114.4262,49.2641],[-114.4408,49.2923],[-114.4608,49.307],[-114.4702,49.3337],[-114.5205,49.3538],[-114.5377,49.3721],[-114.5572,49.3762],[-114.578,49.3945],[-114.5925,49.4178],[-114.5979,49.4441],[-114.5637,49.5389],[-114.5763,49.5562],[-114.6226,49.5434],[-114.6594,49.5531],[-114.6894,49.5473],[-114.7008,49.5651],[-114.7277,49.5737],[-114.7439,49.5876],[-114.7307,49.618],[-114.6809,49.6357],[-114.663,49.6859],[-114.6662,49.6966],[-114.6442,49.7143],[-114.6364,49.7298],[-114.6501,49.7591],[-114.6248,49.7802],[-114.6383,49.8271],[-114.6705,49.87],[-114.6864,49.9071],[-114.6833,49.9594],[-114.6501,49.963],[-114.6427,49.9729],[-114.6602,50.0151],[-114.6611,50.0643],[-114.6669,50.0716],[-114.6847,50.0759],[-114.7244,50.126],[-114.7328,50.1617],[-114.7326,50.2035],[-114.7536,50.2423],[-114.76,50.2879],[-114.7898,50.3278],[-114.7905,50.3381],[-114.7773,50.3455],[-114.7751,50.3541],[-114.856,50.4077],[-114.8795,50.4411],[-114.9997,50.5629],[-115.0276,50.5787],[-115.096,50.5892],[-115.1593,50.5787],[-115.1881,50.5477],[-115.2074,50.5448],[-115.2206,50.5504],[-115.239,50.5819],[-115.3125,50.636],[-115.3155,50.649],[-115.2883,50.6557],[-115.2872,50.6664],[-115.31,50.7052],[-115.3347,50.7252],[-115.3574,50.7329],[-115.3913,50.7164],[-115.4032,50.7224],[-115.4191,50.7542],[-115.4644,50.7605],[-115.4844,50.7806],[-115.5421,50.7997],[-115.5726,50.8348],[-115.6467,50.852],[-115.6452,50.8748],[-115.6329,50.8842],[-115.5808,50.8928],[-115.5719,50.9003],[-115.603,50.9299],[-115.6204,50.9702],[-115.6588,50.9793],[-115.6768,51.0069],[-115.695,51.0176],[-115.7569,51.0343],[-115.7786,51.073],[-115.8158,51.0842],[-115.9037,51.0875],[-115.9771,51.1146],[-116.0181,51.1424],[-116.0275,51.2197],[-116.0513,51.2412],[-116.1178,51.2524],[-116.1458,51.2632],[-116.1658,51.299],[-116.2339,51.3031],[-116.2575,51.3144],[-116.2747,51.3337],[-116.2766,51.3604],[-116.2999,51.3792],[-116.2958,51.4507],[-116.315,51.4663],[-116.366,51.481],[-116.3881,51.4951],[-116.405,51.5472],[-116.4609,51.5687],[-116.4947,51.6167],[-116.5764,51.6442],[-116.5933,51.6646],[-116.5961,51.709],[-116.6461,51.7585],[-116.6511,51.789],[-116.6716,51.8059],[-116.685,51.8094],[-116.7637,51.7919],[-116.8177,51.748],[-116.8199,51.7405],[-116.8066,51.7286],[-116.8227,51.713],[-116.8878,51.7057],[-116.9144,51.7084],[-116.9377,51.7199],[-116.9872,51.805],[-116.9944,51.8354],[-117.0266,51.8545],[-117.0316,51.8912],[-117.0474,51.9152],[-117.1119,51.965],[-117.1845,51.9877],[-117.2369,52.0295],[-117.2699,52.0451],[-117.2705,52.0626],[-117.288,52.0821],[-117.298,52.105],[-117.3019,52.1565],[-117.3189,52.182],[-117.3315,52.1817],[-117.3457,52.1482],[-117.3762,52.1341],[-117.4175,52.1345],[-117.493,52.1495],[-117.5908,52.1304],[-117.6164,52.1403],[-117.6645,52.1815],[-117.7537,52.2003],[-117.8218,52.2627],[-117.8218,52.2795],[-117.7422,52.3301],[-117.7294,52.352],[-117.727,52.373],[-117.7363,52.3913],[-117.7583,52.4051],[-117.8024,52.4157],[-117.8908,52.4255],[-117.9336,52.4415],[-117.992,52.4847],[-118.0119,52.4851],[-118.0452,52.4447],[-118.0386,52.4239],[-118.0433,52.4081],[-118.0636,52.3989],[-118.1558,52.3959],[-118.2113,52.3667],[-118.2266,52.3703],[-118.2324,52.3992],[-118.2584,52.4308],[-118.2589,52.4453],[-118.2503,52.4556],[-118.2086,52.4709],[-118.2074,52.4821],[-118.2438,52.4929],[-118.2759,52.5159],[-118.2842,52.534],[-118.2786,52.5592],[-118.2864,52.5694],[-118.3291,52.5881],[-118.348,52.6164],[-118.3524,52.6285],[-118.3166,52.6539],[-118.305,52.6672],[-118.3062,52.6775],[-118.3247,52.6956],[-118.3553,52.7484],[-118.3736,52.7614],[-118.4231,52.7786],[-118.4325,52.7909],[-118.4172,52.8262],[-118.4206,52.8403],[-118.4709,52.8624],[-118.4829,52.8926],[-118.4982,52.8997],[-118.5328,52.8968],[-118.605,52.8775],[-118.6243,52.887],[-118.6371,52.9298],[-118.6737,52.966],[-118.6633,53.0156],[-118.6722,53.0341],[-118.7125,53.0392],[-118.726,53.0612],[-118.7766,53.0532],[-118.7802,53.0676],[-118.7511,53.104],[-118.7514,53.1151],[-118.8502,53.1833],[-118.92,53.2094],[-118.9629,53.2333],[-118.9967,53.2365],[-119.0066,53.2311],[-119.0109,53.1928],[-119.0255,53.1756],[-119.0153,53.1422],[-119.0288,53.1346],[-119.0901,53.1573],[-119.1255,53.1615],[-119.1564,53.1825],[-119.2634,53.1983],[-119.3541,53.2834],[-119.3755,53.3234],[-119.3809,53.356],[-119.3933,53.3645],[-119.4256,53.3669],[-119.4764,53.3567],[-119.6061,53.3781],[-119.6317,53.3546],[-119.6416,53.3538],[-119.7416,53.3995],[-119.7908,53.4709],[-119.8274,53.5081],[-119.8481,53.5133],[-119.8826,53.5071],[-119.9049,53.5219],[-119.9091,53.532],[-119.8859,53.5568],[-119.887,53.5666],[-119.9309,53.6051],[-119.9265,53.6149],[-119.8808,53.6157],[-119.7937,53.6027],[-119.7537,53.6048],[-119.7325,53.6231],[-119.7371,53.6421],[-119.7897,53.6812],[-119.8077,53.7047],[-119.83,53.7075],[-119.8545,53.6979],[-119.8762,53.7098],[-119.9147,53.7159],[-119.9215,53.7295],[-119.9044,53.7753],[-119.9189,53.7834],[-119.9809,53.7906],[-119.9958,53.8054],[-120.001,53.8228],[-120.0,60.0001],[-110.0,60.0001],[-109.9993,48.9926]]]]},"properties":{"registry":"ACASS","label":"Alberta Congenital Anomalies Surveillance System","country":"Canada","status":"covered","area":"Alberta","website":null,"source":"Bedard T, Lowry RB, Sibbald B, et al. Am J Med Genet A 2015;167A(11):2599-2609, doi:10.1002/ajmg.a.37240"}},{"type":"Feature","geometry":{"type":"MultiPolygon","coordinates":[[[[-122.753,48.9925],[-95.1771,48.9927],[-95.1606,49.3695],[-94.8391,49.3089],[-94.7112,48.9146],[-94.7109,48.8075],[-94.5929,48.7264],[-94.2926,48.7119],[-94.2322,48.652],[-93.8749,48.6362],[-93.7568,48.5165],[-93.4918,48.5423],[-93.3857,48.6149],[-92.9797,48.6177],[-92.6486,48.5363],[-92.6275,48.5028],[-92.7189,48.4598],[-92.4906,48.4331],[-92.4625,48.3293],[-92.3719,48.2226],[-92.291,48.2496],[-92.2816,48.3318],[-92.0705,48.3467],[-91.9755,48.2366],[-91.7441,48.1796],[-91.6955,48.1376],[-91.7164,48.1121],[-91.5897,48.0883],[-91.5748,48.0482],[-91.2764,48.0648],[-90.8738,48.2343],[-90.7503,48.084],[-90.1204,48.1154],[-89.9205,47.9875],[-89.7633,48.0173],[-89.3636,47.9796],[-88.6427,48.2566],[-88.3765,48.3051],[-84.8787,46.8979],[-84.7733,46.6334],[-84.5666,46.4612],[-84.4922,46.4569],[-84.3897,46.5203],[-84.1104,46.5265],[-84.1588,46.4333],[-84.1054,46.3477],[-84.0968,46.2248],[-83.9646,46.0632],[-83.8393,46.1192],[-83.6139,46.1156],[-83.4628,46.0078],[-83.6369,45.7739],[-83.484,45.7719],[-82.5483,45.3346],[-82.1457,43.5764],[-82.4111,43.0513],[-82.5262,42.6199],[-82.8328,42.398],[-83.08,42.3051],[-83.1285,42.24],[-83.1595,42.0463],[-83.0684,41.8477],[-82.6669,41.6691],[-82.4249,41.6768],[-81.2767,42.2087],[-80.2466,42.3655],[-79.0194,42.8027],[-78.9091,42.9302],[-79.032,43.0134],[-79.0584,43.2778],[-79.1743,43.4645],[-78.7508,43.6171],[-76.8415,43.6255],[-76.4546,44.0842],[-76.3278,44.1815],[-76.1858,44.2257],[-76.1787,44.2786],[-76.0673,44.348],[-75.8703,44.4086],[-75.6997,44.5817],[-75.2702,44.8638],[-74.9037,45.0052],[-71.5041,45.0137],[-71.4066,45.2049],[-71.449,45.2269],[-71.3343,45.2887],[-71.1603,45.2458],[-70.9932,45.3478],[-70.8924,45.2346],[-70.813,45.4234],[-70.6413,45.4085],[-70.732,45.4916],[-70.6868,45.5727],[-70.4193,45.7169],[-70.4152,45.8044],[-70.2625,45.923],[-70.3163,45.983],[-70.3126,46.0796],[-70.244,46.141],[-70.2809,46.2119],[-70.1884,46.3584],[-70.0743,46.4195],[-70.0078,46.7041],[-69.2373,47.4588],[-69.0697,47.4319],[-69.0575,47.2695],[-68.9062,47.1902],[-68.518,47.3048],[-68.3856,47.3017],[-68.2997,47.3678],[-67.9932,47.2232],[-67.8136,47.0819],[-67.7578,45.9195],[-67.7992,45.8757],[-67.7728,45.8281],[-67.807,45.7129],[-67.6075,45.6201],[-67.4313,45.5979],[-67.4262,45.5334],[-67.4932,45.4931],[-67.4288,45.3871],[-67.4713,45.2663],[-67.3192,45.1539],[-67.255,45.205],[-67.176,45.1787],[-67.2039,45.1575],[-67.0401,44.9732],[-67.0627,44.9314],[-67.1173,44.9483],[-67.1217,44.8946],[-67.2034,44.9049],[-67.1487,44.8155],[-67.1418,44.8633],[-67.1003,44.8496],[-67.0885,44.8881],[-67.0436,44.834],[-67.0593,44.8974],[-66.9773,44.8155],[-67.1965,44.6442],[-67.2805,44.6314],[-67.332,44.7095],[-67.3957,44.6988],[-67.3672,44.6275],[-67.4094,44.5958],[-67.4347,44.6592],[-67.4543,44.6046],[-67.5544,44.6441],[-67.5937,44.6163],[-67.569,44.5387],[-67.6035,44.5281],[-67.6592,44.5667],[-67.728,44.5032],[-67.7446,44.5958],[-67.7861,44.5275],[-67.7827,44.6015],[-67.8284,44.5843],[-67.8749,44.5418],[-67.8476,44.4971],[-67.8892,44.4866],[-67.9022,44.3972],[-67.9022,44.4866],[-67.937,44.4086],[-67.9779,44.4991],[-68.0288,44.4685],[-67.9747,44.3953],[-68.0605,44.3283],[-68.1115,44.4801],[-68.1492,44.5008],[-68.1816,44.4591],[-68.202,44.5251],[-68.2221,44.4663],[-68.3081,44.529],[-68.2727,44.4519],[-68.3547,44.4661],[-68.4093,44.4046],[-68.4319,44.4866],[-68.4782,44.4934],[-68.4648,44.3898],[-68.4851,44.4319],[-68.5744,44.4108],[-68.5129,44.2464],[-68.5414,44.2373],[-68.732,44.3283],[-68.8208,44.3146],[-68.8039,44.3692],[-68.6993,44.4097],[-68.7184,44.4456],[-68.8162,44.4021],[-68.7426,44.5373],[-68.8016,44.5603],[-68.8071,44.4729],[-68.9866,44.4212],[-68.9375,44.332],[-68.999,44.2948],[-69.0883,44.1365],[-69.0652,44.0676],[-69.1914,43.9931],[-69.1914,43.9522],[-69.2634,43.9299],[-69.2195,44.0085],[-69.3105,43.9416],[-69.3032,43.9812],[-69.3695,43.9726],[-69.3643,44.0605],[-69.4941,43.8511],[-69.5402,43.8976],[-69.5476,43.8349],[-69.5675,43.9416],[-69.534,44.021],[-69.5858,43.9485],[-69.5924,43.8077],[-69.5948,43.8491],[-69.6701,43.8736],[-69.6228,43.9174],[-69.6569,43.9553],[-69.6296,44.0273],[-69.7592,43.8864],[-69.7463,43.8144],[-69.7047,43.842],[-69.758,43.7595],[-69.8073,43.9831],[-69.7747,44.06],[-69.8828,43.9766],[-69.8255,43.9701],[-69.7804,43.7635],[-69.8282,43.6983],[-69.8691,43.8696],[-69.9039,43.8566],[-69.8754,43.8323],[-69.8948,43.7893],[-69.9927,43.7256],[-69.9307,43.8491],[-70.0275,43.7399],[-69.9511,43.8491],[-70.02,43.8286],[-69.9994,43.8615],[-70.2869,43.6505],[-70.2109,43.635],[-70.2049,43.5611],[-70.3437,43.5395],[-70.3684,43.4672],[-70.3216,43.4525],[-70.5705,43.2985],[-70.5826,43.1886],[-70.6601,43.0941],[-70.7334,43.1204],[-70.7545,43.059],[-70.7085,43.0452],[-70.8033,42.9139],[-70.8092,42.8262],[-70.8638,42.8262],[-70.8058,42.8013],[-70.7751,42.7163],[-70.8236,42.7499],[-70.8196,42.7187],[-70.7416,42.6816],[-70.7571,42.6572],[-70.6823,42.6322],[-70.6317,42.6946],[-70.597,42.6345],[-70.878,42.5375],[-70.8917,42.5028],[-70.8382,42.4992],[-70.9221,42.4656],[-70.8917,42.4283],[-70.963,42.4383],[-70.9525,42.3594],[-71.0369,42.3725],[-71.0146,42.3389],[-71.0468,42.3215],[-70.9935,42.311],[-70.9553,42.2433],[-70.8673,42.2648],[-70.8985,42.3184],[-70.7418,42.2357],[-70.5908,42.0173],[-70.6378,42.0106],[-70.6483,42.0653],[-70.6651,42.0106],[-70.7148,42.0027],[-70.545,41.9406],[-70.5331,41.8162],[-70.4392,41.7561],[-70.0001,41.8163],[-70.0215,41.9069],[-69.9867,41.9212],[-70.0379,41.9416],[-70.0687,41.8933],[-70.0999,42.0374],[-70.1656,42.0638],[-70.1893,42.0179],[-70.2468,42.0615],[-70.1922,42.0861],[-70.0812,42.0584],[-69.9247,41.8381],[-69.972,41.8392],[-69.9798,41.7971],[-69.9342,41.793],[-69.9389,41.6742],[-70.1853,41.6605],[-70.2728,41.6106],[-70.2611,41.6462],[-70.4181,41.64],[-70.4798,41.5739],[-70.6587,41.5213],[-70.6856,41.5308],[-70.6236,41.7294],[-70.7104,41.748],[-70.7129,41.6878],[-70.8501,41.6295],[-70.8452,41.5925],[-70.9054,41.64],[-70.9476,41.5364],[-71.0402,41.5071],[-71.0624,41.5644],[-71.1859,41.4687],[-71.2069,41.6462],[-71.1107,41.7971],[-71.1763,41.7266],[-71.2269,41.7257],[-71.2604,41.6511],[-71.3088,41.6708],[-71.283,41.7488],[-71.3371,41.7338],[-71.3913,41.8188],[-71.364,41.7121],[-71.3844,41.6742],[-71.4468,41.6772],[-71.4103,41.633],[-71.4428,41.5747],[-71.4261,41.4687],[-71.4977,41.3663],[-71.8715,41.3026],[-71.8854,41.3446],[-72.0362,41.3179],[-72.0834,41.352],[-72.1107,41.3111],[-72.1943,41.3238],[-72.288,41.2829],[-72.3918,41.3663],[-72.3509,41.29],[-72.5079,41.2564],[-72.6048,41.2838],[-72.8924,41.245],[-72.91,41.3051],[-73.1085,41.1487],[-73.2211,41.1671],[-73.2445,41.128],[-73.5232,41.0215],[-73.6039,41.0228],[-73.8117,40.871],[-73.7977,40.8132],[-73.8938,40.8039],[-73.9323,40.8256],[-73.8753,41.1533],[-73.957,41.2578],[-73.9473,41.3111],[-73.9759,41.2922],[-73.9179,41.1635],[-73.9181,40.9315],[-74.0319,40.7142],[-74.131,40.6452],[-74.1124,40.7179],[-74.2096,40.6342],[-74.2827,40.4973],[-74.2059,40.4429],[-73.993,40.4024],[-74.0182,40.4805],[-73.9792,40.4493],[-73.9799,40.2802],[-74.093,39.7763],[-74.0503,40.055],[-74.1221,39.9973],[-74.1273,39.8485],[-74.1865,39.7721],[-74.1676,39.6994],[-74.3285,39.5762],[-74.2974,39.5086],[-74.4072,39.557],[-74.3837,39.4711],[-74.4687,39.3994],[-74.4134,39.3571],[-74.5301,39.3106],[-74.4818,39.3647],[-74.5096,39.3789],[-74.5506,39.3106],[-74.6421,39.3067],[-74.5506,39.2827],[-74.7424,39.1181],[-74.7083,39.0977],[-74.8033,38.9876],[-74.9547,38.9264],[-74.8944,39.1076],[-74.9063,39.1796],[-75.0403,39.2145],[-75.1465,39.1871],[-75.2421,39.2926],[-75.3672,39.3426],[-75.5316,39.478],[-75.5104,39.5596],[-75.5582,39.6135],[-75.4061,39.8029],[-75.1442,39.8749],[-75.0987,39.9064],[-75.116,39.9526],[-75.0236,40.0163],[-75.1197,39.9742],[-75.1478,39.9026],[-75.3917,39.8396],[-75.5922,39.6492],[-75.5546,39.5412],[-75.5879,39.4628],[-75.398,39.2493],[-75.3938,39.0556],[-75.1955,38.8155],[-75.0843,38.796],[-75.0648,38.6326],[-75.0864,38.6933],[-75.1392,38.6881],[-75.1198,38.6589],[-75.1533,38.6589],[-75.0987,38.6384],[-75.2079,38.5695],[-75.0956,38.5664],[-75.0601,38.6125],[-75.0447,38.425],[-75.0788,38.3367],[-75.0627,38.4573],[-75.1182,38.4375],[-75.104,38.3952],[-75.1795,38.4084],[-75.1007,38.3621],[-75.1044,38.3162],[-75.1639,38.2337],[-75.1975,38.2326],[-75.1874,38.2617],[-75.2331,38.239],[-75.2904,38.1108],[-75.3339,38.1116],[-75.4215,37.9879],[-75.4249,37.8751],[-75.8187,37.4542],[-75.7959,37.4057],[-75.8873,37.357],[-75.9491,37.125],[-76.017,37.2578],[-75.9656,37.4529],[-75.9262,37.4784],[-75.9518,37.5159],[-75.8938,37.5627],[-75.9347,37.5764],[-75.8757,37.6607],[-75.8187,37.6726],[-75.7869,37.8094],[-75.6946,37.8023],[-75.702,37.8433],[-75.661,37.8433],[-75.671,37.8926],[-75.743,37.9122],[-75.6331,37.96],[-75.875,37.9511],[-75.8529,38.032],[-75.743,38.1108],[-75.8529,38.0903],[-75.794,38.1589],[-75.9405,38.1354],[-75.9285,38.1935],[-75.8187,38.2337],[-75.9066,38.271],[-75.8433,38.4044],[-75.9627,38.248],[-75.9962,38.3132],[-75.9553,38.351],[-75.9905,38.362],[-76.0372,38.3095],[-76.0379,38.2325],[-76.2097,38.392],[-76.2159,38.3169],[-76.319,38.4739],[-76.2864,38.5001],[-76.2637,38.4655],[-76.172,38.5662],[-76.286,38.5628],[-76.2774,38.6247],[-76.1613,38.631],[-76.0536,38.568],[-75.9702,38.6066],[-75.9627,38.6589],[-76.0242,38.5928],[-76.105,38.6249],[-76.0924,38.6589],[-76.1544,38.6527],[-76.1061,38.6862],[-76.1661,38.6815],[-76.1681,38.7277],[-76.1986,38.6751],[-76.2339,38.7574],[-76.2919,38.7213],[-76.288,38.7755],[-76.3413,38.6732],[-76.3047,38.8227],[-76.2532,38.855],[-76.1731,38.7566],[-76.109,38.8007],[-76.177,38.7856],[-76.1882,38.8467],[-76.1061,38.878],[-76.1613,38.9264],[-76.1979,38.8785],[-76.1969,38.9356],[-76.2472,38.9512],[-76.3288,38.9165],[-76.3284,38.8652],[-76.3747,38.8416],[-76.3153,39.0294],[-76.1976,38.9793],[-76.151,39.0091],[-76.1681,39.0567],[-76.0651,39.1461],[-76.1751,39.1241],[-76.2042,39.0145],[-76.2426,39.0333],[-76.2726,39.168],[-76.175,39.3162],[-76.1054,39.372],[-75.8392,39.3715],[-76.0343,39.3929],[-75.9347,39.4745],[-75.8392,39.4608],[-75.8938,39.5086],[-75.8317,39.5844],[-76.0007,39.4528],[-75.9347,39.6042],[-76.0083,39.5487],[-76.083,39.5578],[-76.1204,39.4949],[-76.0675,39.4578],[-76.2097,39.3647],[-76.2325,39.4745],[-76.2467,39.3441],[-76.2842,39.3106],[-76.3115,39.4028],[-76.4015,39.3925],[-76.3326,39.351],[-76.4308,39.3181],[-76.4015,39.256],[-76.4835,39.3106],[-76.3969,39.238],[-76.4492,39.195],[-76.5708,39.2736],[-76.6232,39.2597],[-76.4333,39.1312],[-76.433,39.0672],[-76.5165,39.0756],[-76.3942,39.0246],[-76.4556,38.9887],[-76.5517,39.0772],[-76.5712,39.0386],[-76.4524,38.9439],[-76.4596,38.9121],[-76.5686,38.9525],[-76.4931,38.8989],[-76.5375,38.8917],[-76.4943,38.8255],[-76.5503,38.7551],[-76.512,38.5277],[-76.3819,38.3846],[-76.4536,38.3241],[-76.4835,38.392],[-76.6365,38.4742],[-76.6815,38.6794],[-76.6736,38.4861],[-76.4506,38.2931],[-76.3734,38.2989],[-76.3933,38.246],[-76.3205,38.1388],[-76.3239,38.0438],[-76.4153,38.1083],[-76.4561,38.207],[-76.4689,38.1391],[-76.5039,38.166],[-76.5172,38.1318],[-76.6167,38.2233],[-76.8042,38.2536],[-76.8276,38.3629],[-76.8807,38.3989],[-76.8392,38.2572],[-76.9222,38.2916],[-77.0316,38.4814],[-77.0946,38.4087],[-77.0998,38.4609],[-77.1339,38.4534],[-77.1339,38.3989],[-77.2037,38.3643],[-77.2553,38.3935],[-77.267,38.4941],[-77.2275,38.5569],[-77.1864,38.5568],[-77.1844,38.605],[-77.1265,38.6179],[-77.0887,38.6892],[-77.0125,38.6974],[-77.0159,38.8543],[-77.0683,38.9019],[-77.033,38.854],[-77.0478,38.7157],[-77.1678,38.689],[-77.1349,38.6363],[-77.1872,38.6208],[-77.2299,38.6567],[-77.3266,38.4509],[-77.3143,38.4061],[-77.3587,38.4293],[-77.2908,38.3538],[-77.3431,38.3487],[-77.249,38.3299],[-77.0408,38.3959],[-77.0145,38.3305],[-77.0527,38.3168],[-76.9654,38.2672],[-76.9542,38.2102],[-76.7393,38.1367],[-76.6146,38.1504],[-76.5306,38.0251],[-76.2479,37.9035],[-76.2501,37.8228],[-76.3249,37.8487],[-76.2939,37.7807],[-76.3252,37.7443],[-76.2842,37.6993],[-76.3389,37.6689],[-76.3047,37.6379],[-76.4047,37.6447],[-76.4689,37.7086],[-76.505,37.6569],[-76.6219,37.8139],[-76.7009,37.8369],[-76.8801,37.991],[-76.935,38.0937],[-77.1339,38.166],[-76.9259,38.0588],[-76.9226,37.9808],[-76.6134,37.7395],[-76.552,37.6268],[-76.2842,37.5696],[-76.3934,37.5331],[-76.3013,37.4938],[-76.2701,37.5174],[-76.2576,37.3355],[-76.4152,37.4427],[-76.4015,37.3908],[-76.4476,37.3799],[-76.4015,37.3399],[-76.435,37.3231],[-76.3719,37.288],[-76.496,37.2491],[-76.7298,37.4945],[-76.7811,37.5355],[-76.7982,37.5044],[-76.6062,37.2958],[-76.4681,37.214],[-76.3856,37.2325],[-76.3732,37.176],[-76.2917,37.1301],[-76.3386,37.1017],[-76.2816,37.1042],[-76.2699,37.0693],[-76.2962,37.0136],[-76.4154,36.9726],[-76.6112,37.1194],[-76.634,37.2207],[-76.7438,37.1975],[-76.8556,37.2624],[-76.8602,37.3231],[-76.9315,37.2453],[-77.0036,37.3231],[-77.0555,37.2872],[-77.0911,37.3278],[-77.2506,37.3498],[-77.2743,37.3164],[-77.0671,37.2665],[-77.0172,37.2952],[-76.9732,37.24],[-76.8019,37.2065],[-76.718,37.15],[-76.67,37.185],[-76.6597,37.0433],[-76.5716,37.0277],[-76.4947,36.954],[-76.476,36.9079],[-76.5244,36.8632],[-76.3807,36.9006],[-76.2917,36.8496],[-76.31,36.9596],[-76.0781,36.9116],[-76.0046,36.9324],[-75.8634,36.5906],[-75.7864,36.282],[-75.5238,35.7944],[-75.6754,35.9999],[-75.7195,36.01],[-75.6798,36.0367],[-75.7235,36.0588],[-75.8185,36.2968],[-75.8801,36.5963],[-75.9469,36.7185],[-75.9683,36.5517],[-75.9143,36.5759],[-75.9011,36.496],[-75.9729,36.4997],[-76.0446,36.5895],[-76.0372,36.5008],[-75.9487,36.3752],[-75.9186,36.4293],[-75.9217,36.3568],[-75.7855,36.0816],[-75.8634,36.1271],[-75.9617,36.307],[-75.9962,36.3152],[-75.9627,36.206],[-75.9081,36.165],[-76.0204,36.1915],[-76.1988,36.3227],[-76.2194,36.2878],[-76.0635,36.162],[-76.1681,36.1308],[-76.292,36.2127],[-76.1954,36.1098],[-76.2201,36.0995],[-76.463,36.206],[-76.3115,36.0961],[-76.5773,36.0124],[-76.6268,36.062],[-76.687,36.0561],[-76.7298,36.1817],[-76.6796,36.2875],[-76.7298,36.3227],[-76.702,36.2847],[-76.7572,36.1271],[-76.6889,36.0067],[-76.7298,35.9453],[-76.5579,35.9384],[-76.4202,35.9813],[-76.3802,35.932],[-76.2637,35.9248],[-76.3068,35.9578],[-76.2842,35.9731],[-76.0483,35.9837],[-76.0309,35.9527],[-76.0719,35.9185],[-76.0235,35.9316],[-76.0856,35.8701],[-76.0563,35.7934],[-76.1242,35.7946],[-76.0583,35.7678],[-76.0372,35.6988],[-76.1409,35.6988],[-76.0372,35.651],[-75.9949,35.7303],[-75.99,35.8869],[-75.9349,35.9249],[-75.8614,35.8807],[-75.9081,35.9384],[-75.8249,35.9316],[-75.8671,35.9453],[-75.8529,35.98],[-75.7218,35.8292],[-75.7209,35.705],[-75.7734,35.6969],[-75.7396,35.6326],[-75.7839,35.5759],[-75.8392,35.5685],[-75.8226,35.5927],[-75.8863,35.6374],[-76.0282,35.4193],[-76.0561,35.4415],[-76.0651,35.3842],[-76.1504,35.3472],[-76.2802,35.3507],[-76.3553,35.4135],[-76.3736,35.3432],[-76.4208,35.3767],[-76.3798,35.3767],[-76.4183,35.4645],[-76.4835,35.3978],[-76.463,35.3767],[-76.4984,35.3913],[-76.5752,35.4975],[-76.463,35.5412],[-76.6473,35.5207],[-76.6063,35.4927],[-76.5998,35.3951],[-76.6473,35.4382],[-76.7584,35.4188],[-77.052,35.5344],[-76.9763,35.4382],[-76.4971,35.3115],[-76.4704,35.2706],[-76.4928,35.2302],[-76.5653,35.2395],[-76.5303,35.1999],[-76.6752,35.1706],[-76.5873,35.1497],[-76.5716,35.178],[-76.5605,35.1244],[-76.7645,34.9892],[-76.8736,35.0087],[-77.0793,35.157],[-76.9403,34.9798],[-76.7572,34.9099],[-76.6318,34.987],[-76.5399,34.9321],[-76.5686,34.9932],[-76.4896,34.9726],[-76.4538,35.0734],[-76.4189,34.9865],[-76.4618,34.9406],[-76.3252,34.9757],[-76.3531,35.0272],[-76.2699,34.9726],[-76.3404,34.9397],[-76.3463,34.8832],[-76.4078,34.8832],[-76.5128,34.7344],[-76.5836,34.7513],[-76.616,34.8161],[-76.633,34.7092],[-76.6852,34.8007],[-76.7708,34.7535],[-76.7298,34.7665],[-76.702,34.7256],[-76.8961,34.7392],[-77.0933,34.677],[-77.1317,34.7624],[-77.1369,34.6824],[-77.1749,34.6915],[-77.2536,34.5944],[-77.3365,34.5611],[-77.4015,34.5891],[-77.3332,34.6498],[-77.4356,34.7535],[-77.3824,34.632],[-77.4498,34.6089],[-77.3789,34.5272],[-77.5359,34.4686],[-77.7305,34.3159],[-77.8327,34.207],[-77.942,33.9305],[-77.9216,34.1086],[-77.9626,34.1911],[-77.9495,34.0028],[-78.0178,33.8963],[-78.3335,33.9101],[-78.3747,33.9509],[-78.7633,33.7786],[-79.1331,33.4174],[-79.1835,33.2179],[-79.2137,33.3007],[-79.272,33.3173],[-79.1896,33.437],[-79.2771,33.3591],[-79.2914,33.2777],[-79.1835,33.1838],[-79.2306,33.1422],[-79.2689,33.1661],[-79.2722,33.1223],[-79.3404,33.1558],[-79.2926,33.1087],[-79.387,33.0173],[-79.4913,32.9914],[-79.52,33.0412],[-79.5848,33.0138],[-79.6245,32.9438],[-79.5738,32.9368],[-79.5887,32.9141],[-79.8287,32.7628],[-79.9062,32.8004],[-79.8923,32.8548],[-79.9438,32.8515],[-79.9341,32.7834],[-79.9676,32.7852],[-79.868,32.7381],[-79.8873,32.6881],[-80.0257,32.6487],[-80.0051,32.6116],[-80.1771,32.567],[-80.2659,32.6214],[-80.2045,32.5606],[-80.3232,32.4884],[-80.369,32.5334],[-80.4093,32.4811],[-80.5397,32.5606],[-80.5328,32.519],[-80.6698,32.5211],[-80.4782,32.4781],[-80.5875,32.4569],[-80.4584,32.4232],[-80.5471,32.3471],[-80.4298,32.4098],[-80.4708,32.3227],[-80.5533,32.2788],[-80.6368,32.2668],[-80.6573,32.4627],[-80.6837,32.4644],[-80.6675,32.3054],[-80.7593,32.3608],[-80.7856,32.4967],[-80.855,32.5395],[-80.7989,32.3197],[-80.6778,32.2147],[-80.8208,32.1081],[-80.788,32.2358],[-80.8945,32.0588],[-80.8357,32.0029],[-80.9034,31.9505],[-80.9374,31.9765],[-80.9631,31.9306],[-80.9238,31.9089],[-80.9582,31.8793],[-81.1182,31.9077],[-81.0903,31.8757],[-81.143,31.8549],[-81.0399,31.827],[-81.1055,31.7427],[-81.2733,31.7655],[-81.1963,31.7176],[-81.3311,31.5524],[-81.3653,31.4379],[-81.3257,31.3489],[-81.4924,31.3677],[-81.2677,31.2587],[-81.386,31.1417],[-81.418,31.149],[-81.423,31.2196],[-81.4548,31.206],[-81.4517,31.1171],[-81.4926,31.1137],[-81.4303,31.0734],[-81.4037,31.1213],[-81.4054,31.0948],[-81.4241,31.0251],[-81.5135,31.0933],[-81.4508,31.0219],[-81.5197,30.9766],[-81.4508,30.9636],[-81.4993,30.9056],[-81.4924,30.8469],[-81.5334,30.8537],[-81.4993,30.7043],[-81.4286,30.6817],[-81.4378,30.5241],[-81.4796,30.6179],[-81.5003,30.5513],[-81.4098,30.4565],[-81.2938,29.8941],[-80.9221,29.0683],[-80.6004,28.6003],[-80.7659,28.6123],[-80.7523,28.7419],[-80.8481,28.7906],[-80.8282,28.6614],[-80.7383,28.3735],[-80.381,27.6661],[-80.1978,27.196],[-80.3143,27.2426],[-80.1488,27.1383],[-80.0756,26.9732],[-80.1151,26.9347],[-80.0707,26.917],[-80.0382,26.8112],[-80.0324,26.5873],[-80.1288,26.0986],[-80.1288,25.7753],[-80.1406,25.9008],[-80.1962,25.7538],[-80.3069,25.6182],[-80.3443,25.4752],[-80.3143,25.3712],[-80.423,25.2524],[-80.4025,25.1862],[-80.4508,25.243],[-80.4986,25.2204],[-80.4509,25.1732],[-80.526,25.2204],[-80.5123,25.2483],[-80.5655,25.246],[-80.7109,25.1453],[-80.855,25.1862],[-80.9102,25.1453],[-81.102,25.1247],[-81.1771,25.2278],[-81.13,25.3445],[-81.0779,25.2729],[-80.9853,25.2346],[-81.0058,25.2142],[-80.9172,25.2458],[-80.9808,25.3183],[-81.1413,25.3848],[-81.2147,25.5276],[-81.1877,25.5602],[-81.2317,25.5636],[-81.2795,25.7042],[-81.3572,25.7535],[-81.3217,25.7827],[-81.3485,25.8168],[-81.6227,25.9472],[-81.732,25.9205],[-81.7425,25.9575],[-81.6944,25.9404],[-81.6644,25.9813],[-81.7317,26.0006],[-81.7872,26.1396],[-81.8009,26.0986],[-81.8559,26.4489],[-81.8828,26.4958],[-81.8873,26.4448],[-82.0087,26.4845],[-81.7804,26.715],[-81.9067,26.6426],[-81.9517,26.5436],[-82.0391,26.5279],[-82.0821,26.6802],[-82.057,26.8658],[-82.097,26.9094],[-81.9784,26.9962],[-82.1552,26.9276],[-82.2738,27.016],[-82.2013,26.9442],[-82.1503,26.8032],[-82.3138,26.8494],[-82.5618,27.2763],[-82.5736,27.3951],[-82.6984,27.4548],[-82.7292,27.5147],[-82.6575,27.4617],[-82.6608,27.5203],[-82.5892,27.5032],[-82.637,27.5237],[-82.5786,27.5473],[-82.6178,27.5526],[-82.39,27.8111],[-82.4217,27.9172],[-82.4718,27.9204],[-82.4827,27.8214],[-82.5271,27.8248],[-82.5411,27.9428],[-82.691,28.0377],[-82.6903,27.9709],[-82.6444,27.9687],[-82.7189,27.9278],[-82.5619,27.8862],[-82.6029,27.863],[-82.654,27.6951],[-82.8151,27.8322],[-82.7189,27.6597],[-82.8424,27.8285],[-82.8523,27.9082],[-82.7673,28.1059],[-82.7873,28.1938],[-82.6642,28.4479],[-82.6319,28.6953],[-82.6847,28.8048],[-82.6301,28.7844],[-82.6336,28.8876],[-82.7272,28.9592],[-82.8009,29.1747],[-83.0407,29.1801],[-83.2157,29.4106],[-83.4048,29.5317],[-83.3973,29.6545],[-83.5438,29.7281],[-83.6806,29.9213],[-84.024,30.1066],[-84.1783,30.0728],[-84.2091,30.1071],[-84.3836,30.0319],[-84.3463,29.9699],[-84.4661,29.9897],[-84.343,29.9468],[-84.3773,29.8874],[-84.5084,29.9221],[-84.8754,29.7332],[-84.8733,29.8046],[-85.0043,29.716],[-85.3461,29.6784],[-85.3916,29.716],[-85.4135,29.8514],[-85.3778,29.7282],[-85.3205,29.6933],[-85.3022,29.7979],[-85.3565,29.8887],[-85.6796,30.1343],[-85.4424,30.0202],[-85.395,30.0556],[-85.4621,30.0349],[-85.5127,30.1083],[-85.4946,30.1406],[-85.5697,30.1139],[-85.7205,30.1958],[-85.5555,30.2851],[-85.5868,30.3261],[-85.7086,30.247],[-85.7547,30.3193],[-85.8544,30.2648],[-85.756,30.2316],[-85.7205,30.1343],[-86.066,30.3061],[-86.5109,30.4076],[-86.3472,30.395],[-86.3117,30.4365],[-86.2419,30.395],[-86.2482,30.436],[-86.1174,30.3793],[-86.1383,30.4831],[-86.182,30.4688],[-86.2071,30.5049],[-86.4084,30.4614],[-86.4398,30.4761],[-86.4127,30.518],[-86.4884,30.5241],[-86.4846,30.48],[-86.6023,30.4183],[-87.1941,30.3603],[-86.9402,30.4565],[-86.8938,30.4389],[-87.0135,30.5113],[-86.9607,30.5595],[-87.0296,30.6073],[-87.0774,30.4497],[-87.1251,30.5595],[-87.1806,30.5847],[-87.1568,30.4745],[-87.3288,30.3197],[-87.5292,30.2777],[-87.3456,30.4277],[-87.4268,30.4831],[-87.3921,30.4497],[-87.4737,30.3592],[-87.5572,30.3193],[-87.6118,30.3603],[-87.6056,30.3056],[-87.5646,30.3131],[-87.5902,30.2754],[-88.0301,30.2238],[-87.7642,30.2795],[-87.8309,30.364],[-87.8213,30.4047],[-87.9114,30.4136],[-87.9407,30.4831],[-87.9125,30.5837],[-88.0301,30.7377],[-88.1377,30.3198],[-88.3354,30.4039],[-88.4706,30.3239],[-88.5912,30.395],[-88.7421,30.3541],[-88.9276,30.4422],[-88.9823,30.4223],[-88.8761,30.3952],[-89.2402,30.3207],[-89.3319,30.3771],[-89.3556,30.3503],[-89.3205,30.3121],[-89.4211,30.2578],[-89.4425,30.1898],[-89.5959,30.1559],[-89.596,30.187],[-89.7361,30.185],[-89.7515,30.2374],[-89.9691,30.2647],[-90.0585,30.3603],[-90.1894,30.3908],[-90.405,30.2202],[-90.4141,30.1066],[-90.1684,30.0245],[-89.9964,30.0524],[-89.8804,30.1549],[-89.7888,30.0989],[-89.7364,30.1753],[-89.7432,30.0996],[-89.6674,30.164],[-89.6396,30.1406],[-89.7179,30.0333],[-89.8004,30.0512],[-89.8404,30.0114],[-89.8111,29.9472],[-89.7084,29.9562],[-89.7289,29.9221],[-89.6645,29.8755],[-89.6024,29.8908],[-89.5656,30.0009],[-89.4862,30.0764],[-89.366,30.0487],[-89.4547,29.9764],[-89.3702,29.9508],[-89.4347,29.9289],[-89.3695,29.9186],[-89.3938,29.8799],[-89.3317,29.8799],[-89.3801,29.8333],[-89.3453,29.7917],[-89.4136,29.7644],[-89.4825,29.8333],[-89.5325,29.7558],[-89.6015,29.7348],[-89.4825,29.6341],[-89.7023,29.7098],[-89.6197,29.6273],[-89.7569,29.6341],[-89.678,29.5279],[-89.5235,29.4696],[-89.5399,29.3978],[-89.3368,29.3906],[-89.3809,29.3629],[-89.2814,29.3576],[-89.2445,29.316],[-89.1971,29.3535],[-89.1126,29.2641],[-89.1474,29.2368],[-89.0325,29.2166],[-89.0102,29.1747],[-89.097,29.1596],[-89.0232,29.1474],[-89.0648,29.086],[-89.0989,29.1195],[-89.0846,29.0786],[-89.1058,29.0997],[-89.1505,29.0482],[-89.1337,28.9962],[-89.2477,29.1059],[-89.2497,29.0649],[-89.3096,29.0502],[-89.4136,28.9284],[-89.2762,29.1601],[-89.3044,29.1269],[-89.3218,29.182],[-89.3249,29.1195],[-89.3837,29.0878],[-89.4825,29.2431],[-89.4552,29.2505],[-89.4951,29.2595],[-89.4962,29.2294],[-89.662,29.3009],[-89.8181,29.3162],[-89.7438,29.3698],[-89.7755,29.4208],[-89.8198,29.4171],[-89.8163,29.4744],[-89.8603,29.4438],[-89.9416,29.4644],[-90.0995,29.5447],[-90.1274,29.5242],[-90.182,29.5795],[-90.2103,29.5151],[-90.0238,29.4286],[-90.0374,29.3393],[-90.0585,29.3598],[-90.0176,29.2983],[-90.095,29.2838],[-90.0839,29.2254],[-90.0511,29.2294],[-90.0802,29.1747],[-90.2292,29.0867],[-90.2713,29.1674],[-90.2608,29.2695],[-90.2875,29.2352],[-90.3391,29.3113],[-90.3937,29.2431],[-90.4344,29.3572],[-90.4831,29.2908],[-90.6028,29.3076],[-90.5855,29.2294],[-90.627,29.2357],[-90.6407,29.1406],[-90.6637,29.1646],[-90.758,29.1159],[-90.8052,29.1269],[-90.7773,29.1679],[-90.8462,29.1822],[-90.884,29.1338],[-91.0106,29.1822],[-90.9993,29.2181],[-91.0796,29.1959],[-91.328,29.2949],[-91.3397,29.3393],[-91.2931,29.3232],[-91.223,29.3802],[-91.2149,29.3433],[-91.1615,29.3393],[-91.154,29.2505],[-91.1131,29.271],[-91.1216,29.3381],[-91.2626,29.4691],[-91.2284,29.6081],[-91.2577,29.6136],[-91.2987,29.4838],[-91.4239,29.5212],[-91.429,29.5658],[-91.5593,29.5385],[-91.5608,29.6425],[-91.6442,29.6452],[-91.6379,29.7421],[-91.8585,29.7191],[-91.8475,29.8312],[-91.9844,29.832],[-92.1346,29.7362],[-92.1415,29.7669],[-92.2024,29.7644],[-92.1723,29.6955],[-92.1,29.7098],[-92.1415,29.6887],[-92.1074,29.6204],[-92.0249,29.6273],[-92.0659,29.5878],[-92.3143,29.5344],[-92.6831,29.6041],[-93.1996,29.7728],[-93.5585,29.7631],[-93.831,29.7001],[-93.8937,29.7908],[-93.7819,29.8565],[-93.76,29.9606],[-93.8541,29.9866],[-93.9381,29.8059],[-93.8758,29.675],[-94.102,29.6706],[-94.6543,29.4519],[-94.7628,29.3665],[-94.7906,29.38],[-94.701,29.4628],[-94.5045,29.526],[-94.486,29.5661],[-94.779,29.5299],[-94.6927,29.6963],[-94.7341,29.7822],[-94.8067,29.782],[-94.8761,29.6658],[-94.9196,29.6553],[-95.0523,29.7497],[-95.0641,29.7129],[-94.9858,29.675],[-95.0239,29.5422],[-94.9078,29.4963],[-94.9651,29.4696],[-94.9429,29.422],[-94.9173,29.4423],[-94.8211,29.374],[-94.8888,29.376],[-94.9129,29.3156],[-95.1159,29.1747],[-95.1705,29.2089],[-95.1589,29.0457],[-95.6019,28.7639],[-95.952,28.6887],[-95.9402,28.6257],[-95.7192,28.7155],[-96.2189,28.4895],[-95.9849,28.6131],[-95.9878,28.6448],[-96.2265,28.5871],[-96.1369,28.6267],[-96.2154,28.6294],[-96.1881,28.6909],[-96.3458,28.6353],[-96.3833,28.73],[-96.4448,28.7639],[-96.3976,28.7121],[-96.4168,28.6437],[-96.3697,28.6267],[-96.4471,28.6356],[-96.4847,28.6126],[-96.5547,28.6472],[-96.5785,28.7121],[-96.6509,28.7297],[-96.6086,28.5789],[-96.4932,28.5106],[-96.5476,28.4693],[-96.4735,28.4936],[-96.4038,28.4349],[-96.6537,28.3195],[-96.7933,28.4797],[-96.8133,28.458],[-96.767,28.4107],[-96.8445,28.4156],[-96.7812,28.3319],[-96.7823,28.2416],[-96.8802,28.1506],[-96.9451,28.1265],[-96.9103,28.2636],[-96.973,28.1339],[-97.0202,28.1401],[-97.014,28.209],[-97.1732,28.159],[-97.1573,28.1339],[-97.2175,28.0748],[-97.1491,28.0055],[-97.1061,28.0709],[-97.0211,28.1003],[-97.0275,28.0367],[-97.1841,27.8366],[-97.2325,27.8248],[-97.2672,27.8794],[-97.5211,27.8732],[-97.487,27.8353],[-97.3907,27.8459],[-97.3718,27.7553],[-97.2596,27.6951],[-97.4112,27.335],[-97.5416,27.2904],[-97.4613,27.3437],[-97.4869,27.4002],[-97.6302,27.3002],[-97.7743,27.4685],[-97.7067,27.3177],[-97.6676,27.3109],[-97.7606,27.2791],[-97.5211,27.2322],[-97.4261,27.2637],[-97.446,27.1327],[-97.4982,27.1007],[-97.4807,27.022],[-97.5628,26.9937],[-97.5455,26.9186],[-97.4813,26.8776],[-97.5484,26.8999],[-97.562,26.8379],[-97.493,26.7917],[-97.4186,26.502],[-97.4726,26.4958],[-97.3771,26.3376],[-97.3402,26.3416],[-97.3611,26.2858],[-97.3158,26.2649],[-97.3105,26.1233],[-97.212,26.0912],[-97.2556,25.9989],[-97.1926,26.0115],[-97.1518,26.075],[-97.1375,25.9745],[-97.3284,25.9333],[-97.366,25.8439],[-97.6599,26.0307],[-98.2227,26.0754],[-98.4288,26.2177],[-98.5816,26.2623],[-98.6537,26.2443],[-98.8013,26.3721],[-99.1064,26.423],[-99.0915,26.484],[-99.1649,26.5404],[-99.2483,26.8271],[-99.4617,27.057],[-99.432,27.2076],[-99.5214,27.3113],[-99.4729,27.4266],[-99.515,27.5886],[-99.7004,27.6592],[-99.8329,27.7768],[-99.8813,27.9065],[-99.9911,28.0078],[-100.0565,28.1379],[-100.2751,28.2772],[-100.3555,28.4782],[-100.3226,28.5104],[-100.3842,28.5372],[-100.5345,28.8302],[-100.6243,28.9247],[-100.669,29.1162],[-100.7625,29.1738],[-100.7961,29.2577],[-101.0081,29.3806],[-101.0378,29.4601],[-101.2129,29.5316],[-101.2339,29.6227],[-101.3122,29.5979],[-101.3011,29.6495],[-101.3577,29.6674],[-101.4051,29.7784],[-101.5429,29.7711],[-101.5465,29.8201],[-101.6322,29.7757],[-101.806,29.8119],[-102.1093,29.8021],[-102.321,29.8939],[-102.4061,29.7773],[-102.691,29.7368],[-102.8391,29.452],[-102.8377,29.3663],[-102.8831,29.3438],[-102.8997,29.2639],[-102.8588,29.2291],[-102.9884,29.1771],[-103.1228,28.9965],[-103.3866,29.0288],[-103.5502,29.1547],[-103.7708,29.2298],[-103.7837,29.2748],[-104.0573,29.339],[-104.2672,29.5266],[-104.3385,29.524],[-104.5166,29.6543],[-104.6805,29.9423],[-104.6816,30.1929],[-104.8533,30.4122],[-104.8593,30.4973],[-104.9343,30.6105],[-105.2049,30.8024],[-105.3638,30.8504],[-105.9612,31.371],[-106.2092,31.4773],[-106.3918,31.7459],[-106.5172,31.7738],[-108.2151,31.7778],[-108.2148,31.3274],[-111.0671,31.3336],[-114.8221,32.5002],[-114.7243,32.7128],[-117.1251,32.5317],[-117.1498,32.6463],[-117.2262,32.6972],[-117.1681,32.6988],[-117.1151,32.6003],[-117.1332,32.6898],[-117.1746,32.7267],[-117.2378,32.7072],[-117.2366,32.6696],[-117.2553,32.6914],[-117.2836,32.8377],[-117.2536,32.8851],[-117.3222,33.1085],[-117.5088,33.3352],[-118.1174,33.7436],[-118.2546,33.7654],[-118.2913,33.7032],[-118.412,33.7417],[-118.3914,33.8359],[-118.5141,34.0222],[-118.6666,34.0389],[-118.807,33.9994],[-119.1287,34.1005],[-119.2171,34.1455],[-119.2812,34.2687],[-119.5632,34.4148],[-119.8786,34.4066],[-120.1334,34.4727],[-120.4541,34.4428],[-120.51,34.5214],[-120.6366,34.5629],[-120.6031,34.7048],[-120.6402,34.7585],[-120.6156,34.858],[-120.6728,34.9075],[-120.6449,35.1394],[-120.8767,35.2238],[-120.8622,35.3619],[-120.8556,35.3215],[-120.8314,35.3361],[-120.8873,35.4329],[-121.0054,35.4607],[-121.1694,35.6369],[-121.2883,35.6648],[-121.3372,35.7865],[-121.4632,35.8867],[-121.5067,36.0033],[-121.8997,36.3044],[-121.9569,36.5176],[-121.9325,36.5551],[-121.9811,36.5837],[-121.9377,36.6392],[-121.87,36.6072],[-121.8054,36.7377],[-121.7637,36.7221],[-121.8032,36.7505],[-121.8042,36.836],[-121.9056,36.9691],[-122.135,36.9657],[-122.3393,37.1186],[-122.4045,37.1945],[-122.4003,37.3597],[-122.4492,37.4767],[-122.5205,37.5314],[-122.5152,37.7811],[-122.4086,37.8104],[-122.3545,37.73],[-122.3925,37.7103],[-122.3741,37.6042],[-122.251,37.5681],[-122.1002,37.4551],[-122.0321,37.4634],[-122.109,37.518],[-122.1919,37.7003],[-122.2518,37.7228],[-122.2173,37.7585],[-122.3315,37.7824],[-122.2955,37.8313],[-122.3139,37.8858],[-122.3911,37.9077],[-122.4297,37.9643],[-122.3977,37.9561],[-122.3663,38.0123],[-122.227,38.0584],[-122.1479,38.0236],[-122.004,38.0561],[-121.69,38.0091],[-121.7206,38.0321],[-121.6067,38.0994],[-121.5765,38.0743],[-121.6206,38.0618],[-121.6128,38.0215],[-121.5693,38.0658],[-121.4454,38.0039],[-121.6041,38.1058],[-121.7787,38.036],[-121.6826,38.1472],[-121.8031,38.0629],[-121.8982,38.0532],[-122.015,38.0985],[-122.0003,38.1373],[-122.0552,38.1337],[-122.1303,38.0421],[-122.2609,38.0694],[-122.3965,38.1532],[-122.5023,38.1135],[-122.5061,38.0172],[-122.4453,37.9851],[-122.5034,37.9248],[-122.4388,37.8821],[-122.499,37.8936],[-122.4704,37.8318],[-122.5284,37.8164],[-122.6452,37.8988],[-122.7277,37.903],[-122.9201,38.0653],[-122.9791,38.0145],[-122.9625,37.992],[-123.0275,37.9945],[-122.9496,38.144],[-122.9963,38.2427],[-122.8323,38.0959],[-123.0023,38.2949],[-123.0624,38.2959],[-123.1287,38.4493],[-123.337,38.5673],[-123.7262,38.9186],[-123.7426,38.9556],[-123.6891,39.0279],[-123.8249,39.3473],[-123.7694,39.5637],[-123.854,39.8335],[-124.0761,40.0272],[-124.1158,40.1071],[-124.3635,40.2615],[-124.3483,40.3189],[-124.4092,40.4438],[-124.2397,40.7587],[-124.2595,40.6984],[-124.2258,40.6861],[-124.1827,40.7999],[-124.0874,40.8252],[-124.1513,40.8633],[-124.2328,40.7666],[-124.1104,41.0153],[-124.1641,41.1322],[-124.0909,41.2895],[-124.0683,41.5393],[-124.1595,41.7367],[-124.2629,41.7764],[-124.2037,41.9712],[-124.3596,42.113],[-124.4328,42.3293],[-124.3999,42.6157],[-124.5668,42.834],[-124.4449,43.03],[-124.4013,43.3101],[-124.3421,43.3521],[-124.3165,43.2998],[-124.2329,43.4241],[-124.2129,43.3747],[-124.14,43.3753],[-124.2087,43.4522],[-124.3352,43.3653],[-124.2098,43.6566],[-124.1398,43.7331],[-124.0702,43.7117],[-124.1488,43.7476],[-124.2029,43.6808],[-124.1195,44.0065],[-124.1141,44.3074],[-124.0844,44.4117],[-124.0179,44.4098],[-124.0496,44.4487],[-124.0834,44.4278],[-124.0844,44.4981],[-124.0632,44.6095],[-124.0048,44.6163],[-124.0681,44.6178],[-124.078,44.6749],[-123.9711,45.1537],[-123.9604,45.3],[-124.0018,45.3445],[-123.9184,45.4177],[-123.9711,45.452],[-123.9488,45.5572],[-123.9392,45.4998],[-123.8905,45.4755],[-123.8961,45.5603],[-123.9579,45.5762],[-123.9182,45.6896],[-123.8711,45.6979],[-123.9174,45.7045],[-123.9379,45.6606],[-123.9811,45.7603],[-123.9566,45.8732],[-123.9905,45.9379],[-123.9233,46.014],[-124.0227,46.2308],[-123.8251,46.1569],[-123.7987,46.1024],[-123.7783,46.1434],[-123.8654,46.1865],[-123.7668,46.2041],[-123.706,46.1708],[-123.5366,46.234],[-123.3855,46.1462],[-123.2564,46.1333],[-123.1801,46.1791],[-123.2979,46.1515],[-123.4557,46.267],[-123.6032,46.2601],[-123.693,46.3052],[-123.873,46.2402],[-124.0093,46.3135],[-124.0802,46.2717],[-124.0629,46.6549],[-124.0179,46.5685],[-124.0143,46.3851],[-123.9581,46.3782],[-123.9269,46.4401],[-123.8406,46.4158],[-123.9358,46.4723],[-123.8964,46.5444],[-123.9564,46.6231],[-123.8949,46.6027],[-123.9225,46.6579],[-123.8773,46.6921],[-123.764,46.6784],[-123.9,46.7474],[-123.9761,46.7411],[-123.9727,46.7013],[-124.0934,46.7432],[-124.1268,46.8985],[-124.0213,46.8323],[-124.0469,46.8911],[-123.8131,46.959],[-124.0129,46.9837],[-124.0277,47.0281],[-124.1169,47.0429],[-124.1482,47.0244],[-124.1058,46.9334],[-124.1785,46.9255],[-124.1998,47.1875],[-124.2717,47.3426],[-124.3178,47.3574],[-124.4228,47.7419],[-124.6095,47.8749],[-124.672,47.9907],[-124.7346,48.1704],[-124.6615,48.3195],[-124.7275,48.3877],[-124.5749,48.3704],[-123.971,48.1656],[-123.2469,48.1153],[-123.1083,48.1838],[-123.1613,48.1519],[-123.063,48.1176],[-123.0297,48.0452],[-122.9968,48.0386],[-122.9991,48.0917],[-122.9275,48.0951],[-122.8573,48.0295],[-122.8733,47.9937],[-122.8249,48.0352],[-122.8778,48.1066],[-122.7702,48.1411],[-122.7504,48.1172],[-122.792,48.0829],[-122.6201,47.8776],[-122.6764,47.8621],[-122.8004,47.6799],[-122.8292,47.6941],[-122.8057,47.8435],[-122.8392,47.782],[-122.8564,47.8261],[-122.8392,47.7466],[-123.1194,47.4495],[-123.1613,47.3568],[-123.0741,47.3446],[-122.8392,47.432],[-123.0522,47.367],[-123.1105,47.4051],[-122.949,47.5971],[-122.7635,47.6691],[-122.6349,47.8397],[-122.571,47.8198],[-122.6132,47.946],[-122.5281,47.9055],[-122.4684,47.7565],[-122.558,47.7404],[-122.5959,47.692],[-122.661,47.7305],[-122.5922,47.5827],[-122.6815,47.6517],[-122.6969,47.6231],[-122.6392,47.5771],[-122.6815,47.5275],[-122.5531,47.5834],[-122.5079,47.5203],[-122.5375,47.3706],[-122.5859,47.3364],[-122.5685,47.2641],[-122.6863,47.3012],[-122.6331,47.4046],[-122.7259,47.3391],[-122.7531,47.2812],[-122.7245,47.2326],[-122.7728,47.1731],[-122.8148,47.2509],[-122.784,47.3153],[-122.8057,47.3978],[-122.9651,47.1811],[-123.0788,47.1303],[-123.0179,47.1303],[-123.0788,47.0961],[-122.9302,47.1745],[-123.0105,47.0825],[-122.9354,47.1303],[-122.8933,47.0473],[-122.9012,47.1303],[-122.8171,47.1657],[-122.7225,47.0893],[-122.5716,47.2093],[-122.5375,47.3159],[-122.4331,47.2649],[-122.4004,47.2811],[-122.422,47.3159],[-122.3285,47.3571],[-122.409,47.5749],[-122.3779,47.5962],[-122.3458,47.5623],[-122.34,47.5989],[-122.4288,47.6604],[-122.3811,47.7202],[-122.4044,47.7976],[-122.3204,47.9421],[-122.1917,48.0263],[-122.3402,48.09],[-122.3756,48.2132],[-122.4442,48.2324],[-122.4695,48.1771],[-122.348,48.0543],[-122.5104,48.1474],[-122.534,48.2497],[-122.4008,48.2353],[-122.3859,48.3038],[-122.5338,48.3747],[-122.5589,48.434],[-122.6466,48.4038],[-122.6835,48.4302],[-122.6633,48.4549],[-122.7024,48.498],[-122.633,48.5163],[-122.5807,48.4583],[-122.5683,48.4895],[-122.4889,48.4549],[-122.4943,48.5294],[-122.567,48.5854],[-122.4681,48.5545],[-122.4403,48.5807],[-122.5251,48.6923],[-122.5086,48.7557],[-122.5745,48.7805],[-122.6673,48.7319],[-122.6582,48.7773],[-122.7682,48.874],[-122.7458,48.9177],[-122.8135,48.9518],[-122.753,48.9925]]],[[[-141.0056,69.6509],[-140.9949,60.3044],[-140.5337,60.2185],[-140.4628,60.2891],[-140.4241,60.2932],[-140.0158,60.1874],[-139.9169,60.2079],[-139.6798,60.3268],[-139.0795,60.341],[-139.0732,60.2998],[-139.1832,60.1002],[-139.1821,60.0734],[-139.0038,59.9772],[-138.7049,59.8985],[-138.6543,59.8055],[-138.5992,59.7538],[-137.6114,59.2393],[-137.4844,58.9919],[-137.5088,58.9149],[-137.4869,58.9001],[-137.4231,58.9077],[-137.2819,58.9871],[-136.8408,59.1482],[-136.6135,59.1542],[-136.5695,59.1722],[-136.4665,59.2878],[-136.4676,59.4616],[-136.3668,59.4496],[-136.275,59.4864],[-136.2447,59.5282],[-136.2585,59.5561],[-136.3503,59.5924],[-136.2585,59.6216],[-135.9238,59.6667],[-135.4828,59.7925],[-135.2599,59.6982],[-135.1578,59.6233],[-135.0879,59.6065],[-135.0162,59.5434],[-135.0233,59.4771],[-135.0958,59.4189],[-134.9933,59.3819],[-135.0162,59.3362],[-134.9578,59.281],[-134.6921,59.2352],[-134.6108,59.1446],[-134.451,59.0979],[-134.3872,59.0369],[-134.3994,58.975],[-134.3297,58.963],[-134.3169,58.9038],[-134.2222,58.8427],[-133.8311,58.718],[-133.6263,58.5464],[-133.4631,58.4622],[-133.3922,58.4039],[-133.4301,58.3721],[-133.415,58.3305],[-133.1656,58.1473],[-133.0752,58.0079],[-132.9172,57.8805],[-132.5524,57.4991],[-132.3623,57.3457],[-132.231,57.1968],[-132.3412,57.0804],[-132.0319,57.0284],[-132.1074,56.8588],[-131.8716,56.7935],[-131.886,56.7371],[-131.8304,56.6648],[-131.8256,56.5933],[-131.5604,56.5941],[-131.1005,56.4077],[-130.8391,56.3725],[-130.7603,56.3452],[-130.6458,56.2619],[-130.4723,56.2249],[-130.404,56.1219],[-130.2112,56.09],[-130.1168,56.1056],[-130.0715,56.0841],[-130.019,56.0022],[-130.0196,55.908],[-130.1488,55.7954],[-130.1737,55.7495],[-130.1265,55.654],[-130.1531,55.5851],[-130.147,55.5472],[-130.0575,55.4349],[-130.0501,55.3454],[-129.9892,55.284],[-130.1005,55.2303],[-130.2289,55.0438],[-130.3654,54.9073],[-130.5803,54.8064],[-130.6046,54.8022],[-130.5609,54.8514],[-130.5851,54.852],[-130.6913,54.7626],[-130.7289,54.7841],[-130.6778,54.8145],[-130.7158,54.8682],[-130.7436,54.9663],[-130.7544,54.8928],[-130.736,54.8315],[-130.7769,54.8315],[-130.8319,54.7654],[-130.9183,54.8029],[-130.9619,54.9277],[-130.9412,54.9254],[-130.9397,54.9589],[-131.0097,55.0054],[-130.971,55.0612],[-130.8542,55.1031],[-130.8212,55.1002],[-130.8111,55.0786],[-130.7203,55.081],[-130.6876,55.1401],[-130.566,55.2233],[-130.4616,55.3319],[-130.5526,55.2877],[-130.6155,55.1995],[-130.6684,55.1804],[-130.7599,55.097],[-130.7912,55.0991],[-130.8111,55.1469],[-130.9708,55.0854],[-131.057,55.1263],[-131.0576,55.1987],[-130.9247,55.294],[-130.6125,55.2971],[-130.6694,55.3285],[-130.6466,55.3386],[-130.6564,55.3523],[-130.7263,55.3146],[-130.8619,55.3122],[-130.8868,55.4516],[-130.8663,55.5503],[-130.8732,55.623],[-130.9073,55.6819],[-130.8868,55.7086],[-130.9619,55.783],[-130.9204,55.8105],[-131.0134,55.8184],[-131.0615,55.8768],[-131.1339,55.9208],[-131.1264,55.9345],[-131.1652,55.9406],[-131.1748,55.9693],[-131.1964,55.9714],[-131.0444,56.0581],[-131.0786,56.0581],[-131.0097,56.1126],[-131.0857,56.0862],[-131.1923,56.0146],[-131.3419,55.9609],[-131.4144,56.0102],[-131.7359,55.8867],[-131.9147,55.8594],[-131.7779,55.8254],[-131.7638,55.7973],[-131.8084,55.7295],[-131.8669,55.7291],[-131.8277,55.6679],[-131.8873,55.6192],[-131.8805,55.5987],[-132.004,55.6676],[-131.9289,55.5893],[-131.9488,55.5851],[-131.926,55.5636],[-131.9283,55.5305],[-131.9614,55.501],[-132.1716,55.5885],[-132.2119,55.6981],[-132.2662,55.7563],[-132.2274,55.7578],[-132.1679,55.7228],[-132.1822,55.7768],[-132.1689,55.8023],[-132.0462,55.8173],[-132.086,55.8458],[-132.036,55.8938],[-132.0569,55.9445],[-131.9498,55.9721],[-131.963,56.1574],[-131.8138,56.196],[-131.5795,56.1791],[-131.4895,56.2225],[-131.6138,56.2051],[-131.9078,56.2327],[-131.9593,56.2945],[-131.9801,56.3659],[-132.161,56.3802],[-132.2033,56.4713],[-132.3449,56.529],[-132.3502,56.5794],[-132.305,56.6402],[-132.4769,56.6045],[-132.5402,56.6315],[-132.522,56.675],[-132.4565,56.675],[-132.531,56.7086],[-132.4149,56.7849],[-132.4125,56.8089],[-132.3597,56.8184],[-132.3987,56.8249],[-132.5148,56.7554],[-132.7614,56.8458],[-132.922,56.9829],[-132.7677,56.9697],[-132.8098,57.0556],[-132.7954,57.0927],[-132.8395,57.0728],[-132.8777,57.0213],[-133.093,57.0865],[-133.1652,57.086],[-133.1479,57.1411],[-133.1211,57.1443],[-133.1676,57.1696],[-133.1889,57.1479],[-133.1753,57.1411],[-133.2115,57.142],[-133.2166,57.171],[-133.2357,57.1738],[-133.2665,57.1132],[-133.317,57.1025],[-133.552,57.1815],[-133.4886,57.2209],[-133.5051,57.2512],[-133.4719,57.2819],[-133.2548,57.2811],[-133.1622,57.3193],[-133.0584,57.3319],[-133.0381,57.3671],[-133.1207,57.3323],[-133.2237,57.3193],[-133.4195,57.3439],[-133.4565,57.3808],[-133.3448,57.4054],[-133.3359,57.4382],[-133.4542,57.4318],[-133.5004,57.476],[-133.4974,57.5316],[-133.439,57.5695],[-133.3131,57.593],[-133.5914,57.5746],[-133.6588,57.6209],[-133.6483,57.7028],[-133.5663,57.7165],[-133.495,57.6721],[-133.1684,57.5793],[-133.0455,57.5036],[-133.004,57.5179],[-133.0819,57.5373],[-133.1554,57.5998],[-133.1622,57.6271],[-133.2123,57.6271],[-133.5289,57.7509],[-133.5523,57.7923],[-133.552,57.9151],[-133.1241,57.8571],[-133.2063,57.8947],[-133.5543,57.9294],[-133.5846,57.9108],[-133.5926,57.8579],[-133.6346,57.8878],[-133.6346,57.8052],[-133.6864,57.7907],[-133.8612,57.9567],[-133.7749,57.9888],[-133.6914,57.942],[-133.6976,57.99],[-133.6693,58.0175],[-133.7555,58.0301],[-133.765,58.0622],[-133.6982,58.116],[-133.7172,58.1348],[-133.6824,58.1553],[-133.7581,58.1348],[-133.7486,58.1061],[-133.8101,58.0447],[-133.7991,58.0114],[-133.8644,57.987],[-133.9294,57.9902],[-134.0109,58.0429],[-134.0234,58.0714],[-134.0597,58.0722],[-134.0728,58.1132],[-134.0455,58.1274],[-134.0802,58.1553],[-134.0864,58.1963],[-134.057,58.24],[-134.0666,58.2851],[-133.9824,58.3156],[-134.0045,58.4086],[-133.9518,58.4328],[-133.9201,58.4975],[-133.7718,58.5246],[-133.9766,58.5048],[-133.9747,58.4499],[-134.0728,58.4222],[-134.0518,58.4084],[-134.0529,58.3673],[-134.1417,58.3056],[-134.1471,58.285],[-134.1007,58.2478],[-134.1579,58.2043],[-134.2416,58.2143],[-134.498,58.3539],[-134.6112,58.3676],[-134.6302,58.3515],[-134.6544,58.3864],[-134.7562,58.3815],[-134.7829,58.4931],[-134.875,58.5531],[-134.9914,58.6829],[-134.9157,58.6556],[-134.9504,58.8201],[-134.9982,58.8201],[-135.026,58.7932],[-135.0255,58.7375],[-135.149,58.8437],[-135.1286,58.8952],[-135.1561,58.9228],[-135.1669,58.9908],[-135.2037,59.0324],[-135.2296,59.1259],[-135.3618,59.2708],[-135.3675,59.3129],[-135.3317,59.4516],[-135.3483,59.4706],[-135.4144,59.3006],[-135.5538,59.3198],[-135.482,59.2951],[-135.4228,59.2379],[-135.3595,59.2138],[-135.3074,59.087],[-135.3784,59.1242],[-135.3955,59.1832],[-135.4233,59.2051],[-135.5196,59.2365],[-135.5538,59.2304],[-135.375,59.087],[-135.3858,58.9543],[-135.321,58.9157],[-135.3306,58.8778],[-135.231,58.7717],[-135.2406,58.7302],[-135.1627,58.6345],[-135.2262,58.6123],[-135.1422,58.511],[-135.0573,58.3515],[-135.057,58.2988],[-135.0933,58.2952],[-135.0938,58.2373],[-135.1731,58.2189],[-135.3505,58.2768],[-135.4849,58.484],[-135.5142,58.4655],[-135.4644,58.4117],[-135.4631,58.3781],[-135.478,58.3738],[-135.6275,58.4263],[-135.9094,58.3813],[-135.8759,58.4632],[-135.9503,58.4632],[-135.848,58.47],[-135.8605,58.491],[-135.8453,58.5465],[-135.8896,58.5799],[-135.8207,58.6003],[-135.887,58.6125],[-135.9397,58.6813],[-135.9783,58.6966],[-135.9744,58.7291],[-136.0739,58.8126],[-135.9298,58.8815],[-135.9366,58.8641],[-135.9178,58.8633],[-135.7586,58.8884],[-135.773,58.9045],[-135.964,58.9225],[-135.9298,58.902],[-136.0138,58.8587],[-136.0465,58.861],[-136.0541,58.8884],[-136.0329,58.9225],[-136.0769,58.9465],[-136.1149,59.0256],[-136.1574,59.0376],[-136.1701,59.0324],[-136.1424,59.007],[-136.141,58.9548],[-136.2247,58.9225],[-136.1178,58.9333],[-136.0999,58.8537],[-136.1401,58.7822],[-136.2097,58.7508],[-136.3824,58.8065],[-136.2595,58.8263],[-136.4752,58.8366],[-136.5079,58.9044],[-136.4923,58.9709],[-136.5441,58.9574],[-136.5741,58.9157],[-136.712,59.0256],[-136.6083,58.9083],[-136.6335,58.8918],[-136.8414,58.9618],[-137.0461,59.069],[-137.063,59.0439],[-136.9293,58.9683],[-136.9037,58.9324],[-137.013,58.9225],[-137.1297,58.8263],[-136.9947,58.8934],[-136.8417,58.8825],[-136.8001,58.84],[-136.7392,58.8741],[-136.6431,58.8398],[-136.5876,58.8483],[-136.4848,58.7996],[-136.54,58.7717],[-136.6149,58.8254],[-136.6499,58.8201],[-136.5741,58.7791],[-136.6158,58.7717],[-136.5226,58.7477],[-136.5159,58.7024],[-136.4376,58.6693],[-136.491,58.7202],[-136.4919,58.7492],[-136.3839,58.7251],[-136.3426,58.6916],[-136.4567,58.6233],[-136.5257,58.614],[-136.4752,58.5929],[-136.4012,58.6257],[-136.3277,58.6003],[-136.3519,58.6385],[-136.3017,58.6292],[-136.293,58.6693],[-136.1832,58.614],[-136.211,58.6003],[-136.1776,58.5731],[-136.1282,58.5707],[-136.1223,58.5557],[-136.1627,58.5262],[-136.211,58.5246],[-136.1986,58.509],[-136.0825,58.5164],[-136.0843,58.4847],[-136.0623,58.4743],[-136.0267,58.3881],[-136.0573,58.3595],[-136.2728,58.313],[-136.2875,58.3182],[-136.2724,58.3596],[-136.3277,58.4086],[-136.3431,58.3762],[-136.5059,58.4427],[-136.5003,58.3851],[-136.5611,58.3738],[-136.4803,58.3469],[-136.4733,58.3854],[-136.4101,58.3793],[-136.3657,58.3524],[-136.3706,58.2995],[-136.6205,58.3539],[-136.6567,58.3397],[-136.5611,58.2578],[-136.5984,58.223],[-136.6648,58.2204],[-136.7114,58.2689],[-136.671,58.2851],[-136.6772,58.3056],[-136.7325,58.313],[-136.7619,58.2973],[-136.7882,58.3327],[-136.8491,58.3266],[-136.8274,58.3465],[-136.8605,58.3824],[-136.8758,58.3881],[-136.8901,58.3497],[-136.9475,58.4007],[-137.1123,58.395],[-137.6315,58.6062],[-137.452,58.6501],[-137.4381,58.6556],[-137.4577,58.6723],[-137.4954,58.6804],[-137.6706,58.6332],[-137.7047,58.6863],[-137.9261,58.7957],[-137.9242,58.8474],[-137.9844,58.92],[-138.2812,59.0624],[-138.2879,59.0808],[-138.3989,59.0833],[-138.4313,59.0938],[-138.3698,59.1013],[-138.4285,59.1112],[-138.5594,59.1062],[-138.61,59.128],[-138.5069,59.1247],[-138.4831,59.1652],[-138.4381,59.1832],[-138.4491,59.1916],[-138.6439,59.1668],[-138.6305,59.1422],[-138.9817,59.2748],[-139.2059,59.3198],[-139.1165,59.3129],[-139.2338,59.3477],[-139.2401,59.3812],[-139.2877,59.3721],[-139.3037,59.3505],[-139.4463,59.3876],[-139.5076,59.416],[-139.3892,59.3823],[-139.3226,59.3955],[-139.4631,59.4124],[-139.857,59.5463],[-139.7335,59.5525],[-139.7403,59.5668],[-139.6789,59.5947],[-139.6449,59.5727],[-139.4801,59.7044],[-139.4734,59.7176],[-139.5621,59.7724],[-139.6211,59.8903],[-139.4732,59.9936],[-139.3052,59.8647],[-139.3431,59.7865],[-139.342,59.7204],[-139.3114,59.7054],[-139.2673,59.6214],[-139.3431,59.6009],[-139.2899,59.5762],[-139.2598,59.579],[-139.2264,59.6214],[-139.2673,59.6661],[-139.2689,59.7151],[-139.2922,59.7426],[-139.2633,59.7858],[-139.2804,59.8337],[-139.0364,59.8469],[-138.9453,59.8071],[-138.8974,59.8132],[-139.0283,59.8615],[-139.239,59.8783],[-139.3553,59.9494],[-139.3902,59.9914],[-139.5209,60.0515],[-139.5799,60.0073],[-139.5848,59.9551],[-139.706,59.9218],[-139.849,59.8194],[-140.3227,59.7012],[-140.7627,59.7283],[-141.454,59.8821],[-141.4576,59.9167],[-141.4124,59.9299],[-141.454,59.9025],[-141.4132,59.9],[-141.2673,59.9556],[-141.2679,60.029],[-141.31,60.0665],[-141.2821,60.0665],[-141.3795,60.1139],[-141.3777,60.1422],[-141.4747,60.1261],[-141.4776,60.1111],[-141.4551,60.0784],[-141.3994,60.0528],[-141.3929,60.022],[-141.6735,59.9611],[-141.9691,60.0281],[-142.7985,60.1124],[-143.1958,60.0677],[-143.6096,60.0495],[-143.9186,59.997],[-144.0424,60.028],[-144.2496,60.0323],[-144.0026,60.0397],[-144.0508,60.0797],[-144.2526,60.1546],[-144.1905,60.1866],[-144.1964,60.2056],[-144.2466,60.1889],[-144.3868,60.1968],[-144.3731,60.1837],[-144.4486,60.1763],[-144.4788,60.1867],[-144.4907,60.2163],[-144.5711,60.1906],[-144.6884,60.2247],[-144.64,60.2172],[-144.6605,60.2452],[-144.7699,60.3027],[-144.9053,60.2932],[-144.9416,60.3066],[-144.887,60.355],[-144.9125,60.387],[-144.838,60.4022],[-144.8607,60.4185],[-144.7908,60.4649],[-144.7984,60.4992],[-144.8532,60.4699],[-144.887,60.4854],[-144.8318,60.5258],[-144.8161,60.595],[-144.7561,60.6431],[-144.7606,60.6728],[-144.6612,60.6601],[-144.6179,60.6804],[-144.6228,60.717],[-144.7561,60.684],[-144.8033,60.6353],[-144.8559,60.6221],[-144.8932,60.5673],[-145.0195,60.5264],[-145.114,60.4294],[-145.2695,60.3571],[-145.4027,60.3663],[-145.5726,60.4511],[-145.9388,60.4561],[-145.9416,60.4711],[-145.7718,60.5424],[-145.6291,60.6527],[-145.629,60.6791],[-145.8446,60.621],[-145.8802,60.6287],[-145.805,60.6629],[-145.8802,60.6629],[-145.8392,60.6977],[-145.9047,60.6736],[-145.9258,60.6452],[-146.0037,60.6356],[-145.9143,60.7039],[-145.9388,60.7082],[-146.2388,60.6347],[-146.2613,60.6626],[-146.0703,60.7307],[-146.0531,60.7526],[-146.0261,60.7448],[-146.0434,60.801],[-146.1409,60.7448],[-146.1822,60.744],[-146.1613,60.7665],[-146.2086,60.7607],[-146.264,60.725],[-146.3121,60.7448],[-146.2842,60.7796],[-146.3525,60.7337],[-146.4823,60.687],[-146.6442,60.6977],[-146.6957,60.7448],[-146.6274,60.7311],[-146.607,60.7665],[-146.5067,60.7444],[-146.4915,60.7609],[-146.5381,60.7728],[-146.5157,60.7801],[-146.4266,60.7749],[-146.1955,60.8205],[-146.2375,60.841],[-146.2261,60.8504],[-146.0931,60.841],[-146.2235,60.8926],[-146.3583,60.8223],[-146.4015,60.8205],[-146.3873,60.8479],[-146.5115,60.8186],[-146.5586,60.8274],[-146.5668,60.8537],[-146.6283,60.8273],[-146.6114,60.8771],[-146.6835,60.8798],[-146.7354,60.9239],[-146.7532,60.9643],[-146.5858,60.9447],[-146.6998,60.9769],[-146.6622,61.0403],[-146.5705,61.0307],[-146.5654,61.0465],[-146.6479,61.0738],[-146.2838,61.0814],[-146.2364,61.0943],[-146.278,61.1227],[-146.432,61.1395],[-146.6094,61.1308],[-146.8155,61.0318],[-146.8909,60.9721],[-146.9767,60.9458],[-147.0316,60.9577],[-146.9838,61.0056],[-147.0588,60.9782],[-147.0472,61.0098],[-147.1007,61.0153],[-147.1483,60.9919],[-147.1459,60.9543],[-147.1653,60.9509],[-147.1991,60.962],[-147.2051,61.0146],[-147.2643,60.9919],[-147.2879,61.007],[-147.2573,60.9379],[-147.3127,60.9304],[-147.3646,60.8913],[-147.383,60.914],[-147.4499,60.9025],[-147.381,60.9857],[-147.4496,60.9577],[-147.4517,60.9837],[-147.4226,61.0124],[-147.4689,61.0005],[-147.5227,60.9075],[-147.5421,60.9133],[-147.5325,61.0539],[-147.484,61.0738],[-147.5273,61.1247],[-147.5113,61.1496],[-147.5611,61.1559],[-147.5788,61.1363],[-147.5597,61.1116],[-147.5819,61.0592],[-147.6653,61.0146],[-147.6074,61.0034],[-147.6342,60.9748],[-147.6038,60.9612],[-147.599,60.8691],[-147.682,60.8647],[-147.6661,60.9005],[-147.7305,60.8895],[-147.7031,60.9447],[-147.7277,60.9476],[-147.7886,60.9267],[-147.7701,60.9114],[-147.813,60.8758],[-147.7514,60.845],[-147.7956,60.8274],[-147.8861,60.8452],[-147.9308,60.9042],[-148.0504,60.9501],[-147.9569,61.0124],[-147.9154,61.0676],[-147.9359,61.0738],[-147.9181,61.0943],[-147.7021,61.2132],[-147.7106,61.2321],[-147.7652,61.2185],[-147.7134,61.2731],[-147.7305,61.2799],[-147.9087,61.1601],[-148.0494,61.0266],[-148.0863,61.0314],[-148.1488,61.0943],[-148.1459,61.1179],[-148.4095,61.0601],[-148.3611,61.0465],[-148.4498,60.9993],[-148.4103,60.9864],[-148.2277,61.071],[-148.1488,61.0601],[-148.2071,60.9819],[-148.2519,60.9547],[-148.3331,60.9714],[-148.2812,60.9206],[-148.3065,60.8957],[-148.3072,60.8527],[-148.3958,60.8616],[-148.3329,60.8194],[-148.5234,60.8404],[-148.7037,60.7927],[-148.5665,60.8131],[-148.4498,60.8001],[-148.6112,60.7629],[-148.7037,60.684],[-148.6675,60.6745],[-148.5896,60.7047],[-148.5789,60.7358],[-148.5295,60.757],[-148.3747,60.7796],[-148.3884,60.7665],[-148.3611,60.7448],[-148.402,60.725],[-148.3951,60.6895],[-148.4345,60.6674],[-148.4299,60.6287],[-148.3474,60.6766],[-148.3084,60.7346],[-148.2307,60.7728],[-148.255,60.7186],[-148.1966,60.6287],[-148.337,60.5406],[-148.3635,60.5623],[-148.4165,60.5592],[-148.4397,60.5871],[-148.4885,60.5822],[-148.6559,60.4984],[-148.6899,60.4572],[-148.6515,60.4572],[-148.4702,60.5462],[-148.3679,60.5189],[-148.3815,60.5058],[-148.3415,60.5067],[-148.3484,60.4807],[-148.2766,60.4949],[-148.2638,60.4511],[-148.2375,60.4575],[-148.2236,60.4783],[-148.2341,60.5224],[-148.1846,60.5578],[-148.1737,60.54],[-148.1898,60.5058],[-148.1664,60.5016],[-148.1413,60.5804],[-148.0836,60.6049],[-148.0458,60.5742],[-148.0668,60.5394],[-148.0118,60.5478],[-147.9598,60.5128],[-147.9623,60.4919],[-147.9979,60.478],[-147.9847,60.4622],[-147.9359,60.4612],[-147.9419,60.4431],[-147.9979,60.437],[-147.9954,60.4215],[-148.0369,60.4043],[-148.1823,60.4165],[-148.1351,60.3793],[-148.1424,60.3552],[-148.2546,60.379],[-148.2598,60.3485],[-148.217,60.3476],[-148.2152,60.3219],[-148.2409,60.2977],[-148.33,60.2589],[-148.3611,60.2862],[-148.3909,60.2774],[-148.3675,60.2539],[-148.3708,60.2285],[-148.443,60.1837],[-148.3434,60.2033],[-148.2258,60.2604],[-148.1898,60.2452],[-148.2648,60.2322],[-148.1898,60.2111],[-148.2102,60.1558],[-148.1413,60.2322],[-148.1003,60.2209],[-148.1888,60.1348],[-148.2786,60.1273],[-148.2986,60.1365],[-148.286,60.1627],[-148.3331,60.1701],[-148.3879,60.0585],[-148.443,60.0323],[-148.402,60.0155],[-148.4354,59.9593],[-148.546,60.0323],[-148.5355,59.997],[-148.5665,59.9777],[-148.5478,59.9696],[-148.6456,59.9232],[-148.6658,59.9311],[-148.6496,59.951],[-148.6652,59.9558],[-148.7589,59.9641],[-148.875,59.9373],[-148.9507,59.9777],[-149.1069,59.969],[-149.1214,59.9914],[-149.0388,60.0528],[-149.1031,60.0581],[-149.2002,60.0084],[-149.2445,59.9261],[-149.2313,59.9156],[-149.2859,59.8747],[-149.2995,59.9743],[-149.3275,59.9975],[-149.2933,60.0118],[-149.3411,60.0224],[-149.3629,60.1113],[-149.4087,60.1237],[-149.4299,60.1148],[-149.4444,60.0629],[-149.3889,59.9975],[-149.4442,59.9777],[-149.4578,59.9373],[-149.5124,59.9373],[-149.5637,59.9094],[-149.6279,59.8283],[-149.5807,59.7865],[-149.5397,59.7865],[-149.5483,59.759],[-149.5267,59.7176],[-149.6359,59.7449],[-149.595,59.7722],[-149.6496,59.7865],[-149.645,59.8019],[-149.672,59.8171],[-149.6422,59.8855],[-149.6501,59.9123],[-149.7247,59.9641],[-149.7659,59.8397],[-149.8681,59.848],[-149.7691,59.7865],[-149.7461,59.6672],[-149.7899,59.6732],[-149.814,59.693],[-149.8072,59.7176],[-149.9199,59.779],[-150.0317,59.7993],[-150.0406,59.7756],[-149.9165,59.7176],[-150.0127,59.6282],[-150.0605,59.6767],[-150.1193,59.7003],[-150.0931,59.6621],[-150.1071,59.6149],[-150.0878,59.5947],[-150.1356,59.573],[-150.1984,59.587],[-150.1772,59.532],[-150.2369,59.5338],[-150.2568,59.5261],[-150.2455,59.4979],[-150.348,59.47],[-150.3895,59.4774],[-150.3615,59.4848],[-150.3832,59.4979],[-150.3348,59.5184],[-150.3575,59.5257],[-150.3553,59.5463],[-150.3035,59.5699],[-150.2244,59.7154],[-150.2788,59.6921],[-150.4795,59.4674],[-150.5533,59.5357],[-150.4925,59.6009],[-150.657,59.5525],[-150.5812,59.4979],[-150.5805,59.4819],[-150.6365,59.4631],[-150.6093,59.4387],[-150.7286,59.4222],[-150.7546,59.3824],[-150.9177,59.3266],[-150.892,59.2575],[-150.9659,59.2344],[-150.9586,59.2037],[-151.0115,59.2416],[-150.998,59.2726],[-151.0426,59.2972],[-151.0925,59.2851],[-151.2435,59.3184],[-151.2733,59.3129],[-151.2576,59.2984],[-151.0994,59.249],[-151.1027,59.2247],[-151.1463,59.2095],[-151.2944,59.2242],[-151.4096,59.2601],[-151.5198,59.2242],[-151.4726,59.2167],[-151.4891,59.1997],[-151.6013,59.2017],[-151.616,59.1894],[-151.5681,59.1758],[-151.6828,59.163],[-151.7415,59.1671],[-151.7668,59.1931],[-151.7634,59.2242],[-151.8931,59.2206],[-151.9108,59.2379],[-151.8867,59.2416],[-151.8971,59.2583],[-151.9867,59.2928],[-151.9764,59.3254],[-151.925,59.3539],[-151.8152,59.3539],[-151.9002,59.3989],[-151.894,59.4128],[-151.7183,59.4509],[-151.6518,59.4859],[-151.4682,59.4781],[-151.3822,59.4448],[-151.39,59.4738],[-151.4515,59.5081],[-151.4415,59.5322],[-151.3627,59.56],[-151.2733,59.56],[-151.2589,59.5961],[-151.1741,59.6001],[-151.2014,59.6412],[-150.9928,59.779],[-151.0235,59.7956],[-151.1091,59.7865],[-151.431,59.6662],[-151.4726,59.6357],[-151.4105,59.6077],[-151.7808,59.6922],[-151.8718,59.7495],[-151.8829,59.7865],[-151.725,60.0249],[-151.4296,60.2164],[-151.4033,60.2524],[-151.3902,60.3594],[-151.306,60.3869],[-151.2828,60.5371],[-151.4117,60.7021],[-151.3969,60.738],[-151.3238,60.7391],[-151.253,60.7753],[-151.0715,60.7853],[-150.7633,60.9267],[-150.387,61.0473],[-150.3348,61.0329],[-150.2939,60.9673],[-150.2253,60.9372],[-150.0438,60.9168],[-149.8502,60.9739],[-149.7529,60.9738],[-149.6387,60.9396],[-149.1261,60.8836],[-149.0258,60.8547],[-149.0609,60.8973],[-149.1693,60.947],[-149.3579,60.9338],[-149.4837,60.9824],[-149.618,60.9946],[-149.7832,61.0454],[-150.0673,61.1557],[-150.0156,61.2064],[-149.9759,61.1985],[-149.896,61.2321],[-149.8107,61.3314],[-149.7306,61.3519],[-149.6834,61.3994],[-149.2611,61.4866],[-149.2456,61.499],[-149.2786,61.5065],[-149.4169,61.499],[-149.4032,61.5058],[-149.4282,61.5132],[-149.6487,61.4882],[-149.7574,61.4534],[-149.8974,61.3713],[-149.9389,61.2712],[-149.9838,61.2463],[-150.2805,61.26],[-150.3144,61.2816],[-150.3346,61.2509],[-150.4996,61.2617],[-150.5417,61.2866],[-150.5607,61.3237],[-150.5403,61.3693],[-150.6005,61.3324],[-150.5849,61.2946],[-150.657,61.314],[-150.7309,61.254],[-151.0399,61.1774],[-151.1771,61.0539],[-151.3624,61.0124],[-151.4761,61.017],[-151.5668,60.9945],[-151.6812,60.9287],[-151.7469,60.9168],[-151.8077,60.8479],[-151.7114,60.7257],[-151.7797,60.7241],[-151.8698,60.7591],[-151.8624,60.7387],[-152.0514,60.6732],[-152.1094,60.6083],[-152.2329,60.5599],[-152.3296,60.4925],[-152.3359,60.437],[-152.2459,60.396],[-152.3681,60.3579],[-152.416,60.2978],[-152.5126,60.2746],[-152.5963,60.2285],[-152.6717,60.2452],[-152.8055,60.2351],[-152.8498,60.2452],[-152.7878,60.2589],[-152.8395,60.2684],[-152.8908,60.2514],[-152.9056,60.3085],[-152.9386,60.3135],[-153.0826,60.2998],[-153.1036,60.2771],[-153.038,60.2994],[-152.9566,60.2939],[-152.9318,60.2787],[-152.9227,60.2372],[-152.6984,60.1701],[-152.6766,60.1579],[-152.6778,60.1334],[-152.5786,60.0812],[-152.598,60.0427],[-152.6301,60.0323],[-152.6171,60.0193],[-152.6779,59.9845],[-152.7189,59.9156],[-152.8567,59.8821],[-153.0212,59.8889],[-153.2434,59.8625],[-153.2881,59.82],[-153.0593,59.8336],[-153.0139,59.8323],[-153.0001,59.8132],[-153.0553,59.7101],[-153.2366,59.6479],[-153.2881,59.6828],[-153.316,59.6721],[-153.301,59.6524],[-153.329,59.6357],[-153.4252,59.6494],[-153.359,59.7208],[-153.3222,59.7176],[-153.4526,59.7927],[-153.4454,59.7168],[-153.4907,59.6501],[-153.559,59.6357],[-153.6108,59.6828],[-153.5965,59.6972],[-153.6227,59.6952],[-153.6239,59.6555],[-153.7064,59.632],[-153.566,59.6093],[-153.5864,59.5675],[-153.8771,59.5463],[-153.8115,59.5383],[-153.7411,59.4977],[-153.7247,59.4661],[-153.7515,59.4403],[-153.8966,59.4322],[-153.946,59.4023],[-154.1453,59.3812],[-154.0662,59.3483],[-153.9945,59.3749],[-153.9534,59.3613],[-154.1278,59.2942],[-154.1499,59.2353],[-154.1235,59.2242],[-154.1308,59.2082],[-154.1862,59.2037],[-154.1794,59.1835],[-154.2477,59.1689],[-154.2203,59.1614],[-154.2613,59.1484],[-154.2529,59.1305],[-154.1773,59.1298],[-154.1998,59.0559],[-154.1651,59.0256],[-154.0826,59.0733],[-154.022,59.0839],[-153.8948,59.0656],[-153.7115,59.0707],[-153.5609,58.9907],[-153.4974,59.0035],[-153.4272,58.9812],[-153.3807,58.9407],[-153.3316,58.9338],[-153.3226,58.8945],[-153.2949,58.8884],[-153.3631,58.8741],[-153.2708,58.8714],[-153.2642,58.8574],[-153.3631,58.8474],[-153.4247,58.7444],[-153.5761,58.6909],[-153.6088,58.6444],[-153.6907,58.6216],[-153.8994,58.6167],[-153.9309,58.5356],[-153.9733,58.532],[-153.9255,58.5185],[-153.9424,58.5029],[-154.0817,58.4952],[-154.1105,58.4775],[-154.0692,58.4099],[-154.0207,58.4043],[-154.0043,58.3813],[-154.1901,58.3607],[-154.2067,58.3397],[-154.3644,58.2851],[-154.3531,58.2554],[-154.1714,58.3218],[-154.1213,58.2797],[-154.2477,58.2578],[-154.1654,58.2394],[-154.1881,58.1982],[-154.3023,58.1963],[-154.2358,58.1553],[-154.2272,58.1411],[-154.2468,58.1264],[-154.337,58.1621],[-154.3491,58.1451],[-154.3296,58.1069],[-154.3528,58.0822],[-154.4941,58.2031],[-154.4604,58.1151],[-154.4698,58.0898],[-154.6108,58.1206],[-154.5456,58.0711],[-154.5831,58.025],[-154.6448,58.0355],[-154.6699,58.0723],[-154.7157,58.0589],[-154.7789,58.0051],[-154.8811,58.0312],[-155.0231,58.0256],[-155.0635,57.9624],[-155.1253,57.9567],[-155.0687,57.8974],[-155.1379,57.8731],[-155.2551,57.8803],[-155.2272,57.8421],[-155.337,57.8332],[-155.3097,57.7984],[-155.3581,57.7984],[-155.3121,57.7752],[-155.3103,57.7404],[-155.3944,57.7257],[-155.5748,57.7988],[-155.6051,57.7922],[-155.6386,57.7265],[-155.5908,57.6755],[-155.7714,57.6447],[-155.7342,57.6271],[-155.7416,57.5521],[-155.8057,57.5479],[-155.8315,57.5796],[-155.904,57.5565],[-155.9242,57.5314],[-156.0205,57.5768],[-156.034,57.5556],[-156.0154,57.5316],[-156.1047,57.5316],[-156.0427,57.5073],[-156.0222,57.4564],[-156.0607,57.4302],[-156.2146,57.4763],[-156.2388,57.437],[-156.3389,57.4154],[-156.4716,57.3398],[-156.5446,57.3227],[-156.5546,57.2817],[-156.392,57.3148],[-156.3443,57.3118],[-156.34,57.2853],[-156.3574,57.2521],[-156.4474,57.2299],[-156.3512,57.1883],[-156.3759,57.1433],[-156.4884,57.1138],[-156.4536,57.0865],[-156.4952,57.0996],[-156.5231,57.0458],[-156.6255,57.079],[-156.6255,57.0586],[-156.6454,57.0586],[-156.5498,56.9829],[-156.6783,57.0002],[-156.7244,57.0428],[-156.7848,57.0491],[-156.7931,57.0275],[-156.7634,56.992],[-156.8094,56.9067],[-156.8415,56.904],[-156.9045,56.9618],[-156.9613,56.9766],[-156.9409,56.9145],[-157.0402,56.8873],[-157.0917,56.8258],[-157.191,56.8497],[-157.1478,56.8151],[-157.1894,56.7763],[-157.4197,56.8674],[-157.4685,56.8289],[-157.4176,56.7968],[-157.4063,56.7637],[-157.5091,56.7637],[-157.5734,56.7166],[-157.6056,56.7222],[-157.5579,56.6855],[-157.4858,56.675],[-157.4552,56.6432],[-157.4827,56.6203],[-157.5838,56.6313],[-157.6647,56.6114],[-157.7729,56.6844],[-157.8616,56.6523],[-157.9134,56.6539],[-157.9655,56.6124],[-158.1052,56.5722],[-158.1276,56.5495],[-158.1332,56.5303],[-157.9636,56.57],[-157.869,56.569],[-157.8369,56.5165],[-157.8771,56.4782],[-158.1263,56.5167],[-158.1679,56.4969],[-158.1319,56.4962],[-158.1383,56.4655],[-158.2616,56.458],[-158.3387,56.4754],[-158.431,56.4381],[-158.5235,56.3659],[-158.51,56.3454],[-158.6098,56.3139],[-158.6464,56.2707],[-158.5372,56.2498],[-158.5605,56.2993],[-158.473,56.3428],[-158.4482,56.3405],[-158.4416,56.3119],[-158.4069,56.3188],[-158.4144,56.2982],[-158.3454,56.3256],[-158.2082,56.2839],[-158.2723,56.2465],[-158.4007,56.2362],[-158.4144,56.2021],[-158.3692,56.2175],[-158.3264,56.2004],[-158.3454,56.1815],[-158.3183,56.1747],[-158.1473,56.2458],[-158.1195,56.2362],[-158.2219,56.1815],[-158.352,56.1507],[-158.3597,56.1269],[-158.3824,56.1359],[-158.3933,56.1815],[-158.4097,56.1808],[-158.4144,56.1331],[-158.4416,56.1331],[-158.4076,56.0784],[-158.428,56.0648],[-158.4416,56.1064],[-158.5032,56.1016],[-158.4696,56.0717],[-158.4846,56.0429],[-158.4341,56.0429],[-158.4276,56.0065],[-158.4963,56.0375],[-158.5121,56.0229],[-158.4963,55.9966],[-158.5126,55.996],[-158.5714,56.0307],[-158.51,56.0581],[-158.5856,56.0407],[-158.6047,56.0523],[-158.5788,56.0717],[-158.6016,56.1006],[-158.4792,56.1915],[-158.6396,56.2021],[-158.5646,56.1679],[-158.6676,56.1126],[-158.6682,56.1459],[-158.7023,56.1474],[-158.6888,56.1256],[-158.7023,56.1064],[-158.6606,56.0924],[-158.6663,56.0617],[-158.7322,56.0454],[-158.6471,56.017],[-158.6575,55.9908],[-158.6881,55.9823],[-158.6676,55.9693],[-158.6829,55.9584],[-158.7638,55.9619],[-158.729,55.9761],[-158.7565,56.0079],[-158.801,55.9897],[-158.8594,56.0129],[-158.9283,55.9208],[-159.0063,55.9318],[-159.0238,55.9169],[-159.0102,55.8972],[-159.0276,55.8929],[-159.0993,55.9283],[-159.2667,55.8892],[-159.3187,55.8594],[-159.3559,55.8795],[-159.4006,55.8594],[-159.4217,55.7905],[-159.4757,55.8315],[-159.4696,55.9003],[-159.545,55.8896],[-159.5553,55.8657],[-159.5253,55.8366],[-159.5037,55.7669],[-159.5644,55.7043],[-159.5446,55.6949],[-159.5494,55.665],[-159.6199,55.6112],[-159.6265,55.5783],[-159.7211,55.5671],[-159.7432,55.572],[-159.6954,55.6055],[-159.7569,55.5987],[-159.7113,55.6193],[-159.6613,55.6055],[-159.617,55.6352],[-159.7097,55.6676],[-159.6334,55.7011],[-159.6818,55.7427],[-159.6252,55.8127],[-159.7019,55.8438],[-159.8458,55.8512],[-159.8568,55.7905],[-159.9046,55.783],[-159.9766,55.8184],[-159.9731,55.7775],[-160.0381,55.7973],[-160.0585,55.77],[-160.0336,55.7262],[-160.1002,55.7191],[-160.0654,55.7011],[-160.1108,55.7038],[-160.1554,55.7365],[-160.1337,55.6745],[-160.1641,55.6571],[-160.4421,55.6466],[-160.3664,55.6055],[-160.4564,55.5783],[-160.449,55.5503],[-160.4952,55.4862],[-160.5485,55.4891],[-160.5989,55.6061],[-160.6135,55.6055],[-160.6574,55.552],[-160.7681,55.5454],[-160.7643,55.5305],[-160.6754,55.5219],[-160.6619,55.5063],[-160.6834,55.4647],[-160.799,55.4479],[-160.8486,55.473],[-160.8405,55.5185],[-160.9246,55.5191],[-161.025,55.4274],[-161.2792,55.3549],[-161.3687,55.3854],[-161.5067,55.3638],[-161.5184,55.3834],[-161.4792,55.4849],[-161.3675,55.5783],[-161.2922,55.5373],[-161.1449,55.535],[-161.2612,55.5617],[-161.2919,55.5919],[-161.4082,55.6359],[-161.6208,55.613],[-161.6173,55.5937],[-161.7164,55.5131],[-161.6965,55.4926],[-161.7164,55.3933],[-161.8171,55.3168],[-161.9024,55.2178],[-161.9448,55.2156],[-161.9225,55.2294],[-161.9512,55.2372],[-162.046,55.2356],[-162.0157,55.1845],[-162.0323,55.1741],[-161.9566,55.1257],[-162.0013,55.0932],[-162.059,55.0786],[-162.128,55.103],[-162.1416,55.1195],[-162.1142,55.1257],[-162.1013,55.1679],[-162.2309,55.1127],[-162.2021,55.0399],[-162.2748,55.0196],[-162.3197,55.0711],[-162.3625,55.0366],[-162.4493,55.0403],[-162.5115,55.0786],[-162.5174,55.1147],[-162.3607,55.1053],[-162.48,55.1755],[-162.5574,55.267],[-162.6009,55.2704],[-162.5675,55.2922],[-162.6453,55.3],[-162.7067,55.2595],[-162.7183,55.2179],[-162.6141,55.1663],[-162.6,55.1371],[-162.6322,55.1367],[-162.6428,55.0711],[-162.6146,55.0786],[-162.5599,54.9612],[-162.6455,54.9984],[-162.663,55.0165],[-162.619,55.0157],[-162.6495,55.053],[-162.7238,54.9755],[-162.7166,54.9634],[-162.7528,54.9449],[-162.8776,54.939],[-162.9674,54.9923],[-162.9744,55.0095],[-162.9196,55.0199],[-162.98,55.0386],[-163.0411,55.0994],[-163.108,55.1127],[-163.1632,55.0991],[-163.108,55.1257],[-163.1831,55.1391],[-163.2002,55.1214],[-163.1905,55.0922],[-163.2384,55.1053],[-163.2313,55.081],[-163.2042,55.0786],[-163.2176,55.0454],[-163.2055,55.019],[-163.0673,54.9733],[-163.0499,54.9418],[-163.2314,54.8448],[-163.3414,54.8111],[-163.3898,54.8589],[-163.3271,54.8862],[-163.3209,54.9073],[-163.2799,54.9135],[-163.2968,54.9276],[-163.3453,54.9194],[-163.3476,54.9408],[-163.3292,54.9669],[-163.2814,54.9446],[-163.246,54.97],[-163.2821,54.9901],[-163.3251,55.0956],[-163.3135,55.1127],[-163.3345,55.1195],[-163.149,55.181],[-163.0247,55.2456],[-162.9913,55.2424],[-163.0517,55.2143],[-163.0765,55.1806],[-162.962,55.169],[-162.8337,55.2294],[-162.8887,55.2468],[-162.8964,55.2667],[-162.737,55.3109],[-162.6418,55.3803],[-162.5884,55.3461],[-162.4971,55.374],[-162.5043,55.4404],[-162.557,55.4469],[-162.6214,55.4069],[-162.6047,55.4299],[-162.227,55.6979],[-161.8,55.8897],[-161.1553,56.017],[-161.3675,55.9556],[-161.1242,55.9612],[-161.0533,55.9411],[-160.9324,55.9903],[-160.8741,55.9931],[-160.8605,55.9345],[-160.9793,55.9374],[-161.0234,55.8908],[-160.9836,55.867],[-160.9288,55.8799],[-160.9464,55.8253],[-160.799,55.7154],[-160.7681,55.7585],[-160.6896,55.6979],[-160.6619,55.7328],[-160.7567,55.7861],[-160.7993,55.8754],[-160.7845,55.8877],[-160.6887,55.8623],[-160.5122,55.8699],[-160.4796,55.8503],[-160.4602,55.7956],[-160.4012,55.811],[-160.3691,55.7868],[-160.2435,55.7768],[-160.3192,55.8253],[-160.2373,55.8383],[-160.251,55.8525],[-160.5207,55.9352],[-160.5663,55.9283],[-160.5391,55.9846],[-160.5799,55.9897],[-160.4626,56.1126],[-160.4556,56.1723],[-160.3687,56.2768],[-160.2373,56.3392],[-160.1887,56.3869],[-160.017,56.4454],[-159.7457,56.5793],[-159.4831,56.647],[-159.5589,56.6203],[-159.4564,56.6293],[-159.2888,56.6921],[-159.2089,56.6955],[-159.2634,56.7086],[-159.1997,56.7517],[-159.0864,56.7858],[-158.8892,56.8896],[-159.0251,56.8167],[-159.0107,56.7888],[-158.9761,56.7849],[-158.9711,56.8275],[-158.945,56.8429],[-158.8489,56.7894],[-158.7808,56.7775],[-158.6986,56.7911],[-158.6396,56.7637],[-158.6528,56.8362],[-158.6891,56.8845],[-158.6821,57.022],[-158.6079,57.101],[-158.3124,57.3149],[-158.1827,57.362],[-158.0581,57.3671],[-158.0991,57.3808],[-157.9613,57.4842],[-157.7578,57.5643],[-157.6807,57.5725],[-157.6916,57.5579],[-157.6567,57.4836],[-157.5094,57.4763],[-157.5162,57.4626],[-157.4138,57.4899],[-157.3951,57.5128],[-157.4274,57.5316],[-157.3921,57.5663],[-157.4548,57.5521],[-157.4138,57.4975],[-157.5139,57.5098],[-157.5954,57.4932],[-157.6022,57.624],[-157.639,57.6404],[-157.6261,57.6135],[-157.6719,57.6181],[-157.7099,57.6525],[-157.7088,57.7299],[-157.6446,57.8782],[-157.6055,58.1052],[-157.5435,58.1758],[-157.4517,58.1688],[-157.3842,58.2071],[-157.1943,58.1939],[-157.1395,58.1684],[-157.1871,58.2049],[-157.3475,58.2392],[-157.4827,58.2304],[-157.5454,58.2736],[-157.5373,58.2919],[-157.5685,58.3207],[-157.5621,58.3637],[-157.5027,58.4637],[-157.4361,58.5216],[-157.3586,58.5464],[-157.2673,58.6203],[-157.1152,58.6997],[-156.9409,58.7375],[-157.0619,58.7262],[-157.078,58.7574],[-157.0023,58.84],[-157.0255,58.8635],[-156.9886,58.8952],[-156.9763,58.9535],[-156.8603,58.9939],[-156.8429,59.1032],[-156.7832,59.1552],[-156.8651,59.1112],[-156.8897,59.0125],[-157.0158,58.9741],[-157.0845,58.8867],[-157.4752,58.7996],[-157.5682,58.7479],[-157.9781,58.6475],[-158.2034,58.613],[-158.3159,58.6466],[-158.3454,58.6829],[-158.3453,58.7241],[-158.3802,58.7574],[-158.5577,58.8065],[-158.5657,58.8306],[-158.4888,58.9225],[-158.4993,58.9488],[-158.4211,58.9771],[-158.4416,58.9982],[-158.4975,58.994],[-158.3833,59.0386],[-158.1728,59.013],[-158.0786,58.9567],[-158.0643,58.9083],[-158.0301,58.8791],[-157.9954,58.9083],[-158.0413,58.9114],[-158.0342,58.9428],[-158.0523,58.9713],[-158.1402,59.0362],[-158.2338,59.0392],[-158.4416,59.087],[-158.5441,59.1758],[-158.5475,59.1448],[-158.4573,59.0759],[-158.4621,59.0528],[-158.5212,59.0373],[-158.609,58.9332],[-158.7295,58.8736],[-158.7534,58.8904],[-158.729,58.9287],[-158.7905,58.9634],[-158.7397,58.9799],[-158.7464,58.9948],[-158.8253,58.9771],[-158.77,58.9111],[-158.788,58.7698],[-158.828,58.7363],[-158.8913,58.7434],[-158.8901,58.7636],[-158.8043,58.7947],[-158.8271,58.8194],[-158.8732,58.8132],[-158.8873,58.7996],[-158.8614,58.7995],[-158.9146,58.7754],[-158.8894,58.7063],[-158.7727,58.5588],[-158.77,58.5185],[-158.7087,58.4923],[-158.7598,58.4471],[-158.8253,58.429],[-158.7973,58.4222],[-158.8297,58.4048],[-158.8817,58.3996],[-159.0513,58.4247],[-159.0716,58.4427],[-159.0307,58.4564],[-159.0747,58.4587],[-159.0785,58.4911],[-159.1146,58.4901],[-159.151,58.5188],[-159.385,58.7558],[-159.4827,58.8161],[-159.5515,58.8474],[-159.5941,58.8317],[-159.6609,58.8394],[-159.5869,58.9075],[-159.6175,58.9313],[-159.7381,58.9282],[-159.7252,58.9104],[-159.7682,58.8655],[-159.7433,58.8545],[-159.7529,58.8408],[-159.7985,58.8498],[-159.7949,58.8003],[-159.9061,58.7654],[-159.9902,58.84],[-159.9971,58.8741],[-160.1531,58.8613],[-160.1522,58.9161],[-160.2464,58.8869],[-160.2567,58.9462],[-160.3289,58.9414],[-160.3173,58.9652],[-160.2551,58.9903],[-160.3347,59.0538],[-160.3254,59.0666],[-160.3522,59.0707],[-160.7685,58.8964],[-160.8337,58.8125],[-160.8294,58.8526],[-160.8886,58.8841],[-160.9614,58.8732],[-161.1797,58.7827],[-161.272,58.7871],[-161.2912,58.7926],[-161.2714,58.8201],[-161.3061,58.8126],[-161.3107,58.7886],[-161.263,58.7767],[-161.3575,58.7262],[-161.3762,58.6868],[-161.3619,58.6685],[-161.3013,58.6818],[-161.4883,58.6404],[-161.5624,58.602],[-161.6656,58.5908],[-161.7075,58.5612],[-161.7648,58.5594],[-161.7102,58.614],[-161.7651,58.6451],[-161.7629,58.591],[-161.7977,58.6232],[-162.0772,58.6209],[-162.1761,58.6449],[-162.046,58.6829],[-161.8911,58.6537],[-161.8428,58.6916],[-161.8654,58.7163],[-161.7862,58.7587],[-161.7174,58.7548],[-161.6774,58.7735],[-161.6556,58.8065],[-161.6848,58.8186],[-161.7335,58.8079],[-161.7747,58.7705],[-161.7586,58.8263],[-161.7855,58.8776],[-161.7949,58.9745],[-161.8558,59.0338],[-161.8221,59.0444],[-161.7986,59.0175],[-161.7252,59.0351],[-161.5692,59.1151],[-161.6379,59.1422],[-161.7231,59.1158],[-161.8405,59.1206],[-161.8884,59.0944],[-161.8474,59.0666],[-161.8965,59.0754],[-161.9741,59.1314],[-162.0429,59.2484],[-162.0437,59.2658],[-162.009,59.2375],[-161.9831,59.2537],[-161.9709,59.3539],[-161.9466,59.3878],[-161.9051,59.3955],[-161.8675,59.4331],[-161.8474,59.4222],[-161.8016,59.4792],[-161.7557,59.4726],[-161.7139,59.5014],[-161.8592,59.6281],[-161.8896,59.7062],[-162.0818,59.8779],[-162.1088,59.9652],[-162.1581,59.9765],[-162.2098,60.0255],[-162.2401,60.0898],[-162.2036,60.1533],[-162.2514,60.2014],[-162.1616,60.2164],[-162.149,60.2452],[-162.2036,60.2452],[-162.181,60.2231],[-162.2489,60.2147],[-162.2902,60.2425],[-162.2999,60.2172],[-162.2845,60.197],[-162.3001,60.1805],[-162.2577,60.1738],[-162.2287,60.1456],[-162.3172,60.1131],[-162.3749,60.1763],[-162.3476,60.1906],[-162.3417,60.219],[-162.4586,60.2951],[-162.3905,60.3295],[-162.3031,60.4709],[-162.2275,60.509],[-162.2241,60.5878],[-162.0614,60.651],[-161.9671,60.6457],[-161.943,60.6697],[-161.9634,60.6766],[-161.8815,60.7039],[-161.9106,60.7137],[-162.0723,60.6652],[-162.0944,60.6697],[-162.0882,60.6869],[-162.1151,60.7128],[-162.1832,60.7311],[-162.1217,60.694],[-162.1234,60.6589],[-162.2763,60.6129],[-162.3061,60.5332],[-162.3824,60.437],[-162.4412,60.4234],[-162.416,60.3824],[-162.4648,60.3724],[-162.4643,60.396],[-162.5125,60.3549],[-162.6083,60.3339],[-162.5668,60.3135],[-162.6009,60.3066],[-162.5537,60.2862],[-162.56,60.2611],[-162.7033,60.2657],[-162.5584,60.2375],[-162.4503,60.1911],[-162.4979,60.1182],[-162.4774,60.0528],[-162.5258,59.9975],[-162.6398,59.9814],[-162.7517,60.005],[-162.7528,59.9682],[-162.808,59.9426],[-163.0876,59.8591],[-163.3165,59.8303],[-163.6149,59.8008],[-163.8771,59.7995],[-164.0983,59.8337],[-164.187,59.8915],[-164.2123,59.955],[-164.0949,59.9777],[-164.1365,59.9914],[-164.1147,60.005],[-164.4127,60.0918],[-164.4883,60.1506],[-164.4853,60.1837],[-164.6438,60.2483],[-164.6771,60.3032],[-164.6492,60.3339],[-164.7535,60.2871],[-165.006,60.3467],[-165.1014,60.4067],[-165.1433,60.4506],[-165.024,60.469],[-164.9737,60.5204],[-164.9856,60.5468],[-165.2217,60.499],[-165.3697,60.5121],[-165.4312,60.553],[-165.3541,60.5884],[-165.2977,60.5831],[-164.9992,60.7114],[-164.9897,60.7297],[-165.0314,60.787],[-164.8749,60.8488],[-164.9423,60.8896],[-164.9582,60.9168],[-164.9374,60.9365],[-164.8348,60.8684],[-164.711,60.9172],[-164.6395,60.9133],[-164.6976,60.8547],[-164.6691,60.8258],[-164.4648,60.8205],[-164.2708,60.7879],[-164.2596,60.7421],[-164.2246,60.7311],[-164.2355,60.7126],[-164.2184,60.6902],[-164.32,60.6623],[-164.3413,60.6213],[-164.3868,60.6135],[-164.4443,60.5673],[-164.4204,60.5543],[-164.2593,60.6533],[-164.1351,60.6637],[-164.0843,60.7346],[-163.9556,60.7799],[-163.8657,60.777],[-163.8162,60.7551],[-163.8069,60.7349],[-163.8318,60.6838],[-163.8069,60.6697],[-163.8362,60.6396],[-163.8111,60.5939],[-163.6865,60.5897],[-163.4643,60.6766],[-163.4291,60.717],[-163.4717,60.7523],[-163.409,60.7523],[-163.5437,60.81],[-163.9304,60.8547],[-163.8089,60.8925],[-163.6976,60.8684],[-163.5784,60.8841],[-163.556,60.9],[-163.5636,60.9133],[-163.7564,60.9453],[-163.6697,60.9919],[-163.7041,60.9997],[-163.8,60.9782],[-163.796,60.9577],[-163.8867,60.928],[-163.9575,60.8681],[-164.0071,60.8622],[-164.3638,60.8721],[-164.5644,60.8547],[-164.6026,60.8758],[-164.5859,60.9101],[-164.628,60.9323],[-164.715,60.9372],[-164.7976,60.9025],[-164.8795,60.9574],[-164.9582,60.9509],[-165.0368,60.9168],[-165.1708,60.9416],[-165.1985,60.9782],[-165.1182,61.0133],[-164.9508,61.0198],[-164.9401,61.0838],[-164.8645,61.0798],[-164.7665,61.1086],[-164.9992,61.1147],[-165.004,61.0687],[-165.0587,61.0629],[-165.191,61.1365],[-165.1295,61.1566],[-165.1156,61.1906],[-165.0607,61.2185],[-165.1433,61.2594],[-165.0824,61.2185],[-165.1361,61.201],[-165.1568,61.1557],[-165.2115,61.1496],[-165.3697,61.2008],[-165.3627,61.2128],[-165.2933,61.2548],[-165.2127,61.2652],[-165.2084,61.3268],[-165.2599,61.3345],[-165.1578,61.3658],[-165.1774,61.3959],[-165.1588,61.4186],[-165.0762,61.4194],[-165.0477,61.437],[-165.0578,61.4517],[-164.9677,61.4896],[-164.8415,61.499],[-164.8415,61.5195],[-164.7477,61.5547],[-164.7528,61.5889],[-164.6907,61.6014],[-164.7241,61.6256],[-164.7665,61.6287],[-164.746,61.6088],[-164.7869,61.6014],[-164.8776,61.526],[-164.9909,61.5114],[-165.0399,61.4709],[-165.0858,61.4763],[-165.0792,61.4371],[-165.2047,61.4102],[-165.191,61.383],[-165.2941,61.3345],[-165.2289,61.3175],[-165.2258,61.2731],[-165.3129,61.2609],[-165.3902,61.2246],[-165.3996,61.1956],[-165.3464,61.1567],[-165.3766,61.1291],[-165.3737,61.0716],[-165.5472,61.0939],[-165.6051,61.1245],[-165.6435,61.2215],[-165.6422,61.2489],[-165.61,61.2526],[-165.628,61.2718],[-165.61,61.2873],[-165.8287,61.313],[-165.8768,61.3366],[-165.9183,61.4147],[-165.7801,61.458],[-165.777,61.5158],[-165.9239,61.5622],[-166.0857,61.5322],[-166.096,61.5195],[-166.0544,61.5058],[-166.1062,61.4985],[-166.1999,61.5945],[-166.1727,61.6946],[-166.1444,61.7255],[-166.154,61.6567],[-166.1164,61.6361],[-165.7664,61.6908],[-165.9247,61.7051],[-166.0034,61.7349],[-166.1028,61.8211],[-165.7931,61.8269],[-165.5882,61.8621],[-165.6893,61.9103],[-165.7504,61.9844],[-165.7595,62.0256],[-165.7056,62.1166],[-165.5946,62.1783],[-165.3446,62.366],[-165.2967,62.4213],[-165.133,62.5157],[-165.0557,62.5383],[-164.8679,62.538],[-164.849,62.5275],[-164.8674,62.5107],[-164.8481,62.4779],[-164.7357,62.4648],[-164.6907,62.4374],[-164.6088,62.4374],[-164.7336,62.3787],[-164.5819,62.4262],[-164.5865,62.4548],[-164.6771,62.4744],[-164.63,62.5132],[-164.7051,62.4791],[-164.7429,62.4964],[-164.8415,62.4927],[-164.7944,62.5337],[-164.858,62.5636],[-164.8347,62.5844],[-164.7047,62.6125],[-164.4791,62.7459],[-164.5398,62.7388],[-164.7403,62.6345],[-164.8132,62.6202],[-164.8433,62.7051],[-164.8832,62.7391],[-164.8627,62.7739],[-164.89,62.7869],[-164.7665,62.8012],[-164.8326,62.8089],[-164.8832,62.8415],[-164.8525,62.8558],[-164.8161,62.9272],[-164.7534,62.991],[-164.6907,63.0271],[-164.5282,63.0347],[-164.4785,63.0141],[-164.4512,63.0334],[-164.314,63.0141],[-164.3767,63.0705],[-164.5228,63.0883],[-164.5952,63.1301],[-164.4235,63.209],[-164.1454,63.2622],[-163.7292,63.2168],[-163.6466,63.1589],[-163.6434,63.1313],[-163.6635,63.1165],[-163.5418,63.1288],[-163.656,63.0604],[-163.7919,63.0219],[-163.8069,62.9862],[-163.6008,63.0681],[-163.5286,63.1167],[-163.4407,63.096],[-163.3505,63.0308],[-163.094,63.0574],[-162.8808,63.1409],[-162.8063,63.2195],[-162.6966,63.2292],[-162.5965,63.2767],[-162.4016,63.4312],[-162.28,63.4891],[-162.2726,63.5075],[-162.3094,63.5466],[-162.0996,63.519],[-162.0181,63.4858],[-162.1689,63.4312],[-161.6603,63.4696],[-161.4405,63.4602],[-161.1863,63.5056],[-161.0565,63.5744],[-161.0339,63.6101],[-160.9499,63.6367],[-160.8271,63.7135],[-160.7916,63.7465],[-160.767,63.8241],[-160.805,63.9045],[-160.9288,64.0482],[-160.9735,64.2505],[-161.2031,64.3641],[-161.1758,64.384],[-161.2578,64.4051],[-161.1888,64.4181],[-161.458,64.4317],[-161.5389,64.3976],[-161.4857,64.4571],[-161.4681,64.51],[-161.4139,64.5375],[-161.035,64.5078],[-161.0045,64.528],[-161.0859,64.5526],[-160.958,64.5588],[-160.834,64.6173],[-160.8032,64.6434],[-160.7916,64.7259],[-160.9014,64.8227],[-161.0444,64.8625],[-161.1553,64.9252],[-161.0662,64.9152],[-160.9908,64.9394],[-161.0201,64.9472],[-161.2106,64.9326],[-161.2071,64.9097],[-161.3076,64.872],[-161.3953,64.7868],[-161.5458,64.7509],[-161.7336,64.8207],[-161.8064,64.8227],[-161.7164,64.7949],[-161.8963,64.754],[-161.9498,64.7259],[-161.9318,64.7187],[-161.7996,64.7613],[-161.8955,64.7117],[-162.1217,64.7129],[-162.0665,64.6993],[-162.1774,64.6882],[-162.2702,64.6193],[-162.5112,64.5587],[-162.6072,64.5068],[-162.6426,64.3944],[-162.7813,64.3437],[-162.82,64.3703],[-162.8237,64.4215],[-162.8746,64.4597],[-162.8275,64.5006],[-162.9708,64.5559],[-163.0533,64.5559],[-163.0255,64.5695],[-163.1477,64.6271],[-163.149,64.6583],[-163.2425,64.6484],[-163.3898,64.5969],[-163.3135,64.5621],[-163.211,64.5559],[-163.1428,64.515],[-163.0397,64.5211],[-163.0465,64.4931],[-163.1146,64.461],[-163.135,64.4125],[-163.1659,64.4106],[-163.2247,64.4317],[-163.2998,64.4931],[-163.5366,64.5645],[-163.6785,64.5863],[-164.3891,64.5695],[-164.2662,64.5758],[-164.3419,64.59],[-164.6504,64.5023],[-164.746,64.4931],[-164.6566,64.5211],[-164.6917,64.5313],[-164.8074,64.5211],[-164.8857,64.4915],[-164.9099,64.4931],[-164.9082,64.524],[-164.9378,64.5347],[-164.9324,64.5128],[-164.9651,64.5075],[-164.8962,64.4727],[-164.9241,64.4597],[-164.7665,64.4802],[-164.8371,64.4552],[-165.0355,64.4483],[-165.4462,64.5119],[-166.1897,64.5852],[-166.3704,64.6378],[-166.4835,64.7296],[-166.4804,64.802],[-166.3861,64.8273],[-166.4102,64.8545],[-166.3902,64.8985],[-166.5048,64.9511],[-166.5273,64.9531],[-166.5152,64.9378],[-166.4448,64.8985],[-166.6845,64.9822],[-166.7001,64.994],[-166.6874,65.0228],[-166.7114,65.0437],[-166.8786,65.1027],[-166.9615,65.1544],[-166.9574,65.1781],[-166.927,65.2429],[-166.8802,65.282],[-166.8528,65.2779],[-166.9321,65.1689],[-166.7126,65.1129],[-166.5342,65.1374],[-166.4692,65.1893],[-166.4887,65.2343],[-166.3713,65.2725],[-166.0906,65.231],[-166.0312,65.2431],[-166.1404,65.2857],[-166.3738,65.3053],[-166.5028,65.3362],[-166.9383,65.3851],[-166.6499,65.3268],[-167.0005,65.3781],[-167.3986,65.4011],[-167.6043,65.4534],[-167.7221,65.5047],[-168.0524,65.58],[-168.0903,65.5967],[-168.1374,65.665],[-168.0716,65.7071],[-167.8821,65.7554],[-167.8668,65.749],[-167.8779,65.7385],[-168.0567,65.6772],[-168.0629,65.6514],[-168.0399,65.6359],[-167.8561,65.6835],[-167.8227,65.7203],[-167.5312,65.7261],[-167.5006,65.7408],[-167.4966,65.7654],[-167.5592,65.7787],[-167.5764,65.7925],[-167.561,65.8089],[-167.4528,65.8097],[-167.5211,65.8301],[-167.3459,65.8986],[-167.2883,65.9052],[-167.1829,65.8582],[-167.0599,65.8776],[-166.8768,65.9468],[-166.973,65.9742],[-166.8358,66.0151],[-166.8768,65.9878],[-166.7949,65.9878],[-166.8154,66.0076],[-166.725,66.0613],[-166.3109,66.1754],[-166.1385,66.1667],[-166.0892,66.1523],[-166.1643,66.1523],[-166.0937,66.1253],[-165.755,66.1053],[-165.5001,66.1523],[-165.7109,66.2126],[-165.874,66.2256],[-165.89,66.241],[-165.8729,66.2634],[-165.7664,66.3236],[-165.3057,66.437],[-165.1052,66.4453],[-165.0334,66.3993],[-165.0266,66.4225],[-164.9582,66.4403],[-164.9447,66.467],[-164.7313,66.5327],[-164.7181,66.5563],[-164.2744,66.6023],[-163.7363,66.6035],[-163.6287,66.57],[-163.9301,66.5858],[-163.8069,66.57],[-163.7624,66.5258],[-163.7665,66.4854],[-163.8642,66.4365],[-163.8956,66.3993],[-163.8956,66.3372],[-163.8547,66.2895],[-163.965,66.233],[-164.1911,66.1933],[-163.9857,66.2069],[-163.9775,66.1835],[-163.9175,66.2107],[-163.855,66.1337],[-163.7591,66.0902],[-163.6805,66.0786],[-163.3544,66.0976],[-163.2864,66.0759],[-163.1217,66.0704],[-162.9477,66.1035],[-162.7585,66.1113],[-162.6829,66.0698],[-162.692,66.0331],[-162.6769,66.0065],[-162.6547,66.0385],[-162.4685,66.071],[-162.388,66.0356],[-162.1794,66.0759],[-161.9156,66.0424],[-161.9771,66.0151],[-161.9082,66.0219],[-161.8992,66.0031],[-161.9225,65.9878],[-161.8207,65.9803],[-161.7928,65.994],[-161.8474,66.0076],[-161.8337,66.0245],[-161.7294,66.0784],[-161.7853,66.0834],[-161.6663,66.154],[-161.5798,66.2547],[-161.5059,66.2789],[-161.3601,66.2752],[-161.3738,66.2622],[-161.2987,66.2274],[-161.1758,66.2274],[-161.1057,66.2504],[-161.0838,66.2309],[-161.1143,66.2069],[-161.0933,66.1728],[-161.1069,66.1386],[-161.1826,66.1243],[-161.0933,66.1243],[-161.024,66.1842],[-160.997,66.241],[-161.1138,66.3329],[-161.2603,66.3692],[-161.5107,66.4077],[-161.7446,66.4055],[-161.9044,66.3652],[-161.9133,66.3267],[-161.8815,66.3236],[-161.8933,66.3161],[-161.8673,66.2956],[-161.8809,66.2722],[-161.9119,66.2789],[-161.9566,66.3503],[-161.876,66.4401],[-161.8673,66.4813],[-161.8884,66.5244],[-162.2098,66.7072],[-162.5046,66.7498],[-162.54,66.8048],[-162.6253,66.8615],[-162.6387,66.8996],[-162.52,66.9206],[-162.4848,66.9604],[-162.4171,66.9225],[-162.3271,66.9604],[-162.3066,66.9529],[-162.1209,66.8061],[-162.0168,66.781],[-162.0832,66.6868],[-162.066,66.6531],[-161.8708,66.5322],[-161.6338,66.458],[-161.434,66.4685],[-161.2042,66.5386],[-161.1419,66.498],[-161.061,66.4862],[-160.9836,66.4406],[-160.7654,66.3704],[-160.2285,66.4121],[-160.2192,66.532],[-160.3254,66.6048],[-160.3056,66.611],[-160.3176,66.6341],[-160.2435,66.6457],[-160.275,66.6546],[-160.3544,66.6448],[-160.3664,66.6184],[-160.4849,66.6345],[-160.5517,66.5911],[-160.6983,66.6129],[-160.881,66.6724],[-161.1361,66.6519],[-161.2373,66.598],[-161.241,66.56],[-161.272,66.543],[-161.4954,66.5367],[-161.5626,66.5664],[-161.5463,66.598],[-161.6497,66.6129],[-161.902,66.7351],[-161.8673,66.7581],[-161.8806,66.8148],[-161.8002,66.8537],[-161.8064,66.8996],[-161.7341,66.9231],[-161.7164,66.9399],[-161.7307,66.9536],[-161.5183,66.9607],[-161.4989,66.9711],[-161.5252,66.9914],[-161.5895,66.9932],[-161.6876,67.0293],[-161.7402,67.0173],[-161.8352,67.055],[-162.248,67.015],[-162.2549,67.0529],[-162.2883,67.0709],[-162.3061,67.0703],[-162.313,67.0295],[-162.293,67.0089],[-162.4569,66.9946],[-162.4676,67.0095],[-162.4259,67.0634],[-162.3378,67.1451],[-162.3601,67.1674],[-162.4364,67.1597],[-162.3749,67.1392],[-162.5804,67.015],[-162.677,67.0183],[-162.6828,67.0368],[-162.7333,67.0488],[-162.9396,67.0482],[-162.9519,67.0443],[-162.9373,67.0293],[-162.8479,67.0089],[-162.8741,67.0053],[-163.1423,67.057],[-163.725,67.1113],[-163.7656,67.14],[-163.7734,67.2257],[-163.824,67.3546],[-163.9616,67.4987],[-164.1515,67.6196],[-164.446,67.7099],[-164.6936,67.8246],[-164.7733,67.8381],[-164.7181,67.8039],[-164.7479,67.8099],[-165.4372,68.0602],[-165.9281,68.1369],[-166.1035,68.2399],[-166.2966,68.2996],[-166.829,68.3514],[-166.5072,68.4229],[-166.4448,68.4202],[-166.7472,68.3633],[-166.6645,68.3514],[-166.5482,68.3588],[-166.4548,68.3989],[-166.3765,68.3856],[-166.425,68.4135],[-166.3151,68.406],[-166.3704,68.4408],[-166.231,68.5799],[-166.24,68.6052],[-166.1938,68.7797],[-166.2368,68.8748],[-166.2226,68.8858],[-165.6647,68.8616],[-164.3464,68.9294],[-163.9645,69.0031],[-163.6225,69.1192],[-163.2861,69.311],[-163.177,69.4269],[-163.1558,69.4208],[-163.2724,69.2979],[-163.1258,69.39],[-163.1353,69.4208],[-163.1067,69.4748],[-163.1148,69.4959],[-163.0832,69.501],[-163.0648,69.556],[-163.0807,69.5854],[-163.149,69.6058],[-163.0255,69.6263],[-163.0664,69.6467],[-163.0329,69.6611],[-163.0664,69.6741],[-162.9565,69.6877],[-162.9384,69.7112],[-163.0255,69.7287],[-163.0187,69.7458],[-162.9498,69.7905],[-162.5378,69.9567],[-162.4774,70.0241],[-162.491,70.0515],[-162.3607,70.0576],[-162.3749,70.0856],[-162.3408,70.0924],[-162.352,70.1084],[-162.3215,70.1273],[-162.1994,70.1644],[-162.015,70.2773],[-161.9057,70.3206],[-161.8331,70.3047],[-161.861,70.2904],[-161.7034,70.2637],[-161.902,70.2569],[-161.7586,70.2296],[-161.8595,70.2119],[-161.8405,70.1955],[-161.7034,70.1955],[-161.7381,70.2023],[-161.7293,70.2156],[-161.6319,70.2561],[-161.3422,70.2588],[-161.025,70.3183],[-161.0318,70.3047],[-160.9499,70.2904],[-160.984,70.3251],[-160.8607,70.3473],[-160.6215,70.4296],[-160.7731,70.4057],[-160.449,70.4897],[-160.1722,70.6049],[-160.1274,70.579],[-159.9471,70.5972],[-159.9244,70.5815],[-159.9487,70.5449],[-159.922,70.5449],[-159.9438,70.522],[-160.2019,70.4766],[-160.1257,70.466],[-159.922,70.4897],[-160.1337,70.3251],[-160.096,70.3214],[-159.9485,70.3704],[-159.9222,70.3493],[-159.9282,70.3183],[-159.9077,70.2842],[-159.8666,70.2777],[-159.7712,70.1955],[-159.7706,70.2252],[-159.8326,70.2637],[-159.8531,70.3251],[-159.8425,70.3494],[-159.8873,70.3872],[-159.8258,70.4971],[-159.7097,70.4698],[-159.4953,70.5158],[-159.4185,70.4997],[-159.2914,70.5381],[-159.5651,70.5312],[-159.7159,70.4971],[-159.8253,70.5438],[-159.8646,70.5991],[-159.9479,70.6364],[-160.0057,70.6401],[-160.12,70.6064],[-160.1274,70.6262],[-159.913,70.7006],[-159.8121,70.7156],[-159.8463,70.7156],[-159.6682,70.805],[-159.161,70.8869],[-159.3733,70.8459],[-159.1743,70.8539],[-159.1406,70.8254],[-159.449,70.7845],[-159.3736,70.7609],[-159.3213,70.7693],[-159.3044,70.7578],[-159.3249,70.7436],[-159.2225,70.6889],[-159.279,70.7647],[-158.9897,70.777],[-159.0292,70.8051],[-159.0853,70.805],[-159.0604,70.8166],[-158.7154,70.7913],[-158.338,70.818],[-158.4393,70.8221],[-158.5235,70.8528],[-158.043,70.8369],[-157.8649,70.8664],[-157.5591,70.9514],[-157.2312,71.0714],[-157.0255,71.2032],[-156.8172,71.3063],[-156.4715,71.4125],[-156.3717,71.3803],[-156.4884,71.394],[-156.6044,71.3537],[-156.5342,71.3001],[-156.4337,71.2922],[-156.4433,71.2684],[-156.1411,71.2565],[-156.0974,71.2438],[-156.111,71.2233],[-156.0427,71.2159],[-156.111,71.1749],[-156.0341,71.1828],[-155.9449,71.2204],[-155.916,71.1965],[-155.8009,71.2088],[-155.6247,71.1835],[-155.5734,71.1504],[-155.5515,71.1009],[-155.5666,71.0815],[-155.7091,71.0383],[-155.7447,71.0045],[-155.8308,70.9831],[-156.1047,70.9688],[-156.0079,70.9421],[-156.1873,70.9217],[-156.0872,70.927],[-156.0563,70.9217],[-156.0974,70.908],[-155.9813,70.8944],[-155.9949,70.8869],[-155.9403,70.8528],[-155.9875,70.8254],[-155.9676,70.7913],[-155.9781,70.7597],[-155.909,70.7712],[-155.8994,70.7845],[-155.9262,70.8118],[-155.8914,70.8367],[-155.7204,70.8461],[-155.6588,70.8242],[-155.647,70.8359],[-155.666,70.8664],[-155.6456,70.8681],[-155.5771,70.8459],[-155.5346,70.8773],[-155.5179,70.9521],[-155.3086,71.0288],[-155.1917,70.9951],[-155.1967,71.0414],[-155.2892,71.0861],[-155.1861,71.1271],[-155.0974,71.0861],[-155.105,71.1323],[-155.1253,71.1408],[-155.0897,71.1549],[-155.0432,71.1309],[-155.0565,71.0998],[-155.0394,71.0557],[-155.0974,71.0173],[-155.039,71.0174],[-155.0018,71.093],[-155.0128,71.1133],[-154.9717,71.1201],[-154.8796,71.0882],[-154.8082,71.0959],[-154.6081,71.021],[-154.602,70.9921],[-154.6682,70.9206],[-154.81,70.8807],[-154.6998,70.8862],[-154.6312,70.8528],[-154.6312,70.8323],[-154.5903,70.8254],[-154.3091,70.8308],[-154.2303,70.7784],[-154.131,70.7913],[-153.8935,70.8984],[-153.514,70.8869],[-153.2557,70.9328],[-153.0758,70.9012],[-152.9557,70.908],[-152.9176,70.8698],[-152.8656,70.857],[-152.8157,70.8869],[-152.7149,70.821],[-152.6575,70.8459],[-152.6941,70.8769],[-152.7468,70.8807],[-152.7125,70.8904],[-152.3275,70.8569],[-152.2192,70.8124],[-152.4309,70.7436],[-152.4213,70.7133],[-152.5008,70.6992],[-152.5091,70.6639],[-152.4479,70.626],[-152.1038,70.5988],[-152.0753,70.579],[-152.5172,70.5927],[-152.6301,70.5585],[-152.5345,70.5449],[-151.7604,70.5667],[-151.7333,70.5585],[-151.8032,70.5187],[-151.8698,70.5176],[-151.7904,70.5024],[-151.9433,70.4805],[-151.9797,70.4487],[-151.4542,70.439],[-151.3525,70.4264],[-151.2223,70.3757],[-151.1771,70.3798],[-151.2088,70.4224],[-151.1777,70.4487],[-150.8351,70.4829],[-150.7657,70.4722],[-150.7451,70.4766],[-150.7935,70.5033],[-150.5266,70.5107],[-150.4925,70.4766],[-150.3794,70.497],[-150.3615,70.4797],[-150.4167,70.4145],[-150.1191,70.4429],[-149.8897,70.5128],[-149.8116,70.4962],[-149.4885,70.523],[-149.464,70.5107],[-149.4913,70.4971],[-149.3838,70.4882],[-149.3445,70.5101],[-149.0445,70.4686],[-148.9645,70.4293],[-148.9029,70.4418],[-148.7958,70.4145],[-148.6824,70.4201],[-148.5182,70.3692],[-148.501,70.3399],[-148.5118,70.3183],[-148.3814,70.3125],[-148.2233,70.3593],[-148.1507,70.3564],[-148.0531,70.3147],[-147.9622,70.3014],[-147.8428,70.3075],[-147.7987,70.2904],[-147.8198,70.2699],[-147.7857,70.2569],[-147.8061,70.2365],[-147.6796,70.2122],[-147.2171,70.1887],[-147.1237,70.1675],[-146.8807,70.175],[-146.8488,70.1934],[-146.2306,70.186],[-146.0826,70.1557],[-145.9286,70.1675],[-145.8727,70.1528],[-145.8802,70.175],[-145.6132,70.0888],[-145.5997,70.0808],[-145.6139,70.0714],[-145.5205,70.0924],[-145.4556,70.0515],[-145.3685,70.0336],[-145.2154,70.044],[-145.3014,69.9997],[-145.2749,69.9931],[-145.1539,70.0031],[-144.9416,69.978],[-144.8716,69.998],[-144.7065,69.976],[-144.5902,69.9828],[-144.3861,70.044],[-144.1869,70.0436],[-144.1295,70.0677],[-144.064,70.044],[-144.0714,69.9894],[-144.0231,70.0515],[-144.064,70.0856],[-143.931,70.071],[-143.7706,70.1044],[-143.5765,70.0939],[-143.5507,70.1266],[-143.5106,70.0967],[-143.3541,70.1056],[-143.2975,70.0434],[-143.2764,70.0515],[-143.3025,70.0794],[-143.3003,70.1166],[-143.2357,70.1182],[-143.1187,70.0856],[-143.0231,70.0898],[-142.9841,70.0629],[-142.8795,70.074],[-142.6008,70.0131],[-142.6116,69.9757],[-142.5385,69.985],[-142.4813,69.9695],[-142.5228,69.9695],[-142.4969,69.9538],[-142.4378,69.949],[-142.413,69.9348],[-142.426,69.9205],[-142.3714,69.9143],[-142.3761,69.8992],[-142.2709,69.856],[-142.1073,69.8489],[-142.0495,69.8349],[-142.0424,69.8044],[-142.0151,69.7963],[-141.9206,69.8154],[-141.6533,69.7622],[-141.5012,69.7088],[-141.4129,69.6504],[-141.2672,69.6445],[-141.2206,69.6741],[-141.3162,69.6945],[-141.0056,69.6509]]],[[[-123.0905,48.9925],[-123.0353,48.9925],[-123.0453,48.9844],[-123.0885,48.9722],[-123.0893,48.988],[-123.0905,48.9925]]],[[[-132.6477,54.8179],[-132.7848,54.9277],[-132.6293,54.904],[-132.6477,54.8179]]],[[[-131.2437,54.9346],[-131.1947,54.9073],[-131.3312,54.8612],[-131.4822,54.9256],[-131.2638,54.9969],[-131.2437,54.9346]]],[[[-132.8265,55.0544],[-132.8227,55.1905],[-132.6682,55.0507],[-132.7507,54.9954],[-132.8265,55.0544]]],[[[-132.703,54.7012],[-132.8429,54.6938],[-132.9562,54.8037],[-132.9084,54.8383],[-133.1479,54.9544],[-133.2169,55.0991],[-133.1207,55.0991],[-133.2169,55.1537],[-133.1821,55.2356],[-133.107,55.2487],[-132.9562,55.0643],[-133.0865,55.0922],[-132.703,54.7012]]],[[[-131.4796,55.0063],[-131.5478,55.0888],[-131.5311,55.0302],[-131.6245,55.0174],[-131.5172,55.1342],[-131.5516,55.2766],[-131.3728,55.2015],[-131.357,55.0325],[-131.4796,55.0063]]],[[[-133.2914,55.2629],[-133.2094,55.2704],[-133.3162,55.2015],[-133.4499,55.2502],[-133.3819,55.3319],[-133.2987,55.3319],[-133.2914,55.2629]]],[[[-131.8185,55.4138],[-131.6361,55.2993],[-131.7638,55.2487],[-131.7229,55.1401],[-131.8178,55.198],[-131.8185,55.4138]]],[[[-133.4496,55.4069],[-133.5799,55.3454],[-133.6073,55.2356],[-133.6892,55.3113],[-133.5806,55.4262],[-133.4496,55.4069]]],[[[-133.3466,55.4479],[-133.4285,55.5441],[-133.2874,55.5451],[-133.3466,55.4479]]],[[[-133.6039,55.4894],[-133.7991,55.4479],[-133.7029,55.5578],[-133.6039,55.4894]]],[[[-133.3057,55.7973],[-133.4179,55.7385],[-133.4906,55.7905],[-133.5421,55.6949],[-133.6824,55.7905],[-133.3057,55.7973]]],[[[-133.2851,55.9072],[-133.2169,55.8663],[-133.2508,55.7759],[-133.3412,55.8373],[-133.2851,55.9072]]],[[[-155.6523,55.8867],[-155.5561,55.9146],[-155.5973,55.7604],[-155.7498,55.8177],[-155.6523,55.8867]]],[[[-134.1793,55.9146],[-134.1144,55.9003],[-134.2584,55.8184],[-134.3472,55.911],[-134.1793,55.9146]]],[[[-133.9195,55.9208],[-133.856,55.9423],[-133.8425,55.8664],[-133.9195,55.9208]]],[[[-130.9619,55.5851],[-130.9717,55.3852],[-131.0271,55.4103],[-131.0557,55.2736],[-131.192,55.1857],[-131.3114,55.2356],[-131.2099,55.4063],[-131.2983,55.2766],[-131.4632,55.2934],[-131.2707,55.4473],[-131.3508,55.6456],[-131.3254,55.4468],[-131.4621,55.3319],[-131.4213,55.5305],[-131.5065,55.4994],[-131.4657,55.3723],[-131.5265,55.2994],[-131.8202,55.4638],[-131.6198,55.5953],[-131.699,55.6161],[-131.6869,55.6839],[-131.5174,55.7291],[-131.7092,55.7397],[-131.4827,55.783],[-131.6877,55.832],[-131.4704,55.832],[-131.5788,55.9072],[-131.2803,55.9652],[-131.0444,55.7905],[-130.9619,55.5851]]],[[[-133.6073,56.0785],[-133.4831,56.0922],[-133.617,56.1315],[-133.2853,56.1472],[-133.3111,55.9979],[-133.4703,56.0173],[-133.7027,55.9028],[-133.7949,55.9436],[-133.6073,56.0785]]],[[[-132.5484,56.3044],[-132.3998,56.3504],[-132.39,56.2355],[-132.4838,56.1946],[-132.3594,56.2179],[-132.0922,56.1064],[-132.202,56.0922],[-132.1335,55.929],[-132.3356,55.9182],[-132.4491,56.0648],[-132.6454,56.0581],[-132.703,56.2225],[-132.5484,56.3044]]],[[[-131.9767,54.8315],[-132.004,54.6938],[-132.2777,54.7148],[-132.2163,54.8037],[-132.3597,54.8037],[-132.2648,54.8445],[-132.3939,54.9346],[-132.3802,55.0234],[-132.4361,54.9166],[-132.5015,54.9138],[-132.4442,54.963],[-132.4901,55.0029],[-132.5934,54.9682],[-132.5719,55.0438],[-132.465,55.0507],[-132.5598,55.1241],[-132.6129,55.0643],[-132.5583,55.1679],[-132.6409,55.2561],[-132.6205,55.1534],[-132.6961,55.1469],[-132.7991,55.2704],[-132.9493,55.2083],[-133.035,55.2257],[-132.9098,55.2852],[-133.213,55.2792],[-133.2646,55.3454],[-133.2066,55.3845],[-132.8463,55.3523],[-133.1258,55.4836],[-132.9084,55.6329],[-133.3791,55.6298],[-133.3819,55.7228],[-133.2367,55.7451],[-133.1398,55.8766],[-133.2598,55.9453],[-133.2646,56.1474],[-133.5731,56.185],[-133.6147,56.3529],[-133.3122,56.2772],[-133.1821,56.3323],[-133.0249,56.172],[-133.1405,56.1195],[-133.0791,56.0581],[-132.7364,55.9966],[-132.5084,55.8276],[-132.4348,55.6267],[-132.3705,55.6676],[-132.1406,55.4653],[-132.5235,55.6252],[-132.5145,55.5472],[-132.6818,55.4553],[-132.4013,55.5168],[-132.2769,55.4527],[-132.4838,55.4069],[-132.1549,55.366],[-132.0953,55.2671],[-132.243,55.2561],[-132.2402,55.1972],[-131.9943,55.2681],[-132.0015,55.1045],[-132.2231,54.9892],[-131.963,55.0302],[-131.9761,54.9081],[-132.047,54.8986],[-131.9767,54.8315]]],[[[-132.6129,56.4006],[-132.6472,56.2824],[-132.8197,56.2362],[-133.0552,56.3448],[-132.9242,56.452],[-132.6129,56.4006]]],[[[-132.004,56.3392],[-131.9283,56.1946],[-132.0723,56.1195],[-132.3382,56.2578],[-132.3754,56.4885],[-132.004,56.3392]]],[[[-157.0606,56.5822],[-156.9884,56.5306],[-157.3312,56.5242],[-157.0606,56.5822]]],[[[-154.4252,56.593],[-154.7382,56.3983],[-154.7912,56.4309],[-154.4252,56.593]]],[[[-154.0826,56.5521],[-154.3501,56.5447],[-154.2262,56.6083],[-154.0826,56.5521]]],[[[-132.9596,56.788],[-132.8163,56.7973],[-132.5334,56.5803],[-132.9186,56.507],[-132.9596,56.788]]],[[[-133.8847,56.4901],[-133.8258,56.4422],[-133.9164,56.3734],[-133.8475,56.2982],[-133.9751,56.3514],[-133.8919,56.2298],[-133.9415,56.1031],[-134.0393,56.1126],[-134.0523,56.3188],[-134.0902,56.1927],[-134.1901,56.1781],[-134.0864,56.0922],[-134.1486,56.0117],[-134.2646,56.2604],[-134.1601,56.3124],[-134.2926,56.2982],[-134.282,56.3628],[-134.1784,56.4414],[-134.1553,56.3659],[-134.0393,56.3734],[-134.0344,56.4859],[-134.0818,56.5516],[-134.1212,56.4969],[-134.3061,56.5583],[-134.0864,56.647],[-134.3576,56.6766],[-134.4057,56.8527],[-134.2809,56.7928],[-134.3061,56.8979],[-134.1075,56.8463],[-134.2646,56.9419],[-134.0127,56.8852],[-133.9049,56.7606],[-133.9938,56.6392],[-133.8708,56.7149],[-133.8624,56.8099],[-133.7172,56.7712],[-133.7803,56.6864],[-133.7095,56.5947],[-133.9226,56.6166],[-133.8475,56.5651],[-133.8847,56.4901]]],[[[-133.9127,57.0827],[-133.3351,56.9974],[-133.2633,56.9253],[-133.2987,57.0102],[-133.0524,56.9829],[-132.9357,56.8668],[-132.9911,56.8084],[-132.9339,56.6416],[-133.0108,56.6061],[-133.3464,56.8376],[-133.3051,56.7354],[-133.2218,56.7316],[-133.2423,56.6341],[-133.1071,56.621],[-133.1684,56.6061],[-133.0791,56.5303],[-133.16,56.4577],[-133.4359,56.5036],[-133.6212,56.4422],[-133.6793,56.8537],[-133.7529,56.8073],[-133.8776,56.8764],[-133.7376,56.8941],[-134.0182,57.0176],[-133.9127,57.0827]]],[[[-152.9079,57.1647],[-153.2722,56.9985],[-153.4116,57.079],[-153.2444,57.211],[-153.2124,57.1337],[-152.9079,57.1647]]],[[[-135.6016,57.1716],[-135.5463,57.1411],[-135.6282,57.0102],[-135.8411,56.9897],[-135.7108,57.1684],[-135.8554,57.2231],[-135.8437,57.3247],[-135.6152,57.2845],[-135.5538,57.2299],[-135.6282,57.2367],[-135.6016,57.1716]]],[[[-134.6215,56.7438],[-134.6264,56.2615],[-134.6675,56.1704],[-134.7655,56.2225],[-135.0528,56.5378],[-134.8474,56.6887],[-134.961,56.6265],[-134.9847,56.7145],[-135.1098,56.6018],[-134.9989,56.7617],[-135.1879,56.6767],[-135.1217,56.832],[-135.3675,56.8289],[-135.2945,56.8922],[-135.35,56.9704],[-135.1654,57.0417],[-135.375,57.0927],[-135.2664,57.161],[-135.4129,57.1579],[-135.3341,57.2504],[-135.5292,57.2367],[-135.675,57.3586],[-135.4753,57.3543],[-135.609,57.3876],[-135.3812,57.5536],[-135.2794,57.5111],[-135.3961,57.4427],[-135.1803,57.4807],[-135.2037,57.4285],[-134.9948,57.3978],[-134.9095,57.3398],[-134.9845,57.2982],[-134.839,57.2578],[-134.6215,56.7438]]],[[[-153.3017,57.8332],[-153.5419,57.9356],[-153.3267,57.9266],[-153.213,57.8303],[-153.3017,57.8332]]],[[[-152.1609,57.6271],[-152.363,57.4285],[-152.9734,57.5179],[-152.9107,57.4899],[-153.0417,57.4285],[-152.8006,57.4708],[-152.596,57.3739],[-152.6631,57.2995],[-153.1748,57.3514],[-152.9591,57.2571],[-153.3911,57.2094],[-153.4553,57.1168],[-153.5419,57.1758],[-153.4982,57.0743],[-153.7611,57.0517],[-153.5598,56.9865],[-153.9873,56.7438],[-154.1301,56.7865],[-153.7747,56.9971],[-153.9733,56.963],[-153.7399,57.1337],[-154.0996,56.9648],[-154.1105,57.0381],[-153.9597,57.1201],[-154.4949,57.1136],[-154.413,57.0502],[-154.1037,57.1138],[-154.3049,56.8558],[-154.3283,56.9297],[-154.5286,56.9916],[-154.6015,57.2589],[-154.7832,57.2729],[-154.81,57.3466],[-154.707,57.3398],[-154.7269,57.4285],[-154.6147,57.5266],[-154.2203,57.6755],[-154.0186,57.6472],[-153.9733,57.5725],[-154.1105,57.5446],[-153.9355,57.535],[-153.8907,57.408],[-153.8498,57.5588],[-153.6785,57.5446],[-153.8846,57.6483],[-153.5846,57.6171],[-153.9058,57.7112],[-153.9246,57.8105],[-153.6655,57.8947],[-153.5744,57.8395],[-153.5072,57.6271],[-153.5277,57.7233],[-153.4395,57.6994],[-153.4991,57.7609],[-153.3213,57.7309],[-153.4492,57.8469],[-153.211,57.7856],[-153.1788,57.7097],[-153.2403,57.9021],[-153.0485,57.8332],[-153.2842,58.0104],[-152.8083,57.9083],[-152.8908,57.8742],[-152.8856,57.7287],[-152.818,57.8604],[-152.4863,57.9107],[-152.3291,57.8258],[-152.5511,57.7033],[-152.1609,57.6271]]],[[[-136.3898,57.9636],[-136.4513,57.8469],[-136.4786,57.9356],[-136.5528,57.9251],[-136.5428,58.0659],[-136.4575,58.0932],[-136.3898,57.9636]]],[[[-153.4184,58.066],[-153.2778,58.1468],[-152.8908,57.9977],[-153.4184,58.066]]],[[[-151.8661,58.2578],[-151.7934,58.2447],[-151.8462,58.1752],[-151.8661,58.2578]]],[[[-135.848,57.3944],[-136.0124,57.5179],[-135.8009,57.4658],[-136.0739,57.6073],[-135.9503,57.6209],[-136.1155,57.6216],[-136.0882,57.6885],[-136.2247,57.7848],[-136.4165,57.8258],[-136.3119,57.9955],[-136.0329,57.8469],[-136.4097,58.0799],[-136.3802,58.1404],[-136.2725,58.1069],[-136.3557,58.2199],[-136.1012,58.0585],[-136.1648,58.102],[-136.1366,58.223],[-135.9653,58.164],[-135.7851,58.2761],[-135.5463,58.1963],[-135.4849,58.1621],[-135.5234,58.1024],[-135.7831,58.0421],[-135.6248,58.0132],[-135.7933,57.984],[-135.6562,57.9493],[-135.3893,58.1411],[-134.9248,58.0275],[-134.9157,57.8469],[-135.2037,57.9431],[-134.93,57.8127],[-135.0138,57.7859],[-135.8896,57.9977],[-135.3724,57.8052],[-135.3639,57.7262],[-134.9139,57.7558],[-134.8139,57.4975],[-135.0569,57.4666],[-135.8132,57.7643],[-135.704,57.6755],[-135.807,57.6414],[-135.6048,57.6071],[-135.6562,57.5521],[-135.5777,57.5555],[-135.5463,57.4661],[-135.6908,57.367],[-135.848,57.3944]]],[[[-134.5973,58.2373],[-134.6798,58.3093],[-134.5633,58.3445],[-134.2584,58.1963],[-134.5973,58.2373]]],[[[-134.354,57.0927],[-134.6146,57.0102],[-134.6333,57.2242],[-134.5255,57.2158],[-134.5832,57.2694],[-134.457,57.3118],[-134.5563,57.3978],[-134.313,57.3323],[-134.3676,57.3739],[-134.3061,57.3944],[-134.4639,57.3944],[-134.5692,57.492],[-134.354,57.5446],[-134.5669,57.5111],[-134.6536,57.5982],[-134.8065,58.0554],[-134.7313,58.1789],[-134.7837,58.1105],[-134.9076,58.2012],[-134.961,58.4049],[-134.6932,58.1684],[-134.177,58.1635],[-133.7893,57.5889],[-134.3068,58.0981],[-134.2242,57.9697],[-134.3166,57.9966],[-134.2892,57.8367],[-133.9379,57.6186],[-133.84,57.4626],[-134.0728,57.5111],[-133.865,57.3551],[-133.9581,57.3037],[-134.1759,57.3876],[-134.0848,57.2564],[-134.354,57.0927]]],[[[-151.966,58.3328],[-151.9722,58.2373],[-152.1168,58.1479],[-152.2766,58.2642],[-152.3701,58.2031],[-152.2739,58.1348],[-152.5482,58.0864],[-152.5767,58.2067],[-152.6444,58.0722],[-152.7673,58.0796],[-152.8049,57.9915],[-153.2296,58.1689],[-153.1885,58.2199],[-152.9051,58.1684],[-153.1099,58.2714],[-152.7673,58.2578],[-152.7605,58.3602],[-152.8834,58.4086],[-152.6506,58.4836],[-152.4998,58.4632],[-152.4197,58.3229],[-152.3494,58.4211],[-152.2119,58.3535],[-152.1168,58.4011],[-152.1435,58.2338],[-151.966,58.3328]]],[[[-152.6444,58.5185],[-152.349,58.6283],[-152.483,58.4805],[-152.6444,58.5185]]],[[[-160.9476,58.7376],[-160.6878,58.8187],[-160.8979,58.5703],[-161.0741,58.5469],[-161.1719,58.6908],[-161.078,58.6393],[-160.9476,58.7376]]],[[[-152.2497,58.9225],[-152.3633,58.9157],[-152.3291,58.9709],[-152.1578,58.9567],[-152.2497,58.9225]]],[[[-150.7042,59.3955],[-150.6086,59.3812],[-150.7618,59.3168],[-150.7042,59.3955]]],[[[-153.5245,59.3303],[-153.4768,59.4054],[-153.3574,59.3781],[-153.5245,59.3303]]],[[[-144.3418,59.9845],[-144.2208,59.9958],[-144.6053,59.8132],[-144.3418,59.9845]]],[[[-147.9638,60.0739],[-148.1413,60.0118],[-147.9665,60.1566],[-147.9638,60.0739]]],[[[-148.1594,60.0432],[-148.3138,60.0323],[-148.1898,60.0466],[-148.286,60.0944],[-148.05,60.1957],[-148.1594,60.0432]]],[[[-147.1072,60.2862],[-146.9223,60.3066],[-147.3282,60.0703],[-147.4923,59.8618],[-147.9154,59.7927],[-147.7031,59.9975],[-147.2012,60.2422],[-147.1896,60.3622],[-147.1072,60.2862]]],[[[-147.9774,60.3756],[-148.0422,60.2866],[-148.1351,60.2998],[-147.9774,60.3756]]],[[[-145.1744,60.3824],[-145.0951,60.4163],[-145.1233,60.3118],[-145.2843,60.3339],[-145.1744,60.3824]]],[[[-146.1886,60.4022],[-146.6002,60.2452],[-146.682,60.2862],[-146.4903,60.3613],[-146.7226,60.3862],[-146.5881,60.484],[-146.1886,60.4022]]],[[[-147.7714,60.4097],[-147.8402,60.396],[-147.8125,60.4462],[-147.7082,60.5068],[-147.6144,60.437],[-147.7372,60.396],[-147.6254,60.3896],[-147.7987,60.1701],[-147.7925,60.2383],[-147.9086,60.293],[-147.7804,60.3148],[-147.875,60.3334],[-147.7714,60.4097]]],[[[-151.8698,60.4854],[-152.0897,60.3591],[-151.9532,60.5085],[-151.8698,60.4854]]],[[[-145.7572,60.6287],[-146.0631,60.4883],[-146.3326,60.4649],[-145.7572,60.6287]]],[[[-147.9291,60.7182],[-147.8471,60.694],[-147.9359,60.6629],[-148.0122,60.725],[-147.9291,60.7182]]],[[[-148.1687,60.6629],[-148.217,60.7591],[-148.1112,60.7381],[-148.1687,60.6629]]],[[[-148.0874,60.8001],[-148.1078,60.923],[-147.9123,60.8254],[-148.0874,60.8001]]],[[[-162.3408,63.6025],[-162.3594,63.5462],[-162.7176,63.5752],[-162.3408,63.6025]]],[[[-163.1854,69.6103],[-163.1291,69.6815],[-163.1763,69.4822],[-163.1854,69.6103]]],[[[-80.3205,25.2483],[-80.598,24.9501],[-80.369,25.2861],[-80.2734,25.3526],[-80.3205,25.2483]]],[[[-82.1292,26.4611],[-82.0268,26.4475],[-82.1639,26.4543],[-82.2049,26.5505],[-82.1292,26.4611]]],[[[-97.1983,26.2761],[-97.3975,26.831],[-97.3771,27.2078],[-97.3429,26.7567],[-97.1983,26.2761]]],[[[-97.0754,27.8145],[-97.3975,27.2289],[-97.2541,27.6597],[-97.2057,27.633],[-97.0754,27.8145]]],[[[-96.8802,28.1301],[-96.8501,28.0712],[-97.0344,27.852],[-96.8802,28.1301]]],[[[-96.4277,28.3933],[-96.4169,28.3288],[-96.8358,28.0712],[-96.8078,28.1876],[-96.4277,28.3933]]],[[[-80.6775,28.5789],[-80.6122,28.5688],[-80.6498,28.2252],[-80.7374,28.4848],[-80.6775,28.5789]]],[[[-94.8143,29.3529],[-94.7244,29.3332],[-95.1165,29.089],[-94.8143,29.3529]]],[[[-91.8021,29.4901],[-92.0354,29.5962],[-91.9171,29.6481],[-91.7202,29.5817],[-91.8021,29.4901]]],[[[-85.1418,29.6409],[-85.2128,29.6887],[-85.0878,29.6868],[-85.1418,29.6409]]],[[[-84.7374,29.7365],[-84.9695,29.6118],[-85.0973,29.6273],[-84.7374,29.7365]]],[[[-88.8724,30.0587],[-88.8109,29.9152],[-88.8546,29.7692],[-88.8724,30.0587]]],[[[-89.1883,30.0797],[-89.3453,30.0661],[-89.1808,30.1685],[-89.2499,30.102],[-89.1883,30.0797]]],[[[-89.058,30.2578],[-89.0846,30.1958],[-89.1536,30.2299],[-89.058,30.2578]]],[[[-118.3588,32.8278],[-118.4992,32.8506],[-118.6072,33.0309],[-118.3588,32.8278]]],[[[-119.4886,33.2672],[-119.4343,33.224],[-119.4954,33.2173],[-119.5789,33.2761],[-119.4886,33.2672]]],[[[-118.5157,33.423],[-118.6021,33.4715],[-118.5359,33.4773],[-118.3692,33.4084],[-118.3043,33.309],[-118.4636,33.3235],[-118.5157,33.423]]],[[[-120.0441,34.0373],[-119.9688,33.9411],[-120.1099,33.8931],[-120.2485,34.0011],[-120.0441,34.0373]]],[[[-119.5294,34.0252],[-119.8172,33.9593],[-119.933,34.0602],[-119.5294,34.0252]]],[[[-75.4761,35.6954],[-75.4686,35.5651],[-75.5261,35.7757],[-75.4761,35.6954]]],[[[-74.1261,40.6335],[-74.0536,40.6027],[-74.2508,40.5014],[-74.1261,40.6335]]],[[[-71.9189,41.0649],[-72.724,40.7704],[-73.6958,40.6215],[-73.5818,40.5845],[-73.9395,40.542],[-73.7714,40.6233],[-73.9881,40.5694],[-74.04,40.6198],[-73.9086,40.7887],[-73.7575,40.7711],[-73.7202,40.8662],[-73.4798,40.8772],[-73.4857,40.9456],[-73.3583,40.9004],[-73.4019,40.9544],[-73.2353,40.9078],[-72.6283,40.9836],[-72.2755,41.1626],[-72.6246,40.9078],[-72.4808,40.8979],[-72.3215,41.0358],[-71.9189,41.0649]]],[[[-70.0541,41.3927],[-69.9671,41.2495],[-70.2781,41.3079],[-70.0897,41.29],[-70.0541,41.3927]]],[[[-70.5006,41.3936],[-70.4557,41.4296],[-70.4467,41.3674],[-70.5006,41.3936]]],[[[-70.5764,41.4278],[-70.5074,41.3626],[-70.8462,41.3467],[-70.6051,41.474],[-70.5764,41.4278]]],[[[-71.2855,41.5817],[-71.2206,41.6605],[-71.2336,41.4892],[-71.3546,41.4583],[-71.2855,41.5817]]],[[[-122.4351,47.4257],[-122.3668,47.3835],[-122.5273,47.3463],[-122.489,47.4827],[-122.4351,47.4257]]],[[[-122.4969,47.6071],[-122.5779,47.6015],[-122.5578,47.7138],[-122.4969,47.6071]]],[[[-122.3594,47.9766],[-122.3867,47.9049],[-122.5392,47.9722],[-122.6072,48.1538],[-122.7441,48.2059],[-122.6566,48.3851],[-122.5176,48.294],[-122.7237,48.2338],[-122.5806,48.1885],[-122.5355,48.0059],[-122.514,48.0908],[-122.3594,47.9766]]],[[[-122.8619,48.4893],[-122.8277,48.4174],[-122.9376,48.4583],[-122.9103,48.5471],[-122.8619,48.4893]]],[[[-123.0202,48.4993],[-122.965,48.4515],[-123.1297,48.4897],[-123.1776,48.5988],[-123.0202,48.4993]]],[[[-122.7458,48.6644],[-122.821,48.6091],[-122.8964,48.6998],[-122.8744,48.5937],[-123.0265,48.6265],[-122.9293,48.7084],[-122.7458,48.6644]]],[[[-159.3127,55.8112],[-159.3021,55.7592],[-159.3623,55.7863],[-159.3127,55.8112]]],[[[-153.8338,57.502],[-153.8436,57.4362],[-153.8878,57.509],[-153.8338,57.502]]],[[[-178.9858,51.3842],[-178.9042,51.3538],[-178.9869,51.3075],[-178.9858,51.3842]]],[[[-178.7865,51.8299],[-178.7402,51.7836],[-178.8083,51.7473],[-178.7865,51.8299]]],[[[-176.2647,51.81],[-176.3856,51.7371],[-176.423,51.851],[-176.2647,51.81]]],[[[-176.0115,51.8299],[-176.1487,51.7753],[-176.2237,51.8436],[-176.0115,51.8299]]],[[[-177.8003,51.7957],[-177.9335,51.5987],[-178.1014,51.6654],[-177.9554,51.7637],[-178.2138,51.876],[-177.9523,51.9248],[-177.8406,51.8367],[-177.6222,51.8572],[-177.8003,51.7957]]],[[[-177.1222,51.9329],[-177.0468,51.892],[-177.1567,51.7001],[-177.7047,51.7001],[-177.2925,51.7828],[-177.1222,51.9329]]],[[[-176.4372,51.7883],[-176.4708,51.72],[-176.7104,51.6859],[-176.7104,51.617],[-176.8144,51.6155],[-176.8271,51.72],[-176.9779,51.6003],[-176.8203,51.7685],[-176.9048,51.8076],[-176.7042,51.7883],[-176.7799,51.829],[-176.706,51.8597],[-176.7588,51.9534],[-176.5459,51.9801],[-176.6415,51.8572],[-176.4372,51.7883]]],[[[-176.1387,51.9944],[-176.1945,52.0511],[-176.1433,52.1071],[-175.9637,52.0353],[-176.1387,51.9944]]],[[[-173.1234,52.108],[-172.9745,52.0839],[-173.4902,52.0217],[-174.0594,52.1247],[-173.1234,52.108]]],[[[-172.4072,52.3854],[-172.3109,52.3165],[-172.633,52.2613],[-172.4072,52.3854]]],[[[-174.052,52.2408],[-174.2028,52.2128],[-174.0989,52.113],[-174.4132,52.1138],[-174.4114,52.0428],[-174.525,52.0974],[-174.4902,52.0353],[-175.3405,52.0148],[-174.3393,52.1862],[-174.2283,52.2675],[-174.4355,52.3227],[-174.1903,52.4179],[-174.011,52.3581],[-174.052,52.2408]]],[[[-171.2564,52.5294],[-171.2222,52.4631],[-171.3116,52.4643],[-171.2564,52.5294]]],[[[-170.6046,52.6871],[-170.6219,52.5939],[-170.8374,52.5493],[-170.7437,52.6787],[-170.6046,52.6871]]],[[[-170.1044,52.7827],[-170.0634,52.7343],[-170.1944,52.7274],[-170.1044,52.7827]]],[[[-169.6866,52.872],[-169.7234,52.7745],[-170.0111,52.8236],[-169.6866,52.872]]],[[[-170.0703,52.9192],[-169.9946,52.9056],[-170.0561,52.8571],[-170.0703,52.9192]]],[[[-167.8575,53.3928],[-168.2876,53.243],[-168.4661,53.0566],[-168.7661,52.9139],[-169.1113,52.8236],[-168.8711,52.954],[-168.7753,53.1708],[-168.6234,53.2742],[-168.3608,53.2713],[-168.4066,53.4095],[-168.2368,53.5301],[-167.807,53.5201],[-167.8575,53.3928]]],[[[-166.137,53.8378],[-166.2126,53.7081],[-166.2978,53.7602],[-166.137,53.8378]]],[[[-166.2943,53.728],[-166.5621,53.6181],[-166.5212,53.5846],[-166.5957,53.5362],[-166.6645,53.5982],[-166.6366,53.5328],[-166.713,53.5498],[-166.6592,53.4909],[-166.7949,53.5703],[-166.7522,53.4509],[-167.0074,53.4526],[-167.5082,53.2599],[-167.85,53.3096],[-166.96,53.5362],[-167.1444,53.5566],[-167.1338,53.6318],[-166.9935,53.6181],[-167.028,53.7048],[-166.8017,53.6318],[-166.829,53.7081],[-166.7055,53.7211],[-167.1562,53.8298],[-167.0216,53.9612],[-166.6346,54.0046],[-166.6099,53.831],[-166.3704,54.0085],[-166.2249,53.9055],[-166.5416,53.79],[-166.4932,53.7695],[-166.5751,53.7143],[-166.3765,53.7211],[-166.3462,53.7827],[-166.2943,53.728]]],[[[-165.7391,54.1252],[-165.6795,54.0991],[-165.9007,54.0334],[-166.1227,54.1184],[-165.9455,54.2221],[-165.7391,54.1252]]],[[[-165.4858,54.1737],[-165.61,54.1184],[-165.5746,54.2351],[-165.6798,54.2489],[-165.4943,54.2964],[-165.5473,54.2221],[-165.4045,54.1918],[-165.4858,54.1737]]],[[[-159.2845,54.9408],[-159.2088,54.9185],[-159.3178,54.8847],[-159.2845,54.9408]]],[[[-159.3901,55.0234],[-159.3392,54.9755],[-159.4627,54.9482],[-159.4081,54.9818],[-159.4627,55.0643],[-159.3901,55.0234]]],[[[-159.5242,55.0711],[-159.6592,55.0651],[-159.5336,55.251],[-159.5242,55.0711]]],[[[-159.9015,55.1401],[-160.2371,54.8886],[-160.0927,55.0507],[-160.1948,55.1215],[-160.0176,55.1053],[-160.0654,55.2015],[-159.9536,55.1758],[-159.8873,55.2971],[-159.9015,55.1401]]],[[[-154.8996,19.567],[-154.8141,19.5066],[-154.8747,19.4129],[-155.5028,19.1377],[-155.6748,18.9061],[-155.8781,19.0291],[-155.8874,19.3596],[-156.0602,19.7312],[-155.8355,19.9757],[-155.8805,20.252],[-155.168,19.9468],[-155.0854,19.7274],[-154.9899,19.7267],[-154.8996,19.567]]],[[[-156.5618,20.598],[-156.5446,20.5132],[-156.7006,20.5254],[-156.5618,20.598]]],[[[-156.8484,20.8768],[-156.8313,20.7638],[-156.9623,20.7324],[-157.0631,20.8904],[-156.8484,20.8768]]],[[[-156.0017,20.8004],[-156.0484,20.6509],[-156.4077,20.5872],[-156.4643,20.7814],[-156.6202,20.8071],[-156.696,20.9158],[-156.5979,21.0327],[-156.4817,20.9044],[-156.2819,20.9503],[-156.0017,20.8004]]],[[[-156.749,21.171],[-156.7248,21.1237],[-156.8696,21.0534],[-157.3039,21.1096],[-157.2598,21.2219],[-156.749,21.171]]],[[[-157.7068,21.352],[-157.6472,21.3064],[-157.7041,21.2595],[-157.947,21.3027],[-157.9609,21.3888],[-158.0943,21.2936],[-158.2789,21.5753],[-158.1211,21.5859],[-157.9697,21.7091],[-157.7068,21.352]]],[[[-160.1138,22.0003],[-160.0722,21.9108],[-160.2113,21.7802],[-160.2344,21.8745],[-160.1138,22.0003]]],[[[-159.3013,22.151],[-159.3341,21.9581],[-159.4373,21.8688],[-159.7872,22.0193],[-159.7165,22.1575],[-159.5585,22.233],[-159.3579,22.2227],[-159.3013,22.151]]],[[[179.4001,51.4084],[179.4723,51.3706],[179.243,51.3538],[178.9601,51.5421],[178.6364,51.6374],[178.9202,51.6118],[179.4001,51.4084]]],[[[178.5339,51.9875],[178.6043,51.9377],[178.5168,51.8962],[178.46,51.9444],[178.5339,51.9875]]],[[[179.7809,51.967],[179.6421,51.8742],[179.4861,51.9739],[179.637,52.0353],[179.7809,51.967]]],[[[177.6426,52.1247],[177.6904,52.0899],[177.5545,51.9685],[177.6121,51.9279],[177.4136,51.9306],[177.3236,51.8268],[177.2243,51.892],[177.5085,51.9946],[177.6426,52.1247]]],[[[173.7913,52.5015],[173.7131,52.4506],[173.7434,52.3612],[173.3889,52.4038],[173.7913,52.5015]]],[[[173.3766,52.8305],[173.0775,52.8283],[172.9443,52.7498],[172.7634,52.7957],[172.811,52.8879],[172.4761,52.9267],[172.6604,53.0086],[173.1272,52.9949],[173.186,52.9618],[173.1401,52.9267],[173.2498,52.9444],[173.3225,52.916],[173.263,52.872],[173.3766,52.8305]]],[[[-162.5872,54.4411],[-162.55,54.3859],[-162.6327,54.3719],[-162.8411,54.461],[-162.5872,54.4411]]],[[[-162.3749,54.9544],[-162.2627,54.9892],[-162.2309,54.9073],[-162.3422,54.8395],[-162.3749,54.9544]]],[[[-163.0738,54.6876],[-163.3695,54.7646],[-163.6225,54.6118],[-164.1327,54.6232],[-164.4056,54.436],[-164.6526,54.392],[-164.8453,54.4235],[-164.9582,54.5851],[-164.7007,54.6783],[-164.4775,54.9189],[-164.2251,54.8947],[-163.7565,55.0604],[-163.5257,55.0438],[-163.3544,54.7769],[-163.1442,54.7703],[-163.0738,54.6876]]],[[[-161.7307,55.1605],[-161.6413,55.1195],[-161.7512,55.0581],[-161.7832,55.1449],[-161.9082,55.1435],[-161.7307,55.1605]]],[[[-160.3254,55.3585],[-160.3363,55.2487],[-160.5315,55.325],[-160.3254,55.3585]]],[[[-160.4974,55.1946],[-160.5383,55.1332],[-160.6833,55.2114],[-160.8189,55.1195],[-160.8536,55.3319],[-160.696,55.4069],[-160.6794,55.3067],[-160.5593,55.3931],[-160.5799,55.2356],[-160.4974,55.1946]]],[[[-160.1479,55.3864],[-160.3465,55.4175],[-160.2435,55.4621],[-160.1479,55.3864]]],[[[-158.7086,55.8315],[-158.9087,55.8413],[-158.8281,55.8967],[-158.7086,55.8315]]],[[[-169.5809,56.6095],[-169.4744,56.593],[-169.5869,56.5414],[-169.7891,56.6203],[-169.5809,56.6095]]],[[[-170.2416,57.2163],[-170.1044,57.2504],[-170.29,57.1064],[-170.4121,57.1848],[-170.2416,57.2163]]],[[[-165.5821,59.951],[-166.2467,59.8539],[-166.0817,59.779],[-166.1821,59.7563],[-167.1219,60.0007],[-167.4528,60.2172],[-166.8204,60.2176],[-166.7609,60.3044],[-166.1516,60.3812],[-166.1574,60.437],[-166.0755,60.3339],[-165.6844,60.2998],[-165.7261,60.0665],[-165.5821,59.951]]],[[[-172.2973,60.3513],[-172.6,60.3298],[-173.0576,60.4984],[-172.925,60.6067],[-172.8118,60.478],[-172.2973,60.3513]]],[[[-171.09,63.6039],[-171.0708,63.6025],[-171.0749,63.6022],[-171.09,63.6039]]],[[[-171.09,63.6039],[-171.1577,63.6097],[-171.144,63.6118],[-171.09,63.6039]]],[[[-168.7407,63.281],[-168.8508,63.1628],[-169.3511,63.1762],[-169.6662,62.9452],[-169.7556,62.9656],[-169.7053,63.0402],[-169.8175,63.1268],[-170.262,63.1984],[-170.235,63.2835],[-170.4443,63.3592],[-170.8562,63.4604],[-171.4393,63.3198],[-171.7356,63.3759],[-171.8529,63.5212],[-171.728,63.7961],[-171.4072,63.6441],[-171.4872,63.609],[-170.937,63.5717],[-170.6462,63.685],[-170.31,63.6987],[-170.0825,63.6152],[-170.0845,63.4858],[-169.1867,63.3015],[-169.0703,63.3214],[-169.2211,63.3493],[-169.0076,63.3493],[-168.7407,63.281]]],[[[-68.8481,44.0955],[-68.7746,44.0619],[-68.8693,44.0484],[-68.8481,44.0955]]],[[[-68.6421,44.26],[-68.6228,44.1713],[-68.7163,44.1673],[-68.6421,44.26]]],[[[-68.2448,44.4245],[-68.1765,44.3283],[-68.3137,44.3084],[-68.326,44.2259],[-68.4141,44.2586],[-68.4014,44.3718],[-68.2448,44.4245]]],[[[-164.7043,23.5793],[-164.6991,23.5705],[-164.7073,23.5726],[-164.7085,23.5745],[-164.7064,23.5766],[-164.7043,23.5793]]],[[[-122.8682,47.2683],[-122.8739,47.1679],[-122.9219,47.2372],[-122.8682,47.2683]]],[[[-81.2513,31.5046],[-81.1746,31.5214],[-81.2796,31.3855],[-81.2513,31.5046]]],[[[-75.9038,37.1292],[-75.874,37.2904],[-75.8771,37.2056],[-75.8108,37.2002],[-75.9038,37.1292]]]]},"properties":{"registry":"LLPR","label":"Limb Loss and Preservation Registry","country":"United States","status":"covered","area":"United States, all 50 states","website":"https://www.llpr.org/","source":"Kaufman KR, Bernhardt K, Murphy S, et al. Arch Rehabil Res Clin Transl 2024;6(4):100356, doi:10.1016/j.arrct.2024.100356"}},{"type":"Feature","geometry":{"type":"MultiPolygon","coordinates":[[[[77.8003,35.4954],[77.8831,35.4311],[78.0443,35.4916],[78.0012,35.2689],[78.296,34.6247],[78.6646,34.5264],[78.9512,34.3492],[78.9762,34.2172],[78.7301,34.0793],[78.8009,33.4942],[79.075,33.2957],[79.4561,33.2504],[79.3336,32.9943],[79.6139,32.765],[79.4435,32.5348],[79.3205,32.5923],[79.1129,32.4724],[79.0753,32.3708],[78.9434,32.3464],[78.7715,32.4617],[78.7368,32.6298],[78.3848,32.5475],[78.458,32.2297],[78.7446,31.9642],[78.6709,31.7705],[78.8189,31.6074],[78.6995,31.51],[78.7451,31.3081],[78.921,31.2697],[79.0702,31.4614],[79.1314,31.4384],[79.4016,31.0236],[79.5778,30.9384],[79.8504,30.9545],[80.2246,30.7341],[80.1798,30.5595],[80.5964,30.4598],[81.0033,30.2127],[80.8679,30.2002],[80.369,29.7579],[80.3852,29.6048],[80.2137,29.4169],[80.2582,29.2025],[80.1326,29.1102],[80.0364,28.837],[80.3297,28.6275],[80.4885,28.5624],[80.5558,28.6789],[80.9053,28.4408],[81.1697,28.3613],[81.2962,28.1283],[81.396,28.1606],[81.8557,27.8509],[82.0272,27.9124],[82.4019,27.6772],[82.6797,27.6944],[82.7521,27.495],[83.1328,27.4442],[83.2824,27.3309],[83.387,27.4705],[83.8546,27.3451],[83.8341,27.434],[84.1172,27.5133],[84.2894,27.3761],[84.6065,27.3105],[84.6402,27.0284],[84.8175,27.0106],[85.2873,26.737],[85.6094,26.851],[85.8285,26.5661],[86.0114,26.6544],[86.2844,26.612],[86.7136,26.4146],[87.0413,26.5802],[87.1063,26.4047],[87.3005,26.346],[87.4165,26.427],[87.587,26.378],[87.8698,26.4646],[87.9755,26.3666],[88.1691,26.744],[87.9692,27.1108],[88.0233,27.4949],[88.1597,27.7741],[88.0999,27.9283],[88.6105,28.1058],[88.8029,28.011],[88.8551,27.8592],[88.7416,27.5317],[88.8923,27.3155],[88.7301,27.151],[88.8276,27.0979],[88.8517,26.9454],[88.9066,26.9811],[89.0965,26.8214],[89.3417,26.8543],[89.8137,26.6961],[90.1272,26.7514],[90.3488,26.8967],[90.7171,26.767],[91.2966,26.7746],[91.4202,26.8715],[91.5206,26.7976],[91.8251,26.8585],[91.8787,26.803],[91.8931,26.8814],[92.0728,26.8878],[91.9879,27.1223],[92.0888,27.2923],[91.9751,27.4724],[91.7271,27.4599],[91.6045,27.5321],[91.6358,27.7825],[91.5644,27.8514],[91.9522,27.7248],[92.2396,27.8653],[92.3039,27.7862],[92.575,27.8478],[92.7364,27.9859],[92.6389,28.0575],[92.6786,28.1331],[93.2078,28.3405],[93.1863,28.432],[93.3172,28.6035],[93.4462,28.6719],[93.9278,28.6828],[93.992,28.8446],[94.3473,29.0243],[94.2875,29.1479],[94.5999,29.3166],[94.7766,29.1667],[95.3674,29.0365],[95.4876,29.069],[95.5644,29.2456],[95.7172,29.2183],[95.7448,29.3404],[96.0745,29.3693],[96.2353,29.2412],[96.3662,29.2572],[96.1746,29.1088],[96.1953,28.9411],[96.3666,29.0365],[96.4576,28.9946],[96.5926,28.7579],[96.3019,28.4207],[97.1155,28.3666],[97.3235,28.2175],[97.2929,28.0951],[97.3623,27.9949],[97.3335,27.8942],[97.2229,27.8997],[96.8621,27.5993],[96.8814,27.4441],[97.1192,27.0873],[96.8653,27.1716],[96.7052,27.3608],[96.1426,27.2575],[95.4106,26.7016],[95.1228,26.6116],[95.0418,26.2876],[95.1512,26.0499],[95.0006,25.922],[95.0088,25.7371],[94.608,25.3946],[94.5533,25.2041],[94.6891,25.1385],[94.7086,25.0259],[94.2954,24.3326],[94.1319,23.857],[93.7111,24.0055],[93.4567,23.96],[93.3097,24.064],[93.4303,23.6803],[93.3749,23.1297],[93.2728,23.0059],[93.1401,23.0319],[93.1755,22.8817],[93.0708,22.6929],[93.1737,22.2594],[93.1417,22.1873],[93.0245,22.2019],[92.979,21.9954],[92.8775,21.957],[92.6838,22.1543],[92.5759,21.9776],[92.4959,22.6956],[92.3599,22.9266],[92.2593,23.7065],[92.1943,23.6481],[92.1508,23.7317],[92.019,23.6401],[91.9227,23.723],[91.9408,23.4952],[91.7437,23.2723],[91.7956,23.0895],[91.5861,22.9445],[91.3943,23.2627],[91.3709,23.0628],[91.3135,23.101],[91.2873,23.3556],[91.1363,23.6295],[91.363,24.0998],[91.5818,24.0961],[91.6291,24.2153],[91.7037,24.1429],[91.7329,24.2343],[91.8771,24.158],[91.8998,24.338],[92.1076,24.406],[92.223,24.8914],[92.3807,24.8367],[92.4838,24.9282],[92.034,25.1817],[91.6387,25.124],[91.2357,25.2019],[90.3646,25.15],[89.819,25.285],[89.8287,25.9794],[89.653,26.2227],[89.5628,26.1426],[89.6114,26.0722],[89.5417,25.9597],[89.3353,25.9986],[89.1192,26.1466],[89.0437,26.3811],[88.941,26.4394],[88.8912,26.3858],[89.0195,26.2345],[88.6634,26.2644],[88.7122,26.3283],[88.6563,26.4151],[88.3725,26.6116],[88.3151,26.4651],[88.4611,26.4539],[88.4976,26.3527],[88.1638,26.1405],[88.0876,25.831],[88.2599,25.789],[88.5303,25.5002],[88.7723,25.502],[88.842,25.3328],[88.9849,25.285],[88.9242,25.1679],[88.4413,25.1897],[88.3228,24.8747],[88.1149,24.9164],[88.0218,24.6456],[88.1099,24.501],[88.4754,24.3155],[88.7375,24.2871],[88.6781,24.1543],[88.7142,23.9252],[88.5776,23.8552],[88.5401,23.65],[88.7702,23.4888],[88.6966,23.2524],[88.96,23.2027],[88.8388,22.9758],[88.9445,22.848],[88.928,22.5481],[89.0782,22.1508],[89.0609,21.9385],[88.905,21.9694],[89.0827,21.6173],[88.8916,21.6535],[88.8587,21.7668],[88.8587,21.6365],[88.8109,21.6917],[88.7905,21.5683],[88.7075,21.5783],[88.763,22.1306],[88.6309,21.9455],[88.6602,22.205],[88.5723,21.5579],[88.488,21.5565],[88.4956,21.9518],[88.4563,21.624],[88.3931,21.6002],[88.3312,21.7191],[88.3097,21.6102],[88.2616,21.7987],[88.3058,21.5717],[88.2544,21.5547],[88.1467,21.9592],[88.198,22.1678],[88.009,22.2404],[87.9066,22.4247],[87.9653,22.2448],[88.1326,22.1791],[88.1643,22.0898],[87.834,21.7293],[87.2009,21.552],[86.9177,21.3274],[86.844,21.0822],[86.9657,20.806],[86.8788,20.7806],[87.0432,20.698],[86.7515,20.4892],[86.7205,20.3685],[86.8098,20.4151],[86.6937,20.2939],[86.7546,20.3144],[86.4951,20.1841],[86.4263,19.9992],[86.1525,20.1431],[86.3724,19.965],[86.2686,19.9103],[85.4805,19.6663],[85.427,19.7041],[85.5765,19.7458],[85.5703,19.8756],[85.4401,19.8962],[85.2681,19.78],[85.124,19.4783],[85.2476,19.6565],[85.3914,19.6906],[85.3306,19.5764],[85.5765,19.6906],[85.1804,19.475],[84.791,19.1206],[84.7388,19.1476],[84.7411,19.0281],[84.1131,18.2983],[83.4519,17.9229],[83.3413,17.7174],[83.2469,17.7163],[83.2991,17.6643],[83.2389,17.593],[82.3704,17.1101],[82.2527,16.9292],[82.3142,16.8466],[82.3665,16.9086],[82.3074,16.5798],[81.763,16.3226],[81.4114,16.3825],[81.2596,16.3327],[81.0125,15.7778],[80.91,15.8527],[80.8965,16.0311],[80.8071,15.7164],[80.7761,15.8843],[80.6702,15.9077],[80.2796,15.7007],[80.053,15.0926],[80.1419,14.5712],[80.197,14.565],[80.175,14.3445],[80.0466,14.2066],[80.1356,14.2292],[80.3137,13.4409],[80.1419,13.7289],[80.1356,13.6191],[80.094,13.6948],[80.053,13.6191],[80.1194,13.5007],[80.327,13.4304],[80.3328,13.1981],[80.1797,12.5326],[79.9439,12.2178],[79.7859,11.7692],[79.752,11.577],[79.8193,11.3815],[79.6763,11.2965],[79.833,11.342],[79.8567,10.2933],[79.6331,10.3286],[79.7598,10.2582],[79.5567,10.2987],[79.5869,10.3437],[79.2861,10.2528],[79.2791,10.0358],[78.9133,9.4743],[79.0747,9.2999],[79.3411,9.3159],[79.4536,9.159],[78.9889,9.2783],[78.4121,9.0998],[78.1828,8.8771],[78.1624,8.7535],[78.2152,8.7654],[78.1146,8.6579],[78.0559,8.3637],[77.5109,8.076],[77.3086,8.1309],[76.9959,8.3681],[76.544,8.9125],[76.6685,9.0074],[76.5281,8.947],[76.363,9.3252],[76.2363,9.9527],[76.3389,9.6994],[76.3592,9.8161],[76.3574,9.5207],[76.5033,9.535],[76.407,9.5691],[76.3941,9.8428],[76.1824,10.1057],[76.2402,10.239],[76.1532,10.2202],[75.7355,11.3715],[75.3246,11.8991],[75.3934,11.9748],[75.1937,12.0223],[74.8276,12.8247],[74.9409,12.8786],[74.8176,12.8618],[74.6895,13.3816],[74.6667,13.6328],[74.7356,13.6538],[74.6878,13.7118],[74.6605,13.6601],[74.4954,14.0306],[74.429,14.2404],[74.509,14.2503],[74.4154,14.3011],[74.3539,14.5051],[74.4277,14.4763],[74.3587,14.5712],[74.3005,14.5274],[74.339,14.6128],[74.2759,14.6102],[74.2529,14.7189],[74.0964,14.7934],[74.2352,14.8765],[74.1118,14.8462],[73.9131,15.0789],[73.9622,15.152],[73.8913,15.3432],[73.7829,15.4079],[73.9678,15.3738],[73.7964,15.4489],[73.866,15.5376],[73.7663,15.4973],[73.7368,15.5717],[73.8381,15.6611],[73.7183,15.6271],[73.447,16.0689],[73.488,16.1894],[73.447,16.1136],[73.303,16.533],[73.3787,16.5183],[73.3146,16.5994],[73.3713,16.6102],[73.187,17.306],[73.249,17.2849],[73.126,17.5565],[73.2007,17.5865],[73.1213,17.6264],[73.0435,18.067],[72.9269,18.2239],[72.94,18.286],[73.0575,18.1856],[73.0715,18.273],[72.9126,18.3612],[72.9072,18.5236],[73.015,18.47],[72.8553,18.6811],[72.9269,18.8266],[72.9951,18.731],[72.9817,18.8715],[72.8968,18.8945],[73.0568,19.0153],[72.9883,18.9986],[72.9673,19.1631],[72.8213,18.9033],[72.7704,18.9482],[72.7854,19.3139],[73.0497,19.2177],[72.7634,19.3802],[72.7544,19.4818],[72.8792,19.5324],[72.7225,19.5363],[72.7328,19.7797],[72.6779,19.7466],[72.6492,19.852],[72.9468,20.7595],[72.9004,20.8681],[72.8369,20.8358],[72.8884,20.9826],[72.772,21.0239],[72.8499,21.048],[72.8096,21.13],[72.615,21.1059],[72.7345,21.1989],[72.5646,21.3858],[72.7471,21.4529],[72.5837,21.4174],[72.8231,21.6439],[73.132,21.7578],[72.5503,21.6667],[72.5669,21.8494],[72.7345,21.994],[72.5427,21.9108],[72.5017,21.976],[72.5755,22.1945],[72.7482,22.164],[72.9175,22.2714],[72.4662,22.2326],[72.3919,22.2535],[72.3972,22.3668],[72.3283,22.2607],[72.1488,22.2779],[72.3065,22.2296],[72.3076,22.079],[72.1731,21.9757],[72.097,22.007],[72.0287,21.9388],[72.1565,21.9258],[72.1694,21.8414],[72.058,21.8987],[72.1045,21.8358],[72.0042,21.8577],[71.9961,21.7995],[72.166,21.7939],[72.2988,21.6263],[72.1047,21.2051],[71.1406,20.7657],[70.7402,20.7185],[70.0544,21.1532],[68.9446,22.2951],[69.0736,22.4819],[69.0718,22.3995],[69.2022,22.4149],[69.2121,22.2739],[69.4797,22.3422],[69.516,22.4481],[69.6161,22.3559],[69.7334,22.48],[69.7949,22.4186],[69.973,22.5414],[70.1785,22.562],[70.3753,22.9027],[70.5047,22.9796],[70.5029,23.1044],[70.3988,23.069],[70.3924,22.9409],[70.1306,22.994],[70.1354,22.93],[69.8332,22.8585],[69.7158,22.7469],[69.5857,22.7612],[68.8662,23.02],[68.5523,23.2597],[68.6069,23.3256],[68.5364,23.4213],[68.4237,23.4458],[68.4858,23.5141],[68.4116,23.4947],[68.4089,23.6213],[68.8216,23.8784],[68.4277,23.7143],[68.3273,23.5869],[68.1434,23.6127],[68.2759,23.6658],[68.1637,23.7577],[68.2639,23.9359],[68.7245,23.9652],[68.7473,24.3312],[68.8388,24.2365],[68.9042,24.3206],[68.9626,24.2572],[69.5631,24.2768],[69.7146,24.1686],[69.972,24.1652],[70.0979,24.2988],[70.4164,24.4019],[70.5629,24.4241],[70.5677,24.2728],[70.7555,24.2314],[71.0828,24.4115],[70.9771,24.4649],[70.9548,24.5845],[71.0639,24.6826],[70.8486,25.1633],[70.6545,25.3966],[70.6539,25.6745],[70.2492,25.7077],[70.0646,25.9803],[70.1581,26.5301],[69.8156,26.5803],[69.5042,26.7352],[69.5344,27.1256],[70.3419,28.0115],[70.5349,28.016],[70.7104,27.7412],[70.8316,27.7015],[71.8744,27.9597],[71.9083,28.1356],[72.1499,28.3538],[72.3546,28.7672],[72.9304,29.0477],[73.2329,29.5366],[73.3703,29.9273],[73.9444,30.1883],[73.8517,30.3727],[74.3192,30.8934],[74.6588,31.0838],[74.5064,31.1754],[74.6172,31.4589],[74.4894,31.7112],[74.5504,31.827],[74.8286,32.0254],[75.2947,32.1489],[75.359,32.2617],[75.0237,32.4663],[74.6893,32.4714],[74.6296,32.5881],[74.6853,32.8312],[74.5738,32.7525],[74.3462,32.7669],[74.3113,32.9943],[74.0023,33.1777],[74.1578,33.4942],[73.9662,33.7345],[74.2723,33.9621],[73.8937,34.0543],[73.9906,34.2185],[73.7749,34.371],[73.9193,34.6425],[74.3489,34.7734],[75.7771,34.5038],[76.0234,34.6772],[76.6526,34.747],[76.7576,34.9151],[76.9211,34.9207],[77.0424,35.107],[77.8003,35.4954]]],[[[80.9683,15.7952],[80.9426,15.741],[80.8685,15.812],[80.9683,15.7952]]],[[[93.9203,7.0243],[93.8342,6.7456],[93.6497,7.1196],[93.814,7.2418],[93.9203,7.0243]]],[[[93.7312,7.3694],[93.6179,7.26],[93.6167,7.3673],[93.697,7.4451],[93.7312,7.3694]]],[[[93.4295,7.9553],[93.4544,7.8693],[93.305,7.9499],[93.3703,8.0173],[93.4295,7.9553]]],[[[93.5659,7.9993],[93.574,7.9249],[93.5108,7.9802],[93.5659,7.9993]]],[[[93.5319,8.0347],[93.4844,7.9919],[93.4466,8.1544],[93.5046,8.227],[93.5319,8.0347]]],[[[93.1345,8.2402],[93.0658,8.2681],[93.0838,8.3559],[93.1345,8.2402]]],[[[92.8114,9.2312],[92.832,9.145],[92.7312,9.1308],[92.7139,9.2134],[92.8114,9.2312]]],[[[92.5851,10.7713],[92.5354,10.5249],[92.3841,10.5293],[92.3767,10.784],[92.5276,10.8955],[92.5851,10.7713]]],[[[92.6765,11.4125],[92.5935,11.3784],[92.6356,11.508],[92.6765,11.4125]]],[[[93.0425,11.9612],[93.0493,11.8961],[92.947,11.9897],[93.0147,12.0372],[93.0425,11.9612]]],[[[93.0527,13.2839],[93.0368,13.0622],[92.937,13.0671],[92.9526,12.9708],[92.8763,12.9167],[92.964,12.8649],[92.9906,12.5192],[92.936,12.4199],[92.8467,12.4335],[92.915,12.3384],[92.8942,12.205],[92.7575,12.0775],[92.7375,11.8786],[92.762,11.9401],[92.7995,11.8991],[92.6839,11.6499],[92.7615,11.6636],[92.717,11.4945],[92.5249,11.8575],[92.5706,11.9326],[92.6177,11.8664],[92.6818,12.2196],[92.7927,12.2077],[92.7217,12.5994],[92.8474,13.3449],[93.0117,13.5781],[93.0784,13.3971],[92.9771,13.3454],[93.0527,13.2839]]],[[[88.8729,21.5955],[88.908,21.5307],[88.8387,21.5319],[88.8729,21.5955]]],[[[88.0505,21.7054],[88.1467,21.8699],[88.1394,21.6303],[88.0505,21.7054]]]]},"properties":{"registry":"BDRI / BIND","label":"India: hospital-based birth-defects reporting, and a national registry proposed","country":"India","status":"in_progress","area":"India, national","website":"https://fcrf.org.in/bdri_acvs.asp","source":"Kar A. Birth defects reporting and surveillance in India: a narrative review. J Community Genet 2025;16(1):5-14, doi:10.1007/s12687-024-00760-5; Birth Anomalies Network of India, launched 2 March 2026"}},{"type":"Feature","geometry":{"type":"MultiPolygon","coordinates":[[[[-122.753,48.9925],[-95.1771,48.9927],[-95.1606,49.3695],[-94.8391,49.3089],[-94.7112,48.9146],[-94.7109,48.8075],[-94.5929,48.7264],[-94.2926,48.7119],[-94.2322,48.652],[-93.8749,48.6362],[-93.7568,48.5165],[-93.4918,48.5423],[-93.3857,48.6149],[-92.9797,48.6177],[-92.6486,48.5363],[-92.6275,48.5028],[-92.7189,48.4598],[-92.4906,48.4331],[-92.4625,48.3293],[-92.3719,48.2226],[-92.291,48.2496],[-92.2816,48.3318],[-92.0705,48.3467],[-91.9755,48.2366],[-91.7441,48.1796],[-91.6955,48.1376],[-91.7164,48.1121],[-91.5897,48.0883],[-91.5748,48.0482],[-91.2764,48.0648],[-90.8738,48.2343],[-90.7503,48.084],[-90.1204,48.1154],[-89.9205,47.9875],[-89.7633,48.0173],[-89.3636,47.9796],[-88.6427,48.2566],[-88.3765,48.3051],[-84.8787,46.8979],[-84.7733,46.6334],[-84.5666,46.4612],[-84.4922,46.4569],[-84.3897,46.5203],[-84.1104,46.5265],[-84.1588,46.4333],[-84.1054,46.3477],[-84.0968,46.2248],[-83.9646,46.0632],[-83.8393,46.1192],[-83.6139,46.1156],[-83.4628,46.0078],[-83.6369,45.7739],[-83.484,45.7719],[-82.5483,45.3346],[-82.1457,43.5764],[-82.4111,43.0513],[-82.5262,42.6199],[-82.8328,42.398],[-83.08,42.3051],[-83.1285,42.24],[-83.1595,42.0463],[-83.0684,41.8477],[-82.6669,41.6691],[-82.4249,41.6768],[-81.2767,42.2087],[-80.2466,42.3655],[-79.0194,42.8027],[-78.9091,42.9302],[-79.032,43.0134],[-79.0584,43.2778],[-79.1743,43.4645],[-78.7508,43.6171],[-76.8415,43.6255],[-76.4546,44.0842],[-76.3278,44.1815],[-76.1858,44.2257],[-76.1787,44.2786],[-76.0673,44.348],[-75.8703,44.4086],[-75.6997,44.5817],[-75.2702,44.8638],[-74.9037,45.0052],[-71.5041,45.0137],[-71.4066,45.2049],[-71.449,45.2269],[-71.3343,45.2887],[-71.1603,45.2458],[-70.9932,45.3478],[-70.8924,45.2346],[-70.813,45.4234],[-70.6413,45.4085],[-70.732,45.4916],[-70.6868,45.5727],[-70.4193,45.7169],[-70.4152,45.8044],[-70.2625,45.923],[-70.3163,45.983],[-70.3126,46.0796],[-70.244,46.141],[-70.2809,46.2119],[-70.1884,46.3584],[-70.0743,46.4195],[-70.0078,46.7041],[-69.2373,47.4588],[-69.0697,47.4319],[-69.0575,47.2695],[-68.9062,47.1902],[-68.518,47.3048],[-68.3856,47.3017],[-68.2997,47.3678],[-67.9932,47.2232],[-67.8136,47.0819],[-67.7578,45.9195],[-67.7992,45.8757],[-67.7728,45.8281],[-67.807,45.7129],[-67.6075,45.6201],[-67.4313,45.5979],[-67.4262,45.5334],[-67.4932,45.4931],[-67.4288,45.3871],[-67.4713,45.2663],[-67.3192,45.1539],[-67.255,45.205],[-67.176,45.1787],[-67.2039,45.1575],[-67.0401,44.9732],[-67.0627,44.9314],[-67.1173,44.9483],[-67.1217,44.8946],[-67.2034,44.9049],[-67.1487,44.8155],[-67.1418,44.8633],[-67.1003,44.8496],[-67.0885,44.8881],[-67.0436,44.834],[-67.0593,44.8974],[-66.9773,44.8155],[-67.1965,44.6442],[-67.2805,44.6314],[-67.332,44.7095],[-67.3957,44.6988],[-67.3672,44.6275],[-67.4094,44.5958],[-67.4347,44.6592],[-67.4543,44.6046],[-67.5544,44.6441],[-67.5937,44.6163],[-67.569,44.5387],[-67.6035,44.5281],[-67.6592,44.5667],[-67.728,44.5032],[-67.7446,44.5958],[-67.7861,44.5275],[-67.7827,44.6015],[-67.8284,44.5843],[-67.8749,44.5418],[-67.8476,44.4971],[-67.8892,44.4866],[-67.9022,44.3972],[-67.9022,44.4866],[-67.937,44.4086],[-67.9779,44.4991],[-68.0288,44.4685],[-67.9747,44.3953],[-68.0605,44.3283],[-68.1115,44.4801],[-68.1492,44.5008],[-68.1816,44.4591],[-68.202,44.5251],[-68.2221,44.4663],[-68.3081,44.529],[-68.2727,44.4519],[-68.3547,44.4661],[-68.4093,44.4046],[-68.4319,44.4866],[-68.4782,44.4934],[-68.4648,44.3898],[-68.4851,44.4319],[-68.5744,44.4108],[-68.5129,44.2464],[-68.5414,44.2373],[-68.732,44.3283],[-68.8208,44.3146],[-68.8039,44.3692],[-68.6993,44.4097],[-68.7184,44.4456],[-68.8162,44.4021],[-68.7426,44.5373],[-68.8016,44.5603],[-68.8071,44.4729],[-68.9866,44.4212],[-68.9375,44.332],[-68.999,44.2948],[-69.0883,44.1365],[-69.0652,44.0676],[-69.1914,43.9931],[-69.1914,43.9522],[-69.2634,43.9299],[-69.2195,44.0085],[-69.3105,43.9416],[-69.3032,43.9812],[-69.3695,43.9726],[-69.3643,44.0605],[-69.4941,43.8511],[-69.5402,43.8976],[-69.5476,43.8349],[-69.5675,43.9416],[-69.534,44.021],[-69.5858,43.9485],[-69.5924,43.8077],[-69.5948,43.8491],[-69.6701,43.8736],[-69.6228,43.9174],[-69.6569,43.9553],[-69.6296,44.0273],[-69.7592,43.8864],[-69.7463,43.8144],[-69.7047,43.842],[-69.758,43.7595],[-69.8073,43.9831],[-69.7747,44.06],[-69.8828,43.9766],[-69.8255,43.9701],[-69.7804,43.7635],[-69.8282,43.6983],[-69.8691,43.8696],[-69.9039,43.8566],[-69.8754,43.8323],[-69.8948,43.7893],[-69.9927,43.7256],[-69.9307,43.8491],[-70.0275,43.7399],[-69.9511,43.8491],[-70.02,43.8286],[-69.9994,43.8615],[-70.2869,43.6505],[-70.2109,43.635],[-70.2049,43.5611],[-70.3437,43.5395],[-70.3684,43.4672],[-70.3216,43.4525],[-70.5705,43.2985],[-70.5826,43.1886],[-70.6601,43.0941],[-70.7334,43.1204],[-70.7545,43.059],[-70.7085,43.0452],[-70.8033,42.9139],[-70.8092,42.8262],[-70.8638,42.8262],[-70.8058,42.8013],[-70.7751,42.7163],[-70.8236,42.7499],[-70.8196,42.7187],[-70.7416,42.6816],[-70.7571,42.6572],[-70.6823,42.6322],[-70.6317,42.6946],[-70.597,42.6345],[-70.878,42.5375],[-70.8917,42.5028],[-70.8382,42.4992],[-70.9221,42.4656],[-70.8917,42.4283],[-70.963,42.4383],[-70.9525,42.3594],[-71.0369,42.3725],[-71.0146,42.3389],[-71.0468,42.3215],[-70.9935,42.311],[-70.9553,42.2433],[-70.8673,42.2648],[-70.8985,42.3184],[-70.7418,42.2357],[-70.5908,42.0173],[-70.6378,42.0106],[-70.6483,42.0653],[-70.6651,42.0106],[-70.7148,42.0027],[-70.545,41.9406],[-70.5331,41.8162],[-70.4392,41.7561],[-70.0001,41.8163],[-70.0215,41.9069],[-69.9867,41.9212],[-70.0379,41.9416],[-70.0687,41.8933],[-70.0999,42.0374],[-70.1656,42.0638],[-70.1893,42.0179],[-70.2468,42.0615],[-70.1922,42.0861],[-70.0812,42.0584],[-69.9247,41.8381],[-69.972,41.8392],[-69.9798,41.7971],[-69.9342,41.793],[-69.9389,41.6742],[-70.1853,41.6605],[-70.2728,41.6106],[-70.2611,41.6462],[-70.4181,41.64],[-70.4798,41.5739],[-70.6587,41.5213],[-70.6856,41.5308],[-70.6236,41.7294],[-70.7104,41.748],[-70.7129,41.6878],[-70.8501,41.6295],[-70.8452,41.5925],[-70.9054,41.64],[-70.9476,41.5364],[-71.0402,41.5071],[-71.0624,41.5644],[-71.1859,41.4687],[-71.2069,41.6462],[-71.1107,41.7971],[-71.1763,41.7266],[-71.2269,41.7257],[-71.2604,41.6511],[-71.3088,41.6708],[-71.283,41.7488],[-71.3371,41.7338],[-71.3913,41.8188],[-71.364,41.7121],[-71.3844,41.6742],[-71.4468,41.6772],[-71.4103,41.633],[-71.4428,41.5747],[-71.4261,41.4687],[-71.4977,41.3663],[-71.8715,41.3026],[-71.8854,41.3446],[-72.0362,41.3179],[-72.0834,41.352],[-72.1107,41.3111],[-72.1943,41.3238],[-72.288,41.2829],[-72.3918,41.3663],[-72.3509,41.29],[-72.5079,41.2564],[-72.6048,41.2838],[-72.8924,41.245],[-72.91,41.3051],[-73.1085,41.1487],[-73.2211,41.1671],[-73.2445,41.128],[-73.5232,41.0215],[-73.6039,41.0228],[-73.8117,40.871],[-73.7977,40.8132],[-73.8938,40.8039],[-73.9323,40.8256],[-73.8753,41.1533],[-73.957,41.2578],[-73.9473,41.3111],[-73.9759,41.2922],[-73.9179,41.1635],[-73.9181,40.9315],[-74.0319,40.7142],[-74.131,40.6452],[-74.1124,40.7179],[-74.2096,40.6342],[-74.2827,40.4973],[-74.2059,40.4429],[-73.993,40.4024],[-74.0182,40.4805],[-73.9792,40.4493],[-73.9799,40.2802],[-74.093,39.7763],[-74.0503,40.055],[-74.1221,39.9973],[-74.1273,39.8485],[-74.1865,39.7721],[-74.1676,39.6994],[-74.3285,39.5762],[-74.2974,39.5086],[-74.4072,39.557],[-74.3837,39.4711],[-74.4687,39.3994],[-74.4134,39.3571],[-74.5301,39.3106],[-74.4818,39.3647],[-74.5096,39.3789],[-74.5506,39.3106],[-74.6421,39.3067],[-74.5506,39.2827],[-74.7424,39.1181],[-74.7083,39.0977],[-74.8033,38.9876],[-74.9547,38.9264],[-74.8944,39.1076],[-74.9063,39.1796],[-75.0403,39.2145],[-75.1465,39.1871],[-75.2421,39.2926],[-75.3672,39.3426],[-75.5316,39.478],[-75.5104,39.5596],[-75.5582,39.6135],[-75.4061,39.8029],[-75.1442,39.8749],[-75.0987,39.9064],[-75.116,39.9526],[-75.0236,40.0163],[-75.1197,39.9742],[-75.1478,39.9026],[-75.3917,39.8396],[-75.5922,39.6492],[-75.5546,39.5412],[-75.5879,39.4628],[-75.398,39.2493],[-75.3938,39.0556],[-75.1955,38.8155],[-75.0843,38.796],[-75.0648,38.6326],[-75.0864,38.6933],[-75.1392,38.6881],[-75.1198,38.6589],[-75.1533,38.6589],[-75.0987,38.6384],[-75.2079,38.5695],[-75.0956,38.5664],[-75.0601,38.6125],[-75.0447,38.425],[-75.0788,38.3367],[-75.0627,38.4573],[-75.1182,38.4375],[-75.104,38.3952],[-75.1795,38.4084],[-75.1007,38.3621],[-75.1044,38.3162],[-75.1639,38.2337],[-75.1975,38.2326],[-75.1874,38.2617],[-75.2331,38.239],[-75.2904,38.1108],[-75.3339,38.1116],[-75.4215,37.9879],[-75.4249,37.8751],[-75.8187,37.4542],[-75.7959,37.4057],[-75.8873,37.357],[-75.9491,37.125],[-76.017,37.2578],[-75.9656,37.4529],[-75.9262,37.4784],[-75.9518,37.5159],[-75.8938,37.5627],[-75.9347,37.5764],[-75.8757,37.6607],[-75.8187,37.6726],[-75.7869,37.8094],[-75.6946,37.8023],[-75.702,37.8433],[-75.661,37.8433],[-75.671,37.8926],[-75.743,37.9122],[-75.6331,37.96],[-75.875,37.9511],[-75.8529,38.032],[-75.743,38.1108],[-75.8529,38.0903],[-75.794,38.1589],[-75.9405,38.1354],[-75.9285,38.1935],[-75.8187,38.2337],[-75.9066,38.271],[-75.8433,38.4044],[-75.9627,38.248],[-75.9962,38.3132],[-75.9553,38.351],[-75.9905,38.362],[-76.0372,38.3095],[-76.0379,38.2325],[-76.2097,38.392],[-76.2159,38.3169],[-76.319,38.4739],[-76.2864,38.5001],[-76.2637,38.4655],[-76.172,38.5662],[-76.286,38.5628],[-76.2774,38.6247],[-76.1613,38.631],[-76.0536,38.568],[-75.9702,38.6066],[-75.9627,38.6589],[-76.0242,38.5928],[-76.105,38.6249],[-76.0924,38.6589],[-76.1544,38.6527],[-76.1061,38.6862],[-76.1661,38.6815],[-76.1681,38.7277],[-76.1986,38.6751],[-76.2339,38.7574],[-76.2919,38.7213],[-76.288,38.7755],[-76.3413,38.6732],[-76.3047,38.8227],[-76.2532,38.855],[-76.1731,38.7566],[-76.109,38.8007],[-76.177,38.7856],[-76.1882,38.8467],[-76.1061,38.878],[-76.1613,38.9264],[-76.1979,38.8785],[-76.1969,38.9356],[-76.2472,38.9512],[-76.3288,38.9165],[-76.3284,38.8652],[-76.3747,38.8416],[-76.3153,39.0294],[-76.1976,38.9793],[-76.151,39.0091],[-76.1681,39.0567],[-76.0651,39.1461],[-76.1751,39.1241],[-76.2042,39.0145],[-76.2426,39.0333],[-76.2726,39.168],[-76.175,39.3162],[-76.1054,39.372],[-75.8392,39.3715],[-76.0343,39.3929],[-75.9347,39.4745],[-75.8392,39.4608],[-75.8938,39.5086],[-75.8317,39.5844],[-76.0007,39.4528],[-75.9347,39.6042],[-76.0083,39.5487],[-76.083,39.5578],[-76.1204,39.4949],[-76.0675,39.4578],[-76.2097,39.3647],[-76.2325,39.4745],[-76.2467,39.3441],[-76.2842,39.3106],[-76.3115,39.4028],[-76.4015,39.3925],[-76.3326,39.351],[-76.4308,39.3181],[-76.4015,39.256],[-76.4835,39.3106],[-76.3969,39.238],[-76.4492,39.195],[-76.5708,39.2736],[-76.6232,39.2597],[-76.4333,39.1312],[-76.433,39.0672],[-76.5165,39.0756],[-76.3942,39.0246],[-76.4556,38.9887],[-76.5517,39.0772],[-76.5712,39.0386],[-76.4524,38.9439],[-76.4596,38.9121],[-76.5686,38.9525],[-76.4931,38.8989],[-76.5375,38.8917],[-76.4943,38.8255],[-76.5503,38.7551],[-76.512,38.5277],[-76.3819,38.3846],[-76.4536,38.3241],[-76.4835,38.392],[-76.6365,38.4742],[-76.6815,38.6794],[-76.6736,38.4861],[-76.4506,38.2931],[-76.3734,38.2989],[-76.3933,38.246],[-76.3205,38.1388],[-76.3239,38.0438],[-76.4153,38.1083],[-76.4561,38.207],[-76.4689,38.1391],[-76.5039,38.166],[-76.5172,38.1318],[-76.6167,38.2233],[-76.8042,38.2536],[-76.8276,38.3629],[-76.8807,38.3989],[-76.8392,38.2572],[-76.9222,38.2916],[-77.0316,38.4814],[-77.0946,38.4087],[-77.0998,38.4609],[-77.1339,38.4534],[-77.1339,38.3989],[-77.2037,38.3643],[-77.2553,38.3935],[-77.267,38.4941],[-77.2275,38.5569],[-77.1864,38.5568],[-77.1844,38.605],[-77.1265,38.6179],[-77.0887,38.6892],[-77.0125,38.6974],[-77.0159,38.8543],[-77.0683,38.9019],[-77.033,38.854],[-77.0478,38.7157],[-77.1678,38.689],[-77.1349,38.6363],[-77.1872,38.6208],[-77.2299,38.6567],[-77.3266,38.4509],[-77.3143,38.4061],[-77.3587,38.4293],[-77.2908,38.3538],[-77.3431,38.3487],[-77.249,38.3299],[-77.0408,38.3959],[-77.0145,38.3305],[-77.0527,38.3168],[-76.9654,38.2672],[-76.9542,38.2102],[-76.7393,38.1367],[-76.6146,38.1504],[-76.5306,38.0251],[-76.2479,37.9035],[-76.2501,37.8228],[-76.3249,37.8487],[-76.2939,37.7807],[-76.3252,37.7443],[-76.2842,37.6993],[-76.3389,37.6689],[-76.3047,37.6379],[-76.4047,37.6447],[-76.4689,37.7086],[-76.505,37.6569],[-76.6219,37.8139],[-76.7009,37.8369],[-76.8801,37.991],[-76.935,38.0937],[-77.1339,38.166],[-76.9259,38.0588],[-76.9226,37.9808],[-76.6134,37.7395],[-76.552,37.6268],[-76.2842,37.5696],[-76.3934,37.5331],[-76.3013,37.4938],[-76.2701,37.5174],[-76.2576,37.3355],[-76.4152,37.4427],[-76.4015,37.3908],[-76.4476,37.3799],[-76.4015,37.3399],[-76.435,37.3231],[-76.3719,37.288],[-76.496,37.2491],[-76.7298,37.4945],[-76.7811,37.5355],[-76.7982,37.5044],[-76.6062,37.2958],[-76.4681,37.214],[-76.3856,37.2325],[-76.3732,37.176],[-76.2917,37.1301],[-76.3386,37.1017],[-76.2816,37.1042],[-76.2699,37.0693],[-76.2962,37.0136],[-76.4154,36.9726],[-76.6112,37.1194],[-76.634,37.2207],[-76.7438,37.1975],[-76.8556,37.2624],[-76.8602,37.3231],[-76.9315,37.2453],[-77.0036,37.3231],[-77.0555,37.2872],[-77.0911,37.3278],[-77.2506,37.3498],[-77.2743,37.3164],[-77.0671,37.2665],[-77.0172,37.2952],[-76.9732,37.24],[-76.8019,37.2065],[-76.718,37.15],[-76.67,37.185],[-76.6597,37.0433],[-76.5716,37.0277],[-76.4947,36.954],[-76.476,36.9079],[-76.5244,36.8632],[-76.3807,36.9006],[-76.2917,36.8496],[-76.31,36.9596],[-76.0781,36.9116],[-76.0046,36.9324],[-75.8634,36.5906],[-75.7864,36.282],[-75.5238,35.7944],[-75.6754,35.9999],[-75.7195,36.01],[-75.6798,36.0367],[-75.7235,36.0588],[-75.8185,36.2968],[-75.8801,36.5963],[-75.9469,36.7185],[-75.9683,36.5517],[-75.9143,36.5759],[-75.9011,36.496],[-75.9729,36.4997],[-76.0446,36.5895],[-76.0372,36.5008],[-75.9487,36.3752],[-75.9186,36.4293],[-75.9217,36.3568],[-75.7855,36.0816],[-75.8634,36.1271],[-75.9617,36.307],[-75.9962,36.3152],[-75.9627,36.206],[-75.9081,36.165],[-76.0204,36.1915],[-76.1988,36.3227],[-76.2194,36.2878],[-76.0635,36.162],[-76.1681,36.1308],[-76.292,36.2127],[-76.1954,36.1098],[-76.2201,36.0995],[-76.463,36.206],[-76.3115,36.0961],[-76.5773,36.0124],[-76.6268,36.062],[-76.687,36.0561],[-76.7298,36.1817],[-76.6796,36.2875],[-76.7298,36.3227],[-76.702,36.2847],[-76.7572,36.1271],[-76.6889,36.0067],[-76.7298,35.9453],[-76.5579,35.9384],[-76.4202,35.9813],[-76.3802,35.932],[-76.2637,35.9248],[-76.3068,35.9578],[-76.2842,35.9731],[-76.0483,35.9837],[-76.0309,35.9527],[-76.0719,35.9185],[-76.0235,35.9316],[-76.0856,35.8701],[-76.0563,35.7934],[-76.1242,35.7946],[-76.0583,35.7678],[-76.0372,35.6988],[-76.1409,35.6988],[-76.0372,35.651],[-75.9949,35.7303],[-75.99,35.8869],[-75.9349,35.9249],[-75.8614,35.8807],[-75.9081,35.9384],[-75.8249,35.9316],[-75.8671,35.9453],[-75.8529,35.98],[-75.7218,35.8292],[-75.7209,35.705],[-75.7734,35.6969],[-75.7396,35.6326],[-75.7839,35.5759],[-75.8392,35.5685],[-75.8226,35.5927],[-75.8863,35.6374],[-76.0282,35.4193],[-76.0561,35.4415],[-76.0651,35.3842],[-76.1504,35.3472],[-76.2802,35.3507],[-76.3553,35.4135],[-76.3736,35.3432],[-76.4208,35.3767],[-76.3798,35.3767],[-76.4183,35.4645],[-76.4835,35.3978],[-76.463,35.3767],[-76.4984,35.3913],[-76.5752,35.4975],[-76.463,35.5412],[-76.6473,35.5207],[-76.6063,35.4927],[-76.5998,35.3951],[-76.6473,35.4382],[-76.7584,35.4188],[-77.052,35.5344],[-76.9763,35.4382],[-76.4971,35.3115],[-76.4704,35.2706],[-76.4928,35.2302],[-76.5653,35.2395],[-76.5303,35.1999],[-76.6752,35.1706],[-76.5873,35.1497],[-76.5716,35.178],[-76.5605,35.1244],[-76.7645,34.9892],[-76.8736,35.0087],[-77.0793,35.157],[-76.9403,34.9798],[-76.7572,34.9099],[-76.6318,34.987],[-76.5399,34.9321],[-76.5686,34.9932],[-76.4896,34.9726],[-76.4538,35.0734],[-76.4189,34.9865],[-76.4618,34.9406],[-76.3252,34.9757],[-76.3531,35.0272],[-76.2699,34.9726],[-76.3404,34.9397],[-76.3463,34.8832],[-76.4078,34.8832],[-76.5128,34.7344],[-76.5836,34.7513],[-76.616,34.8161],[-76.633,34.7092],[-76.6852,34.8007],[-76.7708,34.7535],[-76.7298,34.7665],[-76.702,34.7256],[-76.8961,34.7392],[-77.0933,34.677],[-77.1317,34.7624],[-77.1369,34.6824],[-77.1749,34.6915],[-77.2536,34.5944],[-77.3365,34.5611],[-77.4015,34.5891],[-77.3332,34.6498],[-77.4356,34.7535],[-77.3824,34.632],[-77.4498,34.6089],[-77.3789,34.5272],[-77.5359,34.4686],[-77.7305,34.3159],[-77.8327,34.207],[-77.942,33.9305],[-77.9216,34.1086],[-77.9626,34.1911],[-77.9495,34.0028],[-78.0178,33.8963],[-78.3335,33.9101],[-78.3747,33.9509],[-78.7633,33.7786],[-79.1331,33.4174],[-79.1835,33.2179],[-79.2137,33.3007],[-79.272,33.3173],[-79.1896,33.437],[-79.2771,33.3591],[-79.2914,33.2777],[-79.1835,33.1838],[-79.2306,33.1422],[-79.2689,33.1661],[-79.2722,33.1223],[-79.3404,33.1558],[-79.2926,33.1087],[-79.387,33.0173],[-79.4913,32.9914],[-79.52,33.0412],[-79.5848,33.0138],[-79.6245,32.9438],[-79.5738,32.9368],[-79.5887,32.9141],[-79.8287,32.7628],[-79.9062,32.8004],[-79.8923,32.8548],[-79.9438,32.8515],[-79.9341,32.7834],[-79.9676,32.7852],[-79.868,32.7381],[-79.8873,32.6881],[-80.0257,32.6487],[-80.0051,32.6116],[-80.1771,32.567],[-80.2659,32.6214],[-80.2045,32.5606],[-80.3232,32.4884],[-80.369,32.5334],[-80.4093,32.4811],[-80.5397,32.5606],[-80.5328,32.519],[-80.6698,32.5211],[-80.4782,32.4781],[-80.5875,32.4569],[-80.4584,32.4232],[-80.5471,32.3471],[-80.4298,32.4098],[-80.4708,32.3227],[-80.5533,32.2788],[-80.6368,32.2668],[-80.6573,32.4627],[-80.6837,32.4644],[-80.6675,32.3054],[-80.7593,32.3608],[-80.7856,32.4967],[-80.855,32.5395],[-80.7989,32.3197],[-80.6778,32.2147],[-80.8208,32.1081],[-80.788,32.2358],[-80.8945,32.0588],[-80.8357,32.0029],[-80.9034,31.9505],[-80.9374,31.9765],[-80.9631,31.9306],[-80.9238,31.9089],[-80.9582,31.8793],[-81.1182,31.9077],[-81.0903,31.8757],[-81.143,31.8549],[-81.0399,31.827],[-81.1055,31.7427],[-81.2733,31.7655],[-81.1963,31.7176],[-81.3311,31.5524],[-81.3653,31.4379],[-81.3257,31.3489],[-81.4924,31.3677],[-81.2677,31.2587],[-81.386,31.1417],[-81.418,31.149],[-81.423,31.2196],[-81.4548,31.206],[-81.4517,31.1171],[-81.4926,31.1137],[-81.4303,31.0734],[-81.4037,31.1213],[-81.4054,31.0948],[-81.4241,31.0251],[-81.5135,31.0933],[-81.4508,31.0219],[-81.5197,30.9766],[-81.4508,30.9636],[-81.4993,30.9056],[-81.4924,30.8469],[-81.5334,30.8537],[-81.4993,30.7043],[-81.4286,30.6817],[-81.4378,30.5241],[-81.4796,30.6179],[-81.5003,30.5513],[-81.4098,30.4565],[-81.2938,29.8941],[-80.9221,29.0683],[-80.6004,28.6003],[-80.7659,28.6123],[-80.7523,28.7419],[-80.8481,28.7906],[-80.8282,28.6614],[-80.7383,28.3735],[-80.381,27.6661],[-80.1978,27.196],[-80.3143,27.2426],[-80.1488,27.1383],[-80.0756,26.9732],[-80.1151,26.9347],[-80.0707,26.917],[-80.0382,26.8112],[-80.0324,26.5873],[-80.1288,26.0986],[-80.1288,25.7753],[-80.1406,25.9008],[-80.1962,25.7538],[-80.3069,25.6182],[-80.3443,25.4752],[-80.3143,25.3712],[-80.423,25.2524],[-80.4025,25.1862],[-80.4508,25.243],[-80.4986,25.2204],[-80.4509,25.1732],[-80.526,25.2204],[-80.5123,25.2483],[-80.5655,25.246],[-80.7109,25.1453],[-80.855,25.1862],[-80.9102,25.1453],[-81.102,25.1247],[-81.1771,25.2278],[-81.13,25.3445],[-81.0779,25.2729],[-80.9853,25.2346],[-81.0058,25.2142],[-80.9172,25.2458],[-80.9808,25.3183],[-81.1413,25.3848],[-81.2147,25.5276],[-81.1877,25.5602],[-81.2317,25.5636],[-81.2795,25.7042],[-81.3572,25.7535],[-81.3217,25.7827],[-81.3485,25.8168],[-81.6227,25.9472],[-81.732,25.9205],[-81.7425,25.9575],[-81.6944,25.9404],[-81.6644,25.9813],[-81.7317,26.0006],[-81.7872,26.1396],[-81.8009,26.0986],[-81.8559,26.4489],[-81.8828,26.4958],[-81.8873,26.4448],[-82.0087,26.4845],[-81.7804,26.715],[-81.9067,26.6426],[-81.9517,26.5436],[-82.0391,26.5279],[-82.0821,26.6802],[-82.057,26.8658],[-82.097,26.9094],[-81.9784,26.9962],[-82.1552,26.9276],[-82.2738,27.016],[-82.2013,26.9442],[-82.1503,26.8032],[-82.3138,26.8494],[-82.5618,27.2763],[-82.5736,27.3951],[-82.6984,27.4548],[-82.7292,27.5147],[-82.6575,27.4617],[-82.6608,27.5203],[-82.5892,27.5032],[-82.637,27.5237],[-82.5786,27.5473],[-82.6178,27.5526],[-82.39,27.8111],[-82.4217,27.9172],[-82.4718,27.9204],[-82.4827,27.8214],[-82.5271,27.8248],[-82.5411,27.9428],[-82.691,28.0377],[-82.6903,27.9709],[-82.6444,27.9687],[-82.7189,27.9278],[-82.5619,27.8862],[-82.6029,27.863],[-82.654,27.6951],[-82.8151,27.8322],[-82.7189,27.6597],[-82.8424,27.8285],[-82.8523,27.9082],[-82.7673,28.1059],[-82.7873,28.1938],[-82.6642,28.4479],[-82.6319,28.6953],[-82.6847,28.8048],[-82.6301,28.7844],[-82.6336,28.8876],[-82.7272,28.9592],[-82.8009,29.1747],[-83.0407,29.1801],[-83.2157,29.4106],[-83.4048,29.5317],[-83.3973,29.6545],[-83.5438,29.7281],[-83.6806,29.9213],[-84.024,30.1066],[-84.1783,30.0728],[-84.2091,30.1071],[-84.3836,30.0319],[-84.3463,29.9699],[-84.4661,29.9897],[-84.343,29.9468],[-84.3773,29.8874],[-84.5084,29.9221],[-84.8754,29.7332],[-84.8733,29.8046],[-85.0043,29.716],[-85.3461,29.6784],[-85.3916,29.716],[-85.4135,29.8514],[-85.3778,29.7282],[-85.3205,29.6933],[-85.3022,29.7979],[-85.3565,29.8887],[-85.6796,30.1343],[-85.4424,30.0202],[-85.395,30.0556],[-85.4621,30.0349],[-85.5127,30.1083],[-85.4946,30.1406],[-85.5697,30.1139],[-85.7205,30.1958],[-85.5555,30.2851],[-85.5868,30.3261],[-85.7086,30.247],[-85.7547,30.3193],[-85.8544,30.2648],[-85.756,30.2316],[-85.7205,30.1343],[-86.066,30.3061],[-86.5109,30.4076],[-86.3472,30.395],[-86.3117,30.4365],[-86.2419,30.395],[-86.2482,30.436],[-86.1174,30.3793],[-86.1383,30.4831],[-86.182,30.4688],[-86.2071,30.5049],[-86.4084,30.4614],[-86.4398,30.4761],[-86.4127,30.518],[-86.4884,30.5241],[-86.4846,30.48],[-86.6023,30.4183],[-87.1941,30.3603],[-86.9402,30.4565],[-86.8938,30.4389],[-87.0135,30.5113],[-86.9607,30.5595],[-87.0296,30.6073],[-87.0774,30.4497],[-87.1251,30.5595],[-87.1806,30.5847],[-87.1568,30.4745],[-87.3288,30.3197],[-87.5292,30.2777],[-87.3456,30.4277],[-87.4268,30.4831],[-87.3921,30.4497],[-87.4737,30.3592],[-87.5572,30.3193],[-87.6118,30.3603],[-87.6056,30.3056],[-87.5646,30.3131],[-87.5902,30.2754],[-88.0301,30.2238],[-87.7642,30.2795],[-87.8309,30.364],[-87.8213,30.4047],[-87.9114,30.4136],[-87.9407,30.4831],[-87.9125,30.5837],[-88.0301,30.7377],[-88.1377,30.3198],[-88.3354,30.4039],[-88.4706,30.3239],[-88.5912,30.395],[-88.7421,30.3541],[-88.9276,30.4422],[-88.9823,30.4223],[-88.8761,30.3952],[-89.2402,30.3207],[-89.3319,30.3771],[-89.3556,30.3503],[-89.3205,30.3121],[-89.4211,30.2578],[-89.4425,30.1898],[-89.5959,30.1559],[-89.596,30.187],[-89.7361,30.185],[-89.7515,30.2374],[-89.9691,30.2647],[-90.0585,30.3603],[-90.1894,30.3908],[-90.405,30.2202],[-90.4141,30.1066],[-90.1684,30.0245],[-89.9964,30.0524],[-89.8804,30.1549],[-89.7888,30.0989],[-89.7364,30.1753],[-89.7432,30.0996],[-89.6674,30.164],[-89.6396,30.1406],[-89.7179,30.0333],[-89.8004,30.0512],[-89.8404,30.0114],[-89.8111,29.9472],[-89.7084,29.9562],[-89.7289,29.9221],[-89.6645,29.8755],[-89.6024,29.8908],[-89.5656,30.0009],[-89.4862,30.0764],[-89.366,30.0487],[-89.4547,29.9764],[-89.3702,29.9508],[-89.4347,29.9289],[-89.3695,29.9186],[-89.3938,29.8799],[-89.3317,29.8799],[-89.3801,29.8333],[-89.3453,29.7917],[-89.4136,29.7644],[-89.4825,29.8333],[-89.5325,29.7558],[-89.6015,29.7348],[-89.4825,29.6341],[-89.7023,29.7098],[-89.6197,29.6273],[-89.7569,29.6341],[-89.678,29.5279],[-89.5235,29.4696],[-89.5399,29.3978],[-89.3368,29.3906],[-89.3809,29.3629],[-89.2814,29.3576],[-89.2445,29.316],[-89.1971,29.3535],[-89.1126,29.2641],[-89.1474,29.2368],[-89.0325,29.2166],[-89.0102,29.1747],[-89.097,29.1596],[-89.0232,29.1474],[-89.0648,29.086],[-89.0989,29.1195],[-89.0846,29.0786],[-89.1058,29.0997],[-89.1505,29.0482],[-89.1337,28.9962],[-89.2477,29.1059],[-89.2497,29.0649],[-89.3096,29.0502],[-89.4136,28.9284],[-89.2762,29.1601],[-89.3044,29.1269],[-89.3218,29.182],[-89.3249,29.1195],[-89.3837,29.0878],[-89.4825,29.2431],[-89.4552,29.2505],[-89.4951,29.2595],[-89.4962,29.2294],[-89.662,29.3009],[-89.8181,29.3162],[-89.7438,29.3698],[-89.7755,29.4208],[-89.8198,29.4171],[-89.8163,29.4744],[-89.8603,29.4438],[-89.9416,29.4644],[-90.0995,29.5447],[-90.1274,29.5242],[-90.182,29.5795],[-90.2103,29.5151],[-90.0238,29.4286],[-90.0374,29.3393],[-90.0585,29.3598],[-90.0176,29.2983],[-90.095,29.2838],[-90.0839,29.2254],[-90.0511,29.2294],[-90.0802,29.1747],[-90.2292,29.0867],[-90.2713,29.1674],[-90.2608,29.2695],[-90.2875,29.2352],[-90.3391,29.3113],[-90.3937,29.2431],[-90.4344,29.3572],[-90.4831,29.2908],[-90.6028,29.3076],[-90.5855,29.2294],[-90.627,29.2357],[-90.6407,29.1406],[-90.6637,29.1646],[-90.758,29.1159],[-90.8052,29.1269],[-90.7773,29.1679],[-90.8462,29.1822],[-90.884,29.1338],[-91.0106,29.1822],[-90.9993,29.2181],[-91.0796,29.1959],[-91.328,29.2949],[-91.3397,29.3393],[-91.2931,29.3232],[-91.223,29.3802],[-91.2149,29.3433],[-91.1615,29.3393],[-91.154,29.2505],[-91.1131,29.271],[-91.1216,29.3381],[-91.2626,29.4691],[-91.2284,29.6081],[-91.2577,29.6136],[-91.2987,29.4838],[-91.4239,29.5212],[-91.429,29.5658],[-91.5593,29.5385],[-91.5608,29.6425],[-91.6442,29.6452],[-91.6379,29.7421],[-91.8585,29.7191],[-91.8475,29.8312],[-91.9844,29.832],[-92.1346,29.7362],[-92.1415,29.7669],[-92.2024,29.7644],[-92.1723,29.6955],[-92.1,29.7098],[-92.1415,29.6887],[-92.1074,29.6204],[-92.0249,29.6273],[-92.0659,29.5878],[-92.3143,29.5344],[-92.6831,29.6041],[-93.1996,29.7728],[-93.5585,29.7631],[-93.831,29.7001],[-93.8937,29.7908],[-93.7819,29.8565],[-93.76,29.9606],[-93.8541,29.9866],[-93.9381,29.8059],[-93.8758,29.675],[-94.102,29.6706],[-94.6543,29.4519],[-94.7628,29.3665],[-94.7906,29.38],[-94.701,29.4628],[-94.5045,29.526],[-94.486,29.5661],[-94.779,29.5299],[-94.6927,29.6963],[-94.7341,29.7822],[-94.8067,29.782],[-94.8761,29.6658],[-94.9196,29.6553],[-95.0523,29.7497],[-95.0641,29.7129],[-94.9858,29.675],[-95.0239,29.5422],[-94.9078,29.4963],[-94.9651,29.4696],[-94.9429,29.422],[-94.9173,29.4423],[-94.8211,29.374],[-94.8888,29.376],[-94.9129,29.3156],[-95.1159,29.1747],[-95.1705,29.2089],[-95.1589,29.0457],[-95.6019,28.7639],[-95.952,28.6887],[-95.9402,28.6257],[-95.7192,28.7155],[-96.2189,28.4895],[-95.9849,28.6131],[-95.9878,28.6448],[-96.2265,28.5871],[-96.1369,28.6267],[-96.2154,28.6294],[-96.1881,28.6909],[-96.3458,28.6353],[-96.3833,28.73],[-96.4448,28.7639],[-96.3976,28.7121],[-96.4168,28.6437],[-96.3697,28.6267],[-96.4471,28.6356],[-96.4847,28.6126],[-96.5547,28.6472],[-96.5785,28.7121],[-96.6509,28.7297],[-96.6086,28.5789],[-96.4932,28.5106],[-96.5476,28.4693],[-96.4735,28.4936],[-96.4038,28.4349],[-96.6537,28.3195],[-96.7933,28.4797],[-96.8133,28.458],[-96.767,28.4107],[-96.8445,28.4156],[-96.7812,28.3319],[-96.7823,28.2416],[-96.8802,28.1506],[-96.9451,28.1265],[-96.9103,28.2636],[-96.973,28.1339],[-97.0202,28.1401],[-97.014,28.209],[-97.1732,28.159],[-97.1573,28.1339],[-97.2175,28.0748],[-97.1491,28.0055],[-97.1061,28.0709],[-97.0211,28.1003],[-97.0275,28.0367],[-97.1841,27.8366],[-97.2325,27.8248],[-97.2672,27.8794],[-97.5211,27.8732],[-97.487,27.8353],[-97.3907,27.8459],[-97.3718,27.7553],[-97.2596,27.6951],[-97.4112,27.335],[-97.5416,27.2904],[-97.4613,27.3437],[-97.4869,27.4002],[-97.6302,27.3002],[-97.7743,27.4685],[-97.7067,27.3177],[-97.6676,27.3109],[-97.7606,27.2791],[-97.5211,27.2322],[-97.4261,27.2637],[-97.446,27.1327],[-97.4982,27.1007],[-97.4807,27.022],[-97.5628,26.9937],[-97.5455,26.9186],[-97.4813,26.8776],[-97.5484,26.8999],[-97.562,26.8379],[-97.493,26.7917],[-97.4186,26.502],[-97.4726,26.4958],[-97.3771,26.3376],[-97.3402,26.3416],[-97.3611,26.2858],[-97.3158,26.2649],[-97.3105,26.1233],[-97.212,26.0912],[-97.2556,25.9989],[-97.1926,26.0115],[-97.1518,26.075],[-97.1375,25.9745],[-97.3284,25.9333],[-97.366,25.8439],[-97.6599,26.0307],[-98.2227,26.0754],[-98.4288,26.2177],[-98.5816,26.2623],[-98.6537,26.2443],[-98.8013,26.3721],[-99.1064,26.423],[-99.0915,26.484],[-99.1649,26.5404],[-99.2483,26.8271],[-99.4617,27.057],[-99.432,27.2076],[-99.5214,27.3113],[-99.4729,27.4266],[-99.515,27.5886],[-99.7004,27.6592],[-99.8329,27.7768],[-99.8813,27.9065],[-99.9911,28.0078],[-100.0565,28.1379],[-100.2751,28.2772],[-100.3555,28.4782],[-100.3226,28.5104],[-100.3842,28.5372],[-100.5345,28.8302],[-100.6243,28.9247],[-100.669,29.1162],[-100.7625,29.1738],[-100.7961,29.2577],[-101.0081,29.3806],[-101.0378,29.4601],[-101.2129,29.5316],[-101.2339,29.6227],[-101.3122,29.5979],[-101.3011,29.6495],[-101.3577,29.6674],[-101.4051,29.7784],[-101.5429,29.7711],[-101.5465,29.8201],[-101.6322,29.7757],[-101.806,29.8119],[-102.1093,29.8021],[-102.321,29.8939],[-102.4061,29.7773],[-102.691,29.7368],[-102.8391,29.452],[-102.8377,29.3663],[-102.8831,29.3438],[-102.8997,29.2639],[-102.8588,29.2291],[-102.9884,29.1771],[-103.1228,28.9965],[-103.3866,29.0288],[-103.5502,29.1547],[-103.7708,29.2298],[-103.7837,29.2748],[-104.0573,29.339],[-104.2672,29.5266],[-104.3385,29.524],[-104.5166,29.6543],[-104.6805,29.9423],[-104.6816,30.1929],[-104.8533,30.4122],[-104.8593,30.4973],[-104.9343,30.6105],[-105.2049,30.8024],[-105.3638,30.8504],[-105.9612,31.371],[-106.2092,31.4773],[-106.3918,31.7459],[-106.5172,31.7738],[-108.2151,31.7778],[-108.2148,31.3274],[-111.0671,31.3336],[-114.8221,32.5002],[-114.7243,32.7128],[-117.1251,32.5317],[-117.1498,32.6463],[-117.2262,32.6972],[-117.1681,32.6988],[-117.1151,32.6003],[-117.1332,32.6898],[-117.1746,32.7267],[-117.2378,32.7072],[-117.2366,32.6696],[-117.2553,32.6914],[-117.2836,32.8377],[-117.2536,32.8851],[-117.3222,33.1085],[-117.5088,33.3352],[-118.1174,33.7436],[-118.2546,33.7654],[-118.2913,33.7032],[-118.412,33.7417],[-118.3914,33.8359],[-118.5141,34.0222],[-118.6666,34.0389],[-118.807,33.9994],[-119.1287,34.1005],[-119.2171,34.1455],[-119.2812,34.2687],[-119.5632,34.4148],[-119.8786,34.4066],[-120.1334,34.4727],[-120.4541,34.4428],[-120.51,34.5214],[-120.6366,34.5629],[-120.6031,34.7048],[-120.6402,34.7585],[-120.6156,34.858],[-120.6728,34.9075],[-120.6449,35.1394],[-120.8767,35.2238],[-120.8622,35.3619],[-120.8556,35.3215],[-120.8314,35.3361],[-120.8873,35.4329],[-121.0054,35.4607],[-121.1694,35.6369],[-121.2883,35.6648],[-121.3372,35.7865],[-121.4632,35.8867],[-121.5067,36.0033],[-121.8997,36.3044],[-121.9569,36.5176],[-121.9325,36.5551],[-121.9811,36.5837],[-121.9377,36.6392],[-121.87,36.6072],[-121.8054,36.7377],[-121.7637,36.7221],[-121.8032,36.7505],[-121.8042,36.836],[-121.9056,36.9691],[-122.135,36.9657],[-122.3393,37.1186],[-122.4045,37.1945],[-122.4003,37.3597],[-122.4492,37.4767],[-122.5205,37.5314],[-122.5152,37.7811],[-122.4086,37.8104],[-122.3545,37.73],[-122.3925,37.7103],[-122.3741,37.6042],[-122.251,37.5681],[-122.1002,37.4551],[-122.0321,37.4634],[-122.109,37.518],[-122.1919,37.7003],[-122.2518,37.7228],[-122.2173,37.7585],[-122.3315,37.7824],[-122.2955,37.8313],[-122.3139,37.8858],[-122.3911,37.9077],[-122.4297,37.9643],[-122.3977,37.9561],[-122.3663,38.0123],[-122.227,38.0584],[-122.1479,38.0236],[-122.004,38.0561],[-121.69,38.0091],[-121.7206,38.0321],[-121.6067,38.0994],[-121.5765,38.0743],[-121.6206,38.0618],[-121.6128,38.0215],[-121.5693,38.0658],[-121.4454,38.0039],[-121.6041,38.1058],[-121.7787,38.036],[-121.6826,38.1472],[-121.8031,38.0629],[-121.8982,38.0532],[-122.015,38.0985],[-122.0003,38.1373],[-122.0552,38.1337],[-122.1303,38.0421],[-122.2609,38.0694],[-122.3965,38.1532],[-122.5023,38.1135],[-122.5061,38.0172],[-122.4453,37.9851],[-122.5034,37.9248],[-122.4388,37.8821],[-122.499,37.8936],[-122.4704,37.8318],[-122.5284,37.8164],[-122.6452,37.8988],[-122.7277,37.903],[-122.9201,38.0653],[-122.9791,38.0145],[-122.9625,37.992],[-123.0275,37.9945],[-122.9496,38.144],[-122.9963,38.2427],[-122.8323,38.0959],[-123.0023,38.2949],[-123.0624,38.2959],[-123.1287,38.4493],[-123.337,38.5673],[-123.7262,38.9186],[-123.7426,38.9556],[-123.6891,39.0279],[-123.8249,39.3473],[-123.7694,39.5637],[-123.854,39.8335],[-124.0761,40.0272],[-124.1158,40.1071],[-124.3635,40.2615],[-124.3483,40.3189],[-124.4092,40.4438],[-124.2397,40.7587],[-124.2595,40.6984],[-124.2258,40.6861],[-124.1827,40.7999],[-124.0874,40.8252],[-124.1513,40.8633],[-124.2328,40.7666],[-124.1104,41.0153],[-124.1641,41.1322],[-124.0909,41.2895],[-124.0683,41.5393],[-124.1595,41.7367],[-124.2629,41.7764],[-124.2037,41.9712],[-124.3596,42.113],[-124.4328,42.3293],[-124.3999,42.6157],[-124.5668,42.834],[-124.4449,43.03],[-124.4013,43.3101],[-124.3421,43.3521],[-124.3165,43.2998],[-124.2329,43.4241],[-124.2129,43.3747],[-124.14,43.3753],[-124.2087,43.4522],[-124.3352,43.3653],[-124.2098,43.6566],[-124.1398,43.7331],[-124.0702,43.7117],[-124.1488,43.7476],[-124.2029,43.6808],[-124.1195,44.0065],[-124.1141,44.3074],[-124.0844,44.4117],[-124.0179,44.4098],[-124.0496,44.4487],[-124.0834,44.4278],[-124.0844,44.4981],[-124.0632,44.6095],[-124.0048,44.6163],[-124.0681,44.6178],[-124.078,44.6749],[-123.9711,45.1537],[-123.9604,45.3],[-124.0018,45.3445],[-123.9184,45.4177],[-123.9711,45.452],[-123.9488,45.5572],[-123.9392,45.4998],[-123.8905,45.4755],[-123.8961,45.5603],[-123.9579,45.5762],[-123.9182,45.6896],[-123.8711,45.6979],[-123.9174,45.7045],[-123.9379,45.6606],[-123.9811,45.7603],[-123.9566,45.8732],[-123.9905,45.9379],[-123.9233,46.014],[-124.0227,46.2308],[-123.8251,46.1569],[-123.7987,46.1024],[-123.7783,46.1434],[-123.8654,46.1865],[-123.7668,46.2041],[-123.706,46.1708],[-123.5366,46.234],[-123.3855,46.1462],[-123.2564,46.1333],[-123.1801,46.1791],[-123.2979,46.1515],[-123.4557,46.267],[-123.6032,46.2601],[-123.693,46.3052],[-123.873,46.2402],[-124.0093,46.3135],[-124.0802,46.2717],[-124.0629,46.6549],[-124.0179,46.5685],[-124.0143,46.3851],[-123.9581,46.3782],[-123.9269,46.4401],[-123.8406,46.4158],[-123.9358,46.4723],[-123.8964,46.5444],[-123.9564,46.6231],[-123.8949,46.6027],[-123.9225,46.6579],[-123.8773,46.6921],[-123.764,46.6784],[-123.9,46.7474],[-123.9761,46.7411],[-123.9727,46.7013],[-124.0934,46.7432],[-124.1268,46.8985],[-124.0213,46.8323],[-124.0469,46.8911],[-123.8131,46.959],[-124.0129,46.9837],[-124.0277,47.0281],[-124.1169,47.0429],[-124.1482,47.0244],[-124.1058,46.9334],[-124.1785,46.9255],[-124.1998,47.1875],[-124.2717,47.3426],[-124.3178,47.3574],[-124.4228,47.7419],[-124.6095,47.8749],[-124.672,47.9907],[-124.7346,48.1704],[-124.6615,48.3195],[-124.7275,48.3877],[-124.5749,48.3704],[-123.971,48.1656],[-123.2469,48.1153],[-123.1083,48.1838],[-123.1613,48.1519],[-123.063,48.1176],[-123.0297,48.0452],[-122.9968,48.0386],[-122.9991,48.0917],[-122.9275,48.0951],[-122.8573,48.0295],[-122.8733,47.9937],[-122.8249,48.0352],[-122.8778,48.1066],[-122.7702,48.1411],[-122.7504,48.1172],[-122.792,48.0829],[-122.6201,47.8776],[-122.6764,47.8621],[-122.8004,47.6799],[-122.8292,47.6941],[-122.8057,47.8435],[-122.8392,47.782],[-122.8564,47.8261],[-122.8392,47.7466],[-123.1194,47.4495],[-123.1613,47.3568],[-123.0741,47.3446],[-122.8392,47.432],[-123.0522,47.367],[-123.1105,47.4051],[-122.949,47.5971],[-122.7635,47.6691],[-122.6349,47.8397],[-122.571,47.8198],[-122.6132,47.946],[-122.5281,47.9055],[-122.4684,47.7565],[-122.558,47.7404],[-122.5959,47.692],[-122.661,47.7305],[-122.5922,47.5827],[-122.6815,47.6517],[-122.6969,47.6231],[-122.6392,47.5771],[-122.6815,47.5275],[-122.5531,47.5834],[-122.5079,47.5203],[-122.5375,47.3706],[-122.5859,47.3364],[-122.5685,47.2641],[-122.6863,47.3012],[-122.6331,47.4046],[-122.7259,47.3391],[-122.7531,47.2812],[-122.7245,47.2326],[-122.7728,47.1731],[-122.8148,47.2509],[-122.784,47.3153],[-122.8057,47.3978],[-122.9651,47.1811],[-123.0788,47.1303],[-123.0179,47.1303],[-123.0788,47.0961],[-122.9302,47.1745],[-123.0105,47.0825],[-122.9354,47.1303],[-122.8933,47.0473],[-122.9012,47.1303],[-122.8171,47.1657],[-122.7225,47.0893],[-122.5716,47.2093],[-122.5375,47.3159],[-122.4331,47.2649],[-122.4004,47.2811],[-122.422,47.3159],[-122.3285,47.3571],[-122.409,47.5749],[-122.3779,47.5962],[-122.3458,47.5623],[-122.34,47.5989],[-122.4288,47.6604],[-122.3811,47.7202],[-122.4044,47.7976],[-122.3204,47.9421],[-122.1917,48.0263],[-122.3402,48.09],[-122.3756,48.2132],[-122.4442,48.2324],[-122.4695,48.1771],[-122.348,48.0543],[-122.5104,48.1474],[-122.534,48.2497],[-122.4008,48.2353],[-122.3859,48.3038],[-122.5338,48.3747],[-122.5589,48.434],[-122.6466,48.4038],[-122.6835,48.4302],[-122.6633,48.4549],[-122.7024,48.498],[-122.633,48.5163],[-122.5807,48.4583],[-122.5683,48.4895],[-122.4889,48.4549],[-122.4943,48.5294],[-122.567,48.5854],[-122.4681,48.5545],[-122.4403,48.5807],[-122.5251,48.6923],[-122.5086,48.7557],[-122.5745,48.7805],[-122.6673,48.7319],[-122.6582,48.7773],[-122.7682,48.874],[-122.7458,48.9177],[-122.8135,48.9518],[-122.753,48.9925]]],[[[-141.0056,69.6509],[-140.9949,60.3044],[-140.5337,60.2185],[-140.4628,60.2891],[-140.4241,60.2932],[-140.0158,60.1874],[-139.9169,60.2079],[-139.6798,60.3268],[-139.0795,60.341],[-139.0732,60.2998],[-139.1832,60.1002],[-139.1821,60.0734],[-139.0038,59.9772],[-138.7049,59.8985],[-138.6543,59.8055],[-138.5992,59.7538],[-137.6114,59.2393],[-137.4844,58.9919],[-137.5088,58.9149],[-137.4869,58.9001],[-137.4231,58.9077],[-137.2819,58.9871],[-136.8408,59.1482],[-136.6135,59.1542],[-136.5695,59.1722],[-136.4665,59.2878],[-136.4676,59.4616],[-136.3668,59.4496],[-136.275,59.4864],[-136.2447,59.5282],[-136.2585,59.5561],[-136.3503,59.5924],[-136.2585,59.6216],[-135.9238,59.6667],[-135.4828,59.7925],[-135.2599,59.6982],[-135.1578,59.6233],[-135.0879,59.6065],[-135.0162,59.5434],[-135.0233,59.4771],[-135.0958,59.4189],[-134.9933,59.3819],[-135.0162,59.3362],[-134.9578,59.281],[-134.6921,59.2352],[-134.6108,59.1446],[-134.451,59.0979],[-134.3872,59.0369],[-134.3994,58.975],[-134.3297,58.963],[-134.3169,58.9038],[-134.2222,58.8427],[-133.8311,58.718],[-133.6263,58.5464],[-133.4631,58.4622],[-133.3922,58.4039],[-133.4301,58.3721],[-133.415,58.3305],[-133.1656,58.1473],[-133.0752,58.0079],[-132.9172,57.8805],[-132.5524,57.4991],[-132.3623,57.3457],[-132.231,57.1968],[-132.3412,57.0804],[-132.0319,57.0284],[-132.1074,56.8588],[-131.8716,56.7935],[-131.886,56.7371],[-131.8304,56.6648],[-131.8256,56.5933],[-131.5604,56.5941],[-131.1005,56.4077],[-130.8391,56.3725],[-130.7603,56.3452],[-130.6458,56.2619],[-130.4723,56.2249],[-130.404,56.1219],[-130.2112,56.09],[-130.1168,56.1056],[-130.0715,56.0841],[-130.019,56.0022],[-130.0196,55.908],[-130.1488,55.7954],[-130.1737,55.7495],[-130.1265,55.654],[-130.1531,55.5851],[-130.147,55.5472],[-130.0575,55.4349],[-130.0501,55.3454],[-129.9892,55.284],[-130.1005,55.2303],[-130.2289,55.0438],[-130.3654,54.9073],[-130.5803,54.8064],[-130.6046,54.8022],[-130.5609,54.8514],[-130.5851,54.852],[-130.6913,54.7626],[-130.7289,54.7841],[-130.6778,54.8145],[-130.7158,54.8682],[-130.7436,54.9663],[-130.7544,54.8928],[-130.736,54.8315],[-130.7769,54.8315],[-130.8319,54.7654],[-130.9183,54.8029],[-130.9619,54.9277],[-130.9412,54.9254],[-130.9397,54.9589],[-131.0097,55.0054],[-130.971,55.0612],[-130.8542,55.1031],[-130.8212,55.1002],[-130.8111,55.0786],[-130.7203,55.081],[-130.6876,55.1401],[-130.566,55.2233],[-130.4616,55.3319],[-130.5526,55.2877],[-130.6155,55.1995],[-130.6684,55.1804],[-130.7599,55.097],[-130.7912,55.0991],[-130.8111,55.1469],[-130.9708,55.0854],[-131.057,55.1263],[-131.0576,55.1987],[-130.9247,55.294],[-130.6125,55.2971],[-130.6694,55.3285],[-130.6466,55.3386],[-130.6564,55.3523],[-130.7263,55.3146],[-130.8619,55.3122],[-130.8868,55.4516],[-130.8663,55.5503],[-130.8732,55.623],[-130.9073,55.6819],[-130.8868,55.7086],[-130.9619,55.783],[-130.9204,55.8105],[-131.0134,55.8184],[-131.0615,55.8768],[-131.1339,55.9208],[-131.1264,55.9345],[-131.1652,55.9406],[-131.1748,55.9693],[-131.1964,55.9714],[-131.0444,56.0581],[-131.0786,56.0581],[-131.0097,56.1126],[-131.0857,56.0862],[-131.1923,56.0146],[-131.3419,55.9609],[-131.4144,56.0102],[-131.7359,55.8867],[-131.9147,55.8594],[-131.7779,55.8254],[-131.7638,55.7973],[-131.8084,55.7295],[-131.8669,55.7291],[-131.8277,55.6679],[-131.8873,55.6192],[-131.8805,55.5987],[-132.004,55.6676],[-131.9289,55.5893],[-131.9488,55.5851],[-131.926,55.5636],[-131.9283,55.5305],[-131.9614,55.501],[-132.1716,55.5885],[-132.2119,55.6981],[-132.2662,55.7563],[-132.2274,55.7578],[-132.1679,55.7228],[-132.1822,55.7768],[-132.1689,55.8023],[-132.0462,55.8173],[-132.086,55.8458],[-132.036,55.8938],[-132.0569,55.9445],[-131.9498,55.9721],[-131.963,56.1574],[-131.8138,56.196],[-131.5795,56.1791],[-131.4895,56.2225],[-131.6138,56.2051],[-131.9078,56.2327],[-131.9593,56.2945],[-131.9801,56.3659],[-132.161,56.3802],[-132.2033,56.4713],[-132.3449,56.529],[-132.3502,56.5794],[-132.305,56.6402],[-132.4769,56.6045],[-132.5402,56.6315],[-132.522,56.675],[-132.4565,56.675],[-132.531,56.7086],[-132.4149,56.7849],[-132.4125,56.8089],[-132.3597,56.8184],[-132.3987,56.8249],[-132.5148,56.7554],[-132.7614,56.8458],[-132.922,56.9829],[-132.7677,56.9697],[-132.8098,57.0556],[-132.7954,57.0927],[-132.8395,57.0728],[-132.8777,57.0213],[-133.093,57.0865],[-133.1652,57.086],[-133.1479,57.1411],[-133.1211,57.1443],[-133.1676,57.1696],[-133.1889,57.1479],[-133.1753,57.1411],[-133.2115,57.142],[-133.2166,57.171],[-133.2357,57.1738],[-133.2665,57.1132],[-133.317,57.1025],[-133.552,57.1815],[-133.4886,57.2209],[-133.5051,57.2512],[-133.4719,57.2819],[-133.2548,57.2811],[-133.1622,57.3193],[-133.0584,57.3319],[-133.0381,57.3671],[-133.1207,57.3323],[-133.2237,57.3193],[-133.4195,57.3439],[-133.4565,57.3808],[-133.3448,57.4054],[-133.3359,57.4382],[-133.4542,57.4318],[-133.5004,57.476],[-133.4974,57.5316],[-133.439,57.5695],[-133.3131,57.593],[-133.5914,57.5746],[-133.6588,57.6209],[-133.6483,57.7028],[-133.5663,57.7165],[-133.495,57.6721],[-133.1684,57.5793],[-133.0455,57.5036],[-133.004,57.5179],[-133.0819,57.5373],[-133.1554,57.5998],[-133.1622,57.6271],[-133.2123,57.6271],[-133.5289,57.7509],[-133.5523,57.7923],[-133.552,57.9151],[-133.1241,57.8571],[-133.2063,57.8947],[-133.5543,57.9294],[-133.5846,57.9108],[-133.5926,57.8579],[-133.6346,57.8878],[-133.6346,57.8052],[-133.6864,57.7907],[-133.8612,57.9567],[-133.7749,57.9888],[-133.6914,57.942],[-133.6976,57.99],[-133.6693,58.0175],[-133.7555,58.0301],[-133.765,58.0622],[-133.6982,58.116],[-133.7172,58.1348],[-133.6824,58.1553],[-133.7581,58.1348],[-133.7486,58.1061],[-133.8101,58.0447],[-133.7991,58.0114],[-133.8644,57.987],[-133.9294,57.9902],[-134.0109,58.0429],[-134.0234,58.0714],[-134.0597,58.0722],[-134.0728,58.1132],[-134.0455,58.1274],[-134.0802,58.1553],[-134.0864,58.1963],[-134.057,58.24],[-134.0666,58.2851],[-133.9824,58.3156],[-134.0045,58.4086],[-133.9518,58.4328],[-133.9201,58.4975],[-133.7718,58.5246],[-133.9766,58.5048],[-133.9747,58.4499],[-134.0728,58.4222],[-134.0518,58.4084],[-134.0529,58.3673],[-134.1417,58.3056],[-134.1471,58.285],[-134.1007,58.2478],[-134.1579,58.2043],[-134.2416,58.2143],[-134.498,58.3539],[-134.6112,58.3676],[-134.6302,58.3515],[-134.6544,58.3864],[-134.7562,58.3815],[-134.7829,58.4931],[-134.875,58.5531],[-134.9914,58.6829],[-134.9157,58.6556],[-134.9504,58.8201],[-134.9982,58.8201],[-135.026,58.7932],[-135.0255,58.7375],[-135.149,58.8437],[-135.1286,58.8952],[-135.1561,58.9228],[-135.1669,58.9908],[-135.2037,59.0324],[-135.2296,59.1259],[-135.3618,59.2708],[-135.3675,59.3129],[-135.3317,59.4516],[-135.3483,59.4706],[-135.4144,59.3006],[-135.5538,59.3198],[-135.482,59.2951],[-135.4228,59.2379],[-135.3595,59.2138],[-135.3074,59.087],[-135.3784,59.1242],[-135.3955,59.1832],[-135.4233,59.2051],[-135.5196,59.2365],[-135.5538,59.2304],[-135.375,59.087],[-135.3858,58.9543],[-135.321,58.9157],[-135.3306,58.8778],[-135.231,58.7717],[-135.2406,58.7302],[-135.1627,58.6345],[-135.2262,58.6123],[-135.1422,58.511],[-135.0573,58.3515],[-135.057,58.2988],[-135.0933,58.2952],[-135.0938,58.2373],[-135.1731,58.2189],[-135.3505,58.2768],[-135.4849,58.484],[-135.5142,58.4655],[-135.4644,58.4117],[-135.4631,58.3781],[-135.478,58.3738],[-135.6275,58.4263],[-135.9094,58.3813],[-135.8759,58.4632],[-135.9503,58.4632],[-135.848,58.47],[-135.8605,58.491],[-135.8453,58.5465],[-135.8896,58.5799],[-135.8207,58.6003],[-135.887,58.6125],[-135.9397,58.6813],[-135.9783,58.6966],[-135.9744,58.7291],[-136.0739,58.8126],[-135.9298,58.8815],[-135.9366,58.8641],[-135.9178,58.8633],[-135.7586,58.8884],[-135.773,58.9045],[-135.964,58.9225],[-135.9298,58.902],[-136.0138,58.8587],[-136.0465,58.861],[-136.0541,58.8884],[-136.0329,58.9225],[-136.0769,58.9465],[-136.1149,59.0256],[-136.1574,59.0376],[-136.1701,59.0324],[-136.1424,59.007],[-136.141,58.9548],[-136.2247,58.9225],[-136.1178,58.9333],[-136.0999,58.8537],[-136.1401,58.7822],[-136.2097,58.7508],[-136.3824,58.8065],[-136.2595,58.8263],[-136.4752,58.8366],[-136.5079,58.9044],[-136.4923,58.9709],[-136.5441,58.9574],[-136.5741,58.9157],[-136.712,59.0256],[-136.6083,58.9083],[-136.6335,58.8918],[-136.8414,58.9618],[-137.0461,59.069],[-137.063,59.0439],[-136.9293,58.9683],[-136.9037,58.9324],[-137.013,58.9225],[-137.1297,58.8263],[-136.9947,58.8934],[-136.8417,58.8825],[-136.8001,58.84],[-136.7392,58.8741],[-136.6431,58.8398],[-136.5876,58.8483],[-136.4848,58.7996],[-136.54,58.7717],[-136.6149,58.8254],[-136.6499,58.8201],[-136.5741,58.7791],[-136.6158,58.7717],[-136.5226,58.7477],[-136.5159,58.7024],[-136.4376,58.6693],[-136.491,58.7202],[-136.4919,58.7492],[-136.3839,58.7251],[-136.3426,58.6916],[-136.4567,58.6233],[-136.5257,58.614],[-136.4752,58.5929],[-136.4012,58.6257],[-136.3277,58.6003],[-136.3519,58.6385],[-136.3017,58.6292],[-136.293,58.6693],[-136.1832,58.614],[-136.211,58.6003],[-136.1776,58.5731],[-136.1282,58.5707],[-136.1223,58.5557],[-136.1627,58.5262],[-136.211,58.5246],[-136.1986,58.509],[-136.0825,58.5164],[-136.0843,58.4847],[-136.0623,58.4743],[-136.0267,58.3881],[-136.0573,58.3595],[-136.2728,58.313],[-136.2875,58.3182],[-136.2724,58.3596],[-136.3277,58.4086],[-136.3431,58.3762],[-136.5059,58.4427],[-136.5003,58.3851],[-136.5611,58.3738],[-136.4803,58.3469],[-136.4733,58.3854],[-136.4101,58.3793],[-136.3657,58.3524],[-136.3706,58.2995],[-136.6205,58.3539],[-136.6567,58.3397],[-136.5611,58.2578],[-136.5984,58.223],[-136.6648,58.2204],[-136.7114,58.2689],[-136.671,58.2851],[-136.6772,58.3056],[-136.7325,58.313],[-136.7619,58.2973],[-136.7882,58.3327],[-136.8491,58.3266],[-136.8274,58.3465],[-136.8605,58.3824],[-136.8758,58.3881],[-136.8901,58.3497],[-136.9475,58.4007],[-137.1123,58.395],[-137.6315,58.6062],[-137.452,58.6501],[-137.4381,58.6556],[-137.4577,58.6723],[-137.4954,58.6804],[-137.6706,58.6332],[-137.7047,58.6863],[-137.9261,58.7957],[-137.9242,58.8474],[-137.9844,58.92],[-138.2812,59.0624],[-138.2879,59.0808],[-138.3989,59.0833],[-138.4313,59.0938],[-138.3698,59.1013],[-138.4285,59.1112],[-138.5594,59.1062],[-138.61,59.128],[-138.5069,59.1247],[-138.4831,59.1652],[-138.4381,59.1832],[-138.4491,59.1916],[-138.6439,59.1668],[-138.6305,59.1422],[-138.9817,59.2748],[-139.2059,59.3198],[-139.1165,59.3129],[-139.2338,59.3477],[-139.2401,59.3812],[-139.2877,59.3721],[-139.3037,59.3505],[-139.4463,59.3876],[-139.5076,59.416],[-139.3892,59.3823],[-139.3226,59.3955],[-139.4631,59.4124],[-139.857,59.5463],[-139.7335,59.5525],[-139.7403,59.5668],[-139.6789,59.5947],[-139.6449,59.5727],[-139.4801,59.7044],[-139.4734,59.7176],[-139.5621,59.7724],[-139.6211,59.8903],[-139.4732,59.9936],[-139.3052,59.8647],[-139.3431,59.7865],[-139.342,59.7204],[-139.3114,59.7054],[-139.2673,59.6214],[-139.3431,59.6009],[-139.2899,59.5762],[-139.2598,59.579],[-139.2264,59.6214],[-139.2673,59.6661],[-139.2689,59.7151],[-139.2922,59.7426],[-139.2633,59.7858],[-139.2804,59.8337],[-139.0364,59.8469],[-138.9453,59.8071],[-138.8974,59.8132],[-139.0283,59.8615],[-139.239,59.8783],[-139.3553,59.9494],[-139.3902,59.9914],[-139.5209,60.0515],[-139.5799,60.0073],[-139.5848,59.9551],[-139.706,59.9218],[-139.849,59.8194],[-140.3227,59.7012],[-140.7627,59.7283],[-141.454,59.8821],[-141.4576,59.9167],[-141.4124,59.9299],[-141.454,59.9025],[-141.4132,59.9],[-141.2673,59.9556],[-141.2679,60.029],[-141.31,60.0665],[-141.2821,60.0665],[-141.3795,60.1139],[-141.3777,60.1422],[-141.4747,60.1261],[-141.4776,60.1111],[-141.4551,60.0784],[-141.3994,60.0528],[-141.3929,60.022],[-141.6735,59.9611],[-141.9691,60.0281],[-142.7985,60.1124],[-143.1958,60.0677],[-143.6096,60.0495],[-143.9186,59.997],[-144.0424,60.028],[-144.2496,60.0323],[-144.0026,60.0397],[-144.0508,60.0797],[-144.2526,60.1546],[-144.1905,60.1866],[-144.1964,60.2056],[-144.2466,60.1889],[-144.3868,60.1968],[-144.3731,60.1837],[-144.4486,60.1763],[-144.4788,60.1867],[-144.4907,60.2163],[-144.5711,60.1906],[-144.6884,60.2247],[-144.64,60.2172],[-144.6605,60.2452],[-144.7699,60.3027],[-144.9053,60.2932],[-144.9416,60.3066],[-144.887,60.355],[-144.9125,60.387],[-144.838,60.4022],[-144.8607,60.4185],[-144.7908,60.4649],[-144.7984,60.4992],[-144.8532,60.4699],[-144.887,60.4854],[-144.8318,60.5258],[-144.8161,60.595],[-144.7561,60.6431],[-144.7606,60.6728],[-144.6612,60.6601],[-144.6179,60.6804],[-144.6228,60.717],[-144.7561,60.684],[-144.8033,60.6353],[-144.8559,60.6221],[-144.8932,60.5673],[-145.0195,60.5264],[-145.114,60.4294],[-145.2695,60.3571],[-145.4027,60.3663],[-145.5726,60.4511],[-145.9388,60.4561],[-145.9416,60.4711],[-145.7718,60.5424],[-145.6291,60.6527],[-145.629,60.6791],[-145.8446,60.621],[-145.8802,60.6287],[-145.805,60.6629],[-145.8802,60.6629],[-145.8392,60.6977],[-145.9047,60.6736],[-145.9258,60.6452],[-146.0037,60.6356],[-145.9143,60.7039],[-145.9388,60.7082],[-146.2388,60.6347],[-146.2613,60.6626],[-146.0703,60.7307],[-146.0531,60.7526],[-146.0261,60.7448],[-146.0434,60.801],[-146.1409,60.7448],[-146.1822,60.744],[-146.1613,60.7665],[-146.2086,60.7607],[-146.264,60.725],[-146.3121,60.7448],[-146.2842,60.7796],[-146.3525,60.7337],[-146.4823,60.687],[-146.6442,60.6977],[-146.6957,60.7448],[-146.6274,60.7311],[-146.607,60.7665],[-146.5067,60.7444],[-146.4915,60.7609],[-146.5381,60.7728],[-146.5157,60.7801],[-146.4266,60.7749],[-146.1955,60.8205],[-146.2375,60.841],[-146.2261,60.8504],[-146.0931,60.841],[-146.2235,60.8926],[-146.3583,60.8223],[-146.4015,60.8205],[-146.3873,60.8479],[-146.5115,60.8186],[-146.5586,60.8274],[-146.5668,60.8537],[-146.6283,60.8273],[-146.6114,60.8771],[-146.6835,60.8798],[-146.7354,60.9239],[-146.7532,60.9643],[-146.5858,60.9447],[-146.6998,60.9769],[-146.6622,61.0403],[-146.5705,61.0307],[-146.5654,61.0465],[-146.6479,61.0738],[-146.2838,61.0814],[-146.2364,61.0943],[-146.278,61.1227],[-146.432,61.1395],[-146.6094,61.1308],[-146.8155,61.0318],[-146.8909,60.9721],[-146.9767,60.9458],[-147.0316,60.9577],[-146.9838,61.0056],[-147.0588,60.9782],[-147.0472,61.0098],[-147.1007,61.0153],[-147.1483,60.9919],[-147.1459,60.9543],[-147.1653,60.9509],[-147.1991,60.962],[-147.2051,61.0146],[-147.2643,60.9919],[-147.2879,61.007],[-147.2573,60.9379],[-147.3127,60.9304],[-147.3646,60.8913],[-147.383,60.914],[-147.4499,60.9025],[-147.381,60.9857],[-147.4496,60.9577],[-147.4517,60.9837],[-147.4226,61.0124],[-147.4689,61.0005],[-147.5227,60.9075],[-147.5421,60.9133],[-147.5325,61.0539],[-147.484,61.0738],[-147.5273,61.1247],[-147.5113,61.1496],[-147.5611,61.1559],[-147.5788,61.1363],[-147.5597,61.1116],[-147.5819,61.0592],[-147.6653,61.0146],[-147.6074,61.0034],[-147.6342,60.9748],[-147.6038,60.9612],[-147.599,60.8691],[-147.682,60.8647],[-147.6661,60.9005],[-147.7305,60.8895],[-147.7031,60.9447],[-147.7277,60.9476],[-147.7886,60.9267],[-147.7701,60.9114],[-147.813,60.8758],[-147.7514,60.845],[-147.7956,60.8274],[-147.8861,60.8452],[-147.9308,60.9042],[-148.0504,60.9501],[-147.9569,61.0124],[-147.9154,61.0676],[-147.9359,61.0738],[-147.9181,61.0943],[-147.7021,61.2132],[-147.7106,61.2321],[-147.7652,61.2185],[-147.7134,61.2731],[-147.7305,61.2799],[-147.9087,61.1601],[-148.0494,61.0266],[-148.0863,61.0314],[-148.1488,61.0943],[-148.1459,61.1179],[-148.4095,61.0601],[-148.3611,61.0465],[-148.4498,60.9993],[-148.4103,60.9864],[-148.2277,61.071],[-148.1488,61.0601],[-148.2071,60.9819],[-148.2519,60.9547],[-148.3331,60.9714],[-148.2812,60.9206],[-148.3065,60.8957],[-148.3072,60.8527],[-148.3958,60.8616],[-148.3329,60.8194],[-148.5234,60.8404],[-148.7037,60.7927],[-148.5665,60.8131],[-148.4498,60.8001],[-148.6112,60.7629],[-148.7037,60.684],[-148.6675,60.6745],[-148.5896,60.7047],[-148.5789,60.7358],[-148.5295,60.757],[-148.3747,60.7796],[-148.3884,60.7665],[-148.3611,60.7448],[-148.402,60.725],[-148.3951,60.6895],[-148.4345,60.6674],[-148.4299,60.6287],[-148.3474,60.6766],[-148.3084,60.7346],[-148.2307,60.7728],[-148.255,60.7186],[-148.1966,60.6287],[-148.337,60.5406],[-148.3635,60.5623],[-148.4165,60.5592],[-148.4397,60.5871],[-148.4885,60.5822],[-148.6559,60.4984],[-148.6899,60.4572],[-148.6515,60.4572],[-148.4702,60.5462],[-148.3679,60.5189],[-148.3815,60.5058],[-148.3415,60.5067],[-148.3484,60.4807],[-148.2766,60.4949],[-148.2638,60.4511],[-148.2375,60.4575],[-148.2236,60.4783],[-148.2341,60.5224],[-148.1846,60.5578],[-148.1737,60.54],[-148.1898,60.5058],[-148.1664,60.5016],[-148.1413,60.5804],[-148.0836,60.6049],[-148.0458,60.5742],[-148.0668,60.5394],[-148.0118,60.5478],[-147.9598,60.5128],[-147.9623,60.4919],[-147.9979,60.478],[-147.9847,60.4622],[-147.9359,60.4612],[-147.9419,60.4431],[-147.9979,60.437],[-147.9954,60.4215],[-148.0369,60.4043],[-148.1823,60.4165],[-148.1351,60.3793],[-148.1424,60.3552],[-148.2546,60.379],[-148.2598,60.3485],[-148.217,60.3476],[-148.2152,60.3219],[-148.2409,60.2977],[-148.33,60.2589],[-148.3611,60.2862],[-148.3909,60.2774],[-148.3675,60.2539],[-148.3708,60.2285],[-148.443,60.1837],[-148.3434,60.2033],[-148.2258,60.2604],[-148.1898,60.2452],[-148.2648,60.2322],[-148.1898,60.2111],[-148.2102,60.1558],[-148.1413,60.2322],[-148.1003,60.2209],[-148.1888,60.1348],[-148.2786,60.1273],[-148.2986,60.1365],[-148.286,60.1627],[-148.3331,60.1701],[-148.3879,60.0585],[-148.443,60.0323],[-148.402,60.0155],[-148.4354,59.9593],[-148.546,60.0323],[-148.5355,59.997],[-148.5665,59.9777],[-148.5478,59.9696],[-148.6456,59.9232],[-148.6658,59.9311],[-148.6496,59.951],[-148.6652,59.9558],[-148.7589,59.9641],[-148.875,59.9373],[-148.9507,59.9777],[-149.1069,59.969],[-149.1214,59.9914],[-149.0388,60.0528],[-149.1031,60.0581],[-149.2002,60.0084],[-149.2445,59.9261],[-149.2313,59.9156],[-149.2859,59.8747],[-149.2995,59.9743],[-149.3275,59.9975],[-149.2933,60.0118],[-149.3411,60.0224],[-149.3629,60.1113],[-149.4087,60.1237],[-149.4299,60.1148],[-149.4444,60.0629],[-149.3889,59.9975],[-149.4442,59.9777],[-149.4578,59.9373],[-149.5124,59.9373],[-149.5637,59.9094],[-149.6279,59.8283],[-149.5807,59.7865],[-149.5397,59.7865],[-149.5483,59.759],[-149.5267,59.7176],[-149.6359,59.7449],[-149.595,59.7722],[-149.6496,59.7865],[-149.645,59.8019],[-149.672,59.8171],[-149.6422,59.8855],[-149.6501,59.9123],[-149.7247,59.9641],[-149.7659,59.8397],[-149.8681,59.848],[-149.7691,59.7865],[-149.7461,59.6672],[-149.7899,59.6732],[-149.814,59.693],[-149.8072,59.7176],[-149.9199,59.779],[-150.0317,59.7993],[-150.0406,59.7756],[-149.9165,59.7176],[-150.0127,59.6282],[-150.0605,59.6767],[-150.1193,59.7003],[-150.0931,59.6621],[-150.1071,59.6149],[-150.0878,59.5947],[-150.1356,59.573],[-150.1984,59.587],[-150.1772,59.532],[-150.2369,59.5338],[-150.2568,59.5261],[-150.2455,59.4979],[-150.348,59.47],[-150.3895,59.4774],[-150.3615,59.4848],[-150.3832,59.4979],[-150.3348,59.5184],[-150.3575,59.5257],[-150.3553,59.5463],[-150.3035,59.5699],[-150.2244,59.7154],[-150.2788,59.6921],[-150.4795,59.4674],[-150.5533,59.5357],[-150.4925,59.6009],[-150.657,59.5525],[-150.5812,59.4979],[-150.5805,59.4819],[-150.6365,59.4631],[-150.6093,59.4387],[-150.7286,59.4222],[-150.7546,59.3824],[-150.9177,59.3266],[-150.892,59.2575],[-150.9659,59.2344],[-150.9586,59.2037],[-151.0115,59.2416],[-150.998,59.2726],[-151.0426,59.2972],[-151.0925,59.2851],[-151.2435,59.3184],[-151.2733,59.3129],[-151.2576,59.2984],[-151.0994,59.249],[-151.1027,59.2247],[-151.1463,59.2095],[-151.2944,59.2242],[-151.4096,59.2601],[-151.5198,59.2242],[-151.4726,59.2167],[-151.4891,59.1997],[-151.6013,59.2017],[-151.616,59.1894],[-151.5681,59.1758],[-151.6828,59.163],[-151.7415,59.1671],[-151.7668,59.1931],[-151.7634,59.2242],[-151.8931,59.2206],[-151.9108,59.2379],[-151.8867,59.2416],[-151.8971,59.2583],[-151.9867,59.2928],[-151.9764,59.3254],[-151.925,59.3539],[-151.8152,59.3539],[-151.9002,59.3989],[-151.894,59.4128],[-151.7183,59.4509],[-151.6518,59.4859],[-151.4682,59.4781],[-151.3822,59.4448],[-151.39,59.4738],[-151.4515,59.5081],[-151.4415,59.5322],[-151.3627,59.56],[-151.2733,59.56],[-151.2589,59.5961],[-151.1741,59.6001],[-151.2014,59.6412],[-150.9928,59.779],[-151.0235,59.7956],[-151.1091,59.7865],[-151.431,59.6662],[-151.4726,59.6357],[-151.4105,59.6077],[-151.7808,59.6922],[-151.8718,59.7495],[-151.8829,59.7865],[-151.725,60.0249],[-151.4296,60.2164],[-151.4033,60.2524],[-151.3902,60.3594],[-151.306,60.3869],[-151.2828,60.5371],[-151.4117,60.7021],[-151.3969,60.738],[-151.3238,60.7391],[-151.253,60.7753],[-151.0715,60.7853],[-150.7633,60.9267],[-150.387,61.0473],[-150.3348,61.0329],[-150.2939,60.9673],[-150.2253,60.9372],[-150.0438,60.9168],[-149.8502,60.9739],[-149.7529,60.9738],[-149.6387,60.9396],[-149.1261,60.8836],[-149.0258,60.8547],[-149.0609,60.8973],[-149.1693,60.947],[-149.3579,60.9338],[-149.4837,60.9824],[-149.618,60.9946],[-149.7832,61.0454],[-150.0673,61.1557],[-150.0156,61.2064],[-149.9759,61.1985],[-149.896,61.2321],[-149.8107,61.3314],[-149.7306,61.3519],[-149.6834,61.3994],[-149.2611,61.4866],[-149.2456,61.499],[-149.2786,61.5065],[-149.4169,61.499],[-149.4032,61.5058],[-149.4282,61.5132],[-149.6487,61.4882],[-149.7574,61.4534],[-149.8974,61.3713],[-149.9389,61.2712],[-149.9838,61.2463],[-150.2805,61.26],[-150.3144,61.2816],[-150.3346,61.2509],[-150.4996,61.2617],[-150.5417,61.2866],[-150.5607,61.3237],[-150.5403,61.3693],[-150.6005,61.3324],[-150.5849,61.2946],[-150.657,61.314],[-150.7309,61.254],[-151.0399,61.1774],[-151.1771,61.0539],[-151.3624,61.0124],[-151.4761,61.017],[-151.5668,60.9945],[-151.6812,60.9287],[-151.7469,60.9168],[-151.8077,60.8479],[-151.7114,60.7257],[-151.7797,60.7241],[-151.8698,60.7591],[-151.8624,60.7387],[-152.0514,60.6732],[-152.1094,60.6083],[-152.2329,60.5599],[-152.3296,60.4925],[-152.3359,60.437],[-152.2459,60.396],[-152.3681,60.3579],[-152.416,60.2978],[-152.5126,60.2746],[-152.5963,60.2285],[-152.6717,60.2452],[-152.8055,60.2351],[-152.8498,60.2452],[-152.7878,60.2589],[-152.8395,60.2684],[-152.8908,60.2514],[-152.9056,60.3085],[-152.9386,60.3135],[-153.0826,60.2998],[-153.1036,60.2771],[-153.038,60.2994],[-152.9566,60.2939],[-152.9318,60.2787],[-152.9227,60.2372],[-152.6984,60.1701],[-152.6766,60.1579],[-152.6778,60.1334],[-152.5786,60.0812],[-152.598,60.0427],[-152.6301,60.0323],[-152.6171,60.0193],[-152.6779,59.9845],[-152.7189,59.9156],[-152.8567,59.8821],[-153.0212,59.8889],[-153.2434,59.8625],[-153.2881,59.82],[-153.0593,59.8336],[-153.0139,59.8323],[-153.0001,59.8132],[-153.0553,59.7101],[-153.2366,59.6479],[-153.2881,59.6828],[-153.316,59.6721],[-153.301,59.6524],[-153.329,59.6357],[-153.4252,59.6494],[-153.359,59.7208],[-153.3222,59.7176],[-153.4526,59.7927],[-153.4454,59.7168],[-153.4907,59.6501],[-153.559,59.6357],[-153.6108,59.6828],[-153.5965,59.6972],[-153.6227,59.6952],[-153.6239,59.6555],[-153.7064,59.632],[-153.566,59.6093],[-153.5864,59.5675],[-153.8771,59.5463],[-153.8115,59.5383],[-153.7411,59.4977],[-153.7247,59.4661],[-153.7515,59.4403],[-153.8966,59.4322],[-153.946,59.4023],[-154.1453,59.3812],[-154.0662,59.3483],[-153.9945,59.3749],[-153.9534,59.3613],[-154.1278,59.2942],[-154.1499,59.2353],[-154.1235,59.2242],[-154.1308,59.2082],[-154.1862,59.2037],[-154.1794,59.1835],[-154.2477,59.1689],[-154.2203,59.1614],[-154.2613,59.1484],[-154.2529,59.1305],[-154.1773,59.1298],[-154.1998,59.0559],[-154.1651,59.0256],[-154.0826,59.0733],[-154.022,59.0839],[-153.8948,59.0656],[-153.7115,59.0707],[-153.5609,58.9907],[-153.4974,59.0035],[-153.4272,58.9812],[-153.3807,58.9407],[-153.3316,58.9338],[-153.3226,58.8945],[-153.2949,58.8884],[-153.3631,58.8741],[-153.2708,58.8714],[-153.2642,58.8574],[-153.3631,58.8474],[-153.4247,58.7444],[-153.5761,58.6909],[-153.6088,58.6444],[-153.6907,58.6216],[-153.8994,58.6167],[-153.9309,58.5356],[-153.9733,58.532],[-153.9255,58.5185],[-153.9424,58.5029],[-154.0817,58.4952],[-154.1105,58.4775],[-154.0692,58.4099],[-154.0207,58.4043],[-154.0043,58.3813],[-154.1901,58.3607],[-154.2067,58.3397],[-154.3644,58.2851],[-154.3531,58.2554],[-154.1714,58.3218],[-154.1213,58.2797],[-154.2477,58.2578],[-154.1654,58.2394],[-154.1881,58.1982],[-154.3023,58.1963],[-154.2358,58.1553],[-154.2272,58.1411],[-154.2468,58.1264],[-154.337,58.1621],[-154.3491,58.1451],[-154.3296,58.1069],[-154.3528,58.0822],[-154.4941,58.2031],[-154.4604,58.1151],[-154.4698,58.0898],[-154.6108,58.1206],[-154.5456,58.0711],[-154.5831,58.025],[-154.6448,58.0355],[-154.6699,58.0723],[-154.7157,58.0589],[-154.7789,58.0051],[-154.8811,58.0312],[-155.0231,58.0256],[-155.0635,57.9624],[-155.1253,57.9567],[-155.0687,57.8974],[-155.1379,57.8731],[-155.2551,57.8803],[-155.2272,57.8421],[-155.337,57.8332],[-155.3097,57.7984],[-155.3581,57.7984],[-155.3121,57.7752],[-155.3103,57.7404],[-155.3944,57.7257],[-155.5748,57.7988],[-155.6051,57.7922],[-155.6386,57.7265],[-155.5908,57.6755],[-155.7714,57.6447],[-155.7342,57.6271],[-155.7416,57.5521],[-155.8057,57.5479],[-155.8315,57.5796],[-155.904,57.5565],[-155.9242,57.5314],[-156.0205,57.5768],[-156.034,57.5556],[-156.0154,57.5316],[-156.1047,57.5316],[-156.0427,57.5073],[-156.0222,57.4564],[-156.0607,57.4302],[-156.2146,57.4763],[-156.2388,57.437],[-156.3389,57.4154],[-156.4716,57.3398],[-156.5446,57.3227],[-156.5546,57.2817],[-156.392,57.3148],[-156.3443,57.3118],[-156.34,57.2853],[-156.3574,57.2521],[-156.4474,57.2299],[-156.3512,57.1883],[-156.3759,57.1433],[-156.4884,57.1138],[-156.4536,57.0865],[-156.4952,57.0996],[-156.5231,57.0458],[-156.6255,57.079],[-156.6255,57.0586],[-156.6454,57.0586],[-156.5498,56.9829],[-156.6783,57.0002],[-156.7244,57.0428],[-156.7848,57.0491],[-156.7931,57.0275],[-156.7634,56.992],[-156.8094,56.9067],[-156.8415,56.904],[-156.9045,56.9618],[-156.9613,56.9766],[-156.9409,56.9145],[-157.0402,56.8873],[-157.0917,56.8258],[-157.191,56.8497],[-157.1478,56.8151],[-157.1894,56.7763],[-157.4197,56.8674],[-157.4685,56.8289],[-157.4176,56.7968],[-157.4063,56.7637],[-157.5091,56.7637],[-157.5734,56.7166],[-157.6056,56.7222],[-157.5579,56.6855],[-157.4858,56.675],[-157.4552,56.6432],[-157.4827,56.6203],[-157.5838,56.6313],[-157.6647,56.6114],[-157.7729,56.6844],[-157.8616,56.6523],[-157.9134,56.6539],[-157.9655,56.6124],[-158.1052,56.5722],[-158.1276,56.5495],[-158.1332,56.5303],[-157.9636,56.57],[-157.869,56.569],[-157.8369,56.5165],[-157.8771,56.4782],[-158.1263,56.5167],[-158.1679,56.4969],[-158.1319,56.4962],[-158.1383,56.4655],[-158.2616,56.458],[-158.3387,56.4754],[-158.431,56.4381],[-158.5235,56.3659],[-158.51,56.3454],[-158.6098,56.3139],[-158.6464,56.2707],[-158.5372,56.2498],[-158.5605,56.2993],[-158.473,56.3428],[-158.4482,56.3405],[-158.4416,56.3119],[-158.4069,56.3188],[-158.4144,56.2982],[-158.3454,56.3256],[-158.2082,56.2839],[-158.2723,56.2465],[-158.4007,56.2362],[-158.4144,56.2021],[-158.3692,56.2175],[-158.3264,56.2004],[-158.3454,56.1815],[-158.3183,56.1747],[-158.1473,56.2458],[-158.1195,56.2362],[-158.2219,56.1815],[-158.352,56.1507],[-158.3597,56.1269],[-158.3824,56.1359],[-158.3933,56.1815],[-158.4097,56.1808],[-158.4144,56.1331],[-158.4416,56.1331],[-158.4076,56.0784],[-158.428,56.0648],[-158.4416,56.1064],[-158.5032,56.1016],[-158.4696,56.0717],[-158.4846,56.0429],[-158.4341,56.0429],[-158.4276,56.0065],[-158.4963,56.0375],[-158.5121,56.0229],[-158.4963,55.9966],[-158.5126,55.996],[-158.5714,56.0307],[-158.51,56.0581],[-158.5856,56.0407],[-158.6047,56.0523],[-158.5788,56.0717],[-158.6016,56.1006],[-158.4792,56.1915],[-158.6396,56.2021],[-158.5646,56.1679],[-158.6676,56.1126],[-158.6682,56.1459],[-158.7023,56.1474],[-158.6888,56.1256],[-158.7023,56.1064],[-158.6606,56.0924],[-158.6663,56.0617],[-158.7322,56.0454],[-158.6471,56.017],[-158.6575,55.9908],[-158.6881,55.9823],[-158.6676,55.9693],[-158.6829,55.9584],[-158.7638,55.9619],[-158.729,55.9761],[-158.7565,56.0079],[-158.801,55.9897],[-158.8594,56.0129],[-158.9283,55.9208],[-159.0063,55.9318],[-159.0238,55.9169],[-159.0102,55.8972],[-159.0276,55.8929],[-159.0993,55.9283],[-159.2667,55.8892],[-159.3187,55.8594],[-159.3559,55.8795],[-159.4006,55.8594],[-159.4217,55.7905],[-159.4757,55.8315],[-159.4696,55.9003],[-159.545,55.8896],[-159.5553,55.8657],[-159.5253,55.8366],[-159.5037,55.7669],[-159.5644,55.7043],[-159.5446,55.6949],[-159.5494,55.665],[-159.6199,55.6112],[-159.6265,55.5783],[-159.7211,55.5671],[-159.7432,55.572],[-159.6954,55.6055],[-159.7569,55.5987],[-159.7113,55.6193],[-159.6613,55.6055],[-159.617,55.6352],[-159.7097,55.6676],[-159.6334,55.7011],[-159.6818,55.7427],[-159.6252,55.8127],[-159.7019,55.8438],[-159.8458,55.8512],[-159.8568,55.7905],[-159.9046,55.783],[-159.9766,55.8184],[-159.9731,55.7775],[-160.0381,55.7973],[-160.0585,55.77],[-160.0336,55.7262],[-160.1002,55.7191],[-160.0654,55.7011],[-160.1108,55.7038],[-160.1554,55.7365],[-160.1337,55.6745],[-160.1641,55.6571],[-160.4421,55.6466],[-160.3664,55.6055],[-160.4564,55.5783],[-160.449,55.5503],[-160.4952,55.4862],[-160.5485,55.4891],[-160.5989,55.6061],[-160.6135,55.6055],[-160.6574,55.552],[-160.7681,55.5454],[-160.7643,55.5305],[-160.6754,55.5219],[-160.6619,55.5063],[-160.6834,55.4647],[-160.799,55.4479],[-160.8486,55.473],[-160.8405,55.5185],[-160.9246,55.5191],[-161.025,55.4274],[-161.2792,55.3549],[-161.3687,55.3854],[-161.5067,55.3638],[-161.5184,55.3834],[-161.4792,55.4849],[-161.3675,55.5783],[-161.2922,55.5373],[-161.1449,55.535],[-161.2612,55.5617],[-161.2919,55.5919],[-161.4082,55.6359],[-161.6208,55.613],[-161.6173,55.5937],[-161.7164,55.5131],[-161.6965,55.4926],[-161.7164,55.3933],[-161.8171,55.3168],[-161.9024,55.2178],[-161.9448,55.2156],[-161.9225,55.2294],[-161.9512,55.2372],[-162.046,55.2356],[-162.0157,55.1845],[-162.0323,55.1741],[-161.9566,55.1257],[-162.0013,55.0932],[-162.059,55.0786],[-162.128,55.103],[-162.1416,55.1195],[-162.1142,55.1257],[-162.1013,55.1679],[-162.2309,55.1127],[-162.2021,55.0399],[-162.2748,55.0196],[-162.3197,55.0711],[-162.3625,55.0366],[-162.4493,55.0403],[-162.5115,55.0786],[-162.5174,55.1147],[-162.3607,55.1053],[-162.48,55.1755],[-162.5574,55.267],[-162.6009,55.2704],[-162.5675,55.2922],[-162.6453,55.3],[-162.7067,55.2595],[-162.7183,55.2179],[-162.6141,55.1663],[-162.6,55.1371],[-162.6322,55.1367],[-162.6428,55.0711],[-162.6146,55.0786],[-162.5599,54.9612],[-162.6455,54.9984],[-162.663,55.0165],[-162.619,55.0157],[-162.6495,55.053],[-162.7238,54.9755],[-162.7166,54.9634],[-162.7528,54.9449],[-162.8776,54.939],[-162.9674,54.9923],[-162.9744,55.0095],[-162.9196,55.0199],[-162.98,55.0386],[-163.0411,55.0994],[-163.108,55.1127],[-163.1632,55.0991],[-163.108,55.1257],[-163.1831,55.1391],[-163.2002,55.1214],[-163.1905,55.0922],[-163.2384,55.1053],[-163.2313,55.081],[-163.2042,55.0786],[-163.2176,55.0454],[-163.2055,55.019],[-163.0673,54.9733],[-163.0499,54.9418],[-163.2314,54.8448],[-163.3414,54.8111],[-163.3898,54.8589],[-163.3271,54.8862],[-163.3209,54.9073],[-163.2799,54.9135],[-163.2968,54.9276],[-163.3453,54.9194],[-163.3476,54.9408],[-163.3292,54.9669],[-163.2814,54.9446],[-163.246,54.97],[-163.2821,54.9901],[-163.3251,55.0956],[-163.3135,55.1127],[-163.3345,55.1195],[-163.149,55.181],[-163.0247,55.2456],[-162.9913,55.2424],[-163.0517,55.2143],[-163.0765,55.1806],[-162.962,55.169],[-162.8337,55.2294],[-162.8887,55.2468],[-162.8964,55.2667],[-162.737,55.3109],[-162.6418,55.3803],[-162.5884,55.3461],[-162.4971,55.374],[-162.5043,55.4404],[-162.557,55.4469],[-162.6214,55.4069],[-162.6047,55.4299],[-162.227,55.6979],[-161.8,55.8897],[-161.1553,56.017],[-161.3675,55.9556],[-161.1242,55.9612],[-161.0533,55.9411],[-160.9324,55.9903],[-160.8741,55.9931],[-160.8605,55.9345],[-160.9793,55.9374],[-161.0234,55.8908],[-160.9836,55.867],[-160.9288,55.8799],[-160.9464,55.8253],[-160.799,55.7154],[-160.7681,55.7585],[-160.6896,55.6979],[-160.6619,55.7328],[-160.7567,55.7861],[-160.7993,55.8754],[-160.7845,55.8877],[-160.6887,55.8623],[-160.5122,55.8699],[-160.4796,55.8503],[-160.4602,55.7956],[-160.4012,55.811],[-160.3691,55.7868],[-160.2435,55.7768],[-160.3192,55.8253],[-160.2373,55.8383],[-160.251,55.8525],[-160.5207,55.9352],[-160.5663,55.9283],[-160.5391,55.9846],[-160.5799,55.9897],[-160.4626,56.1126],[-160.4556,56.1723],[-160.3687,56.2768],[-160.2373,56.3392],[-160.1887,56.3869],[-160.017,56.4454],[-159.7457,56.5793],[-159.4831,56.647],[-159.5589,56.6203],[-159.4564,56.6293],[-159.2888,56.6921],[-159.2089,56.6955],[-159.2634,56.7086],[-159.1997,56.7517],[-159.0864,56.7858],[-158.8892,56.8896],[-159.0251,56.8167],[-159.0107,56.7888],[-158.9761,56.7849],[-158.9711,56.8275],[-158.945,56.8429],[-158.8489,56.7894],[-158.7808,56.7775],[-158.6986,56.7911],[-158.6396,56.7637],[-158.6528,56.8362],[-158.6891,56.8845],[-158.6821,57.022],[-158.6079,57.101],[-158.3124,57.3149],[-158.1827,57.362],[-158.0581,57.3671],[-158.0991,57.3808],[-157.9613,57.4842],[-157.7578,57.5643],[-157.6807,57.5725],[-157.6916,57.5579],[-157.6567,57.4836],[-157.5094,57.4763],[-157.5162,57.4626],[-157.4138,57.4899],[-157.3951,57.5128],[-157.4274,57.5316],[-157.3921,57.5663],[-157.4548,57.5521],[-157.4138,57.4975],[-157.5139,57.5098],[-157.5954,57.4932],[-157.6022,57.624],[-157.639,57.6404],[-157.6261,57.6135],[-157.6719,57.6181],[-157.7099,57.6525],[-157.7088,57.7299],[-157.6446,57.8782],[-157.6055,58.1052],[-157.5435,58.1758],[-157.4517,58.1688],[-157.3842,58.2071],[-157.1943,58.1939],[-157.1395,58.1684],[-157.1871,58.2049],[-157.3475,58.2392],[-157.4827,58.2304],[-157.5454,58.2736],[-157.5373,58.2919],[-157.5685,58.3207],[-157.5621,58.3637],[-157.5027,58.4637],[-157.4361,58.5216],[-157.3586,58.5464],[-157.2673,58.6203],[-157.1152,58.6997],[-156.9409,58.7375],[-157.0619,58.7262],[-157.078,58.7574],[-157.0023,58.84],[-157.0255,58.8635],[-156.9886,58.8952],[-156.9763,58.9535],[-156.8603,58.9939],[-156.8429,59.1032],[-156.7832,59.1552],[-156.8651,59.1112],[-156.8897,59.0125],[-157.0158,58.9741],[-157.0845,58.8867],[-157.4752,58.7996],[-157.5682,58.7479],[-157.9781,58.6475],[-158.2034,58.613],[-158.3159,58.6466],[-158.3454,58.6829],[-158.3453,58.7241],[-158.3802,58.7574],[-158.5577,58.8065],[-158.5657,58.8306],[-158.4888,58.9225],[-158.4993,58.9488],[-158.4211,58.9771],[-158.4416,58.9982],[-158.4975,58.994],[-158.3833,59.0386],[-158.1728,59.013],[-158.0786,58.9567],[-158.0643,58.9083],[-158.0301,58.8791],[-157.9954,58.9083],[-158.0413,58.9114],[-158.0342,58.9428],[-158.0523,58.9713],[-158.1402,59.0362],[-158.2338,59.0392],[-158.4416,59.087],[-158.5441,59.1758],[-158.5475,59.1448],[-158.4573,59.0759],[-158.4621,59.0528],[-158.5212,59.0373],[-158.609,58.9332],[-158.7295,58.8736],[-158.7534,58.8904],[-158.729,58.9287],[-158.7905,58.9634],[-158.7397,58.9799],[-158.7464,58.9948],[-158.8253,58.9771],[-158.77,58.9111],[-158.788,58.7698],[-158.828,58.7363],[-158.8913,58.7434],[-158.8901,58.7636],[-158.8043,58.7947],[-158.8271,58.8194],[-158.8732,58.8132],[-158.8873,58.7996],[-158.8614,58.7995],[-158.9146,58.7754],[-158.8894,58.7063],[-158.7727,58.5588],[-158.77,58.5185],[-158.7087,58.4923],[-158.7598,58.4471],[-158.8253,58.429],[-158.7973,58.4222],[-158.8297,58.4048],[-158.8817,58.3996],[-159.0513,58.4247],[-159.0716,58.4427],[-159.0307,58.4564],[-159.0747,58.4587],[-159.0785,58.4911],[-159.1146,58.4901],[-159.151,58.5188],[-159.385,58.7558],[-159.4827,58.8161],[-159.5515,58.8474],[-159.5941,58.8317],[-159.6609,58.8394],[-159.5869,58.9075],[-159.6175,58.9313],[-159.7381,58.9282],[-159.7252,58.9104],[-159.7682,58.8655],[-159.7433,58.8545],[-159.7529,58.8408],[-159.7985,58.8498],[-159.7949,58.8003],[-159.9061,58.7654],[-159.9902,58.84],[-159.9971,58.8741],[-160.1531,58.8613],[-160.1522,58.9161],[-160.2464,58.8869],[-160.2567,58.9462],[-160.3289,58.9414],[-160.3173,58.9652],[-160.2551,58.9903],[-160.3347,59.0538],[-160.3254,59.0666],[-160.3522,59.0707],[-160.7685,58.8964],[-160.8337,58.8125],[-160.8294,58.8526],[-160.8886,58.8841],[-160.9614,58.8732],[-161.1797,58.7827],[-161.272,58.7871],[-161.2912,58.7926],[-161.2714,58.8201],[-161.3061,58.8126],[-161.3107,58.7886],[-161.263,58.7767],[-161.3575,58.7262],[-161.3762,58.6868],[-161.3619,58.6685],[-161.3013,58.6818],[-161.4883,58.6404],[-161.5624,58.602],[-161.6656,58.5908],[-161.7075,58.5612],[-161.7648,58.5594],[-161.7102,58.614],[-161.7651,58.6451],[-161.7629,58.591],[-161.7977,58.6232],[-162.0772,58.6209],[-162.1761,58.6449],[-162.046,58.6829],[-161.8911,58.6537],[-161.8428,58.6916],[-161.8654,58.7163],[-161.7862,58.7587],[-161.7174,58.7548],[-161.6774,58.7735],[-161.6556,58.8065],[-161.6848,58.8186],[-161.7335,58.8079],[-161.7747,58.7705],[-161.7586,58.8263],[-161.7855,58.8776],[-161.7949,58.9745],[-161.8558,59.0338],[-161.8221,59.0444],[-161.7986,59.0175],[-161.7252,59.0351],[-161.5692,59.1151],[-161.6379,59.1422],[-161.7231,59.1158],[-161.8405,59.1206],[-161.8884,59.0944],[-161.8474,59.0666],[-161.8965,59.0754],[-161.9741,59.1314],[-162.0429,59.2484],[-162.0437,59.2658],[-162.009,59.2375],[-161.9831,59.2537],[-161.9709,59.3539],[-161.9466,59.3878],[-161.9051,59.3955],[-161.8675,59.4331],[-161.8474,59.4222],[-161.8016,59.4792],[-161.7557,59.4726],[-161.7139,59.5014],[-161.8592,59.6281],[-161.8896,59.7062],[-162.0818,59.8779],[-162.1088,59.9652],[-162.1581,59.9765],[-162.2098,60.0255],[-162.2401,60.0898],[-162.2036,60.1533],[-162.2514,60.2014],[-162.1616,60.2164],[-162.149,60.2452],[-162.2036,60.2452],[-162.181,60.2231],[-162.2489,60.2147],[-162.2902,60.2425],[-162.2999,60.2172],[-162.2845,60.197],[-162.3001,60.1805],[-162.2577,60.1738],[-162.2287,60.1456],[-162.3172,60.1131],[-162.3749,60.1763],[-162.3476,60.1906],[-162.3417,60.219],[-162.4586,60.2951],[-162.3905,60.3295],[-162.3031,60.4709],[-162.2275,60.509],[-162.2241,60.5878],[-162.0614,60.651],[-161.9671,60.6457],[-161.943,60.6697],[-161.9634,60.6766],[-161.8815,60.7039],[-161.9106,60.7137],[-162.0723,60.6652],[-162.0944,60.6697],[-162.0882,60.6869],[-162.1151,60.7128],[-162.1832,60.7311],[-162.1217,60.694],[-162.1234,60.6589],[-162.2763,60.6129],[-162.3061,60.5332],[-162.3824,60.437],[-162.4412,60.4234],[-162.416,60.3824],[-162.4648,60.3724],[-162.4643,60.396],[-162.5125,60.3549],[-162.6083,60.3339],[-162.5668,60.3135],[-162.6009,60.3066],[-162.5537,60.2862],[-162.56,60.2611],[-162.7033,60.2657],[-162.5584,60.2375],[-162.4503,60.1911],[-162.4979,60.1182],[-162.4774,60.0528],[-162.5258,59.9975],[-162.6398,59.9814],[-162.7517,60.005],[-162.7528,59.9682],[-162.808,59.9426],[-163.0876,59.8591],[-163.3165,59.8303],[-163.6149,59.8008],[-163.8771,59.7995],[-164.0983,59.8337],[-164.187,59.8915],[-164.2123,59.955],[-164.0949,59.9777],[-164.1365,59.9914],[-164.1147,60.005],[-164.4127,60.0918],[-164.4883,60.1506],[-164.4853,60.1837],[-164.6438,60.2483],[-164.6771,60.3032],[-164.6492,60.3339],[-164.7535,60.2871],[-165.006,60.3467],[-165.1014,60.4067],[-165.1433,60.4506],[-165.024,60.469],[-164.9737,60.5204],[-164.9856,60.5468],[-165.2217,60.499],[-165.3697,60.5121],[-165.4312,60.553],[-165.3541,60.5884],[-165.2977,60.5831],[-164.9992,60.7114],[-164.9897,60.7297],[-165.0314,60.787],[-164.8749,60.8488],[-164.9423,60.8896],[-164.9582,60.9168],[-164.9374,60.9365],[-164.8348,60.8684],[-164.711,60.9172],[-164.6395,60.9133],[-164.6976,60.8547],[-164.6691,60.8258],[-164.4648,60.8205],[-164.2708,60.7879],[-164.2596,60.7421],[-164.2246,60.7311],[-164.2355,60.7126],[-164.2184,60.6902],[-164.32,60.6623],[-164.3413,60.6213],[-164.3868,60.6135],[-164.4443,60.5673],[-164.4204,60.5543],[-164.2593,60.6533],[-164.1351,60.6637],[-164.0843,60.7346],[-163.9556,60.7799],[-163.8657,60.777],[-163.8162,60.7551],[-163.8069,60.7349],[-163.8318,60.6838],[-163.8069,60.6697],[-163.8362,60.6396],[-163.8111,60.5939],[-163.6865,60.5897],[-163.4643,60.6766],[-163.4291,60.717],[-163.4717,60.7523],[-163.409,60.7523],[-163.5437,60.81],[-163.9304,60.8547],[-163.8089,60.8925],[-163.6976,60.8684],[-163.5784,60.8841],[-163.556,60.9],[-163.5636,60.9133],[-163.7564,60.9453],[-163.6697,60.9919],[-163.7041,60.9997],[-163.8,60.9782],[-163.796,60.9577],[-163.8867,60.928],[-163.9575,60.8681],[-164.0071,60.8622],[-164.3638,60.8721],[-164.5644,60.8547],[-164.6026,60.8758],[-164.5859,60.9101],[-164.628,60.9323],[-164.715,60.9372],[-164.7976,60.9025],[-164.8795,60.9574],[-164.9582,60.9509],[-165.0368,60.9168],[-165.1708,60.9416],[-165.1985,60.9782],[-165.1182,61.0133],[-164.9508,61.0198],[-164.9401,61.0838],[-164.8645,61.0798],[-164.7665,61.1086],[-164.9992,61.1147],[-165.004,61.0687],[-165.0587,61.0629],[-165.191,61.1365],[-165.1295,61.1566],[-165.1156,61.1906],[-165.0607,61.2185],[-165.1433,61.2594],[-165.0824,61.2185],[-165.1361,61.201],[-165.1568,61.1557],[-165.2115,61.1496],[-165.3697,61.2008],[-165.3627,61.2128],[-165.2933,61.2548],[-165.2127,61.2652],[-165.2084,61.3268],[-165.2599,61.3345],[-165.1578,61.3658],[-165.1774,61.3959],[-165.1588,61.4186],[-165.0762,61.4194],[-165.0477,61.437],[-165.0578,61.4517],[-164.9677,61.4896],[-164.8415,61.499],[-164.8415,61.5195],[-164.7477,61.5547],[-164.7528,61.5889],[-164.6907,61.6014],[-164.7241,61.6256],[-164.7665,61.6287],[-164.746,61.6088],[-164.7869,61.6014],[-164.8776,61.526],[-164.9909,61.5114],[-165.0399,61.4709],[-165.0858,61.4763],[-165.0792,61.4371],[-165.2047,61.4102],[-165.191,61.383],[-165.2941,61.3345],[-165.2289,61.3175],[-165.2258,61.2731],[-165.3129,61.2609],[-165.3902,61.2246],[-165.3996,61.1956],[-165.3464,61.1567],[-165.3766,61.1291],[-165.3737,61.0716],[-165.5472,61.0939],[-165.6051,61.1245],[-165.6435,61.2215],[-165.6422,61.2489],[-165.61,61.2526],[-165.628,61.2718],[-165.61,61.2873],[-165.8287,61.313],[-165.8768,61.3366],[-165.9183,61.4147],[-165.7801,61.458],[-165.777,61.5158],[-165.9239,61.5622],[-166.0857,61.5322],[-166.096,61.5195],[-166.0544,61.5058],[-166.1062,61.4985],[-166.1999,61.5945],[-166.1727,61.6946],[-166.1444,61.7255],[-166.154,61.6567],[-166.1164,61.6361],[-165.7664,61.6908],[-165.9247,61.7051],[-166.0034,61.7349],[-166.1028,61.8211],[-165.7931,61.8269],[-165.5882,61.8621],[-165.6893,61.9103],[-165.7504,61.9844],[-165.7595,62.0256],[-165.7056,62.1166],[-165.5946,62.1783],[-165.3446,62.366],[-165.2967,62.4213],[-165.133,62.5157],[-165.0557,62.5383],[-164.8679,62.538],[-164.849,62.5275],[-164.8674,62.5107],[-164.8481,62.4779],[-164.7357,62.4648],[-164.6907,62.4374],[-164.6088,62.4374],[-164.7336,62.3787],[-164.5819,62.4262],[-164.5865,62.4548],[-164.6771,62.4744],[-164.63,62.5132],[-164.7051,62.4791],[-164.7429,62.4964],[-164.8415,62.4927],[-164.7944,62.5337],[-164.858,62.5636],[-164.8347,62.5844],[-164.7047,62.6125],[-164.4791,62.7459],[-164.5398,62.7388],[-164.7403,62.6345],[-164.8132,62.6202],[-164.8433,62.7051],[-164.8832,62.7391],[-164.8627,62.7739],[-164.89,62.7869],[-164.7665,62.8012],[-164.8326,62.8089],[-164.8832,62.8415],[-164.8525,62.8558],[-164.8161,62.9272],[-164.7534,62.991],[-164.6907,63.0271],[-164.5282,63.0347],[-164.4785,63.0141],[-164.4512,63.0334],[-164.314,63.0141],[-164.3767,63.0705],[-164.5228,63.0883],[-164.5952,63.1301],[-164.4235,63.209],[-164.1454,63.2622],[-163.7292,63.2168],[-163.6466,63.1589],[-163.6434,63.1313],[-163.6635,63.1165],[-163.5418,63.1288],[-163.656,63.0604],[-163.7919,63.0219],[-163.8069,62.9862],[-163.6008,63.0681],[-163.5286,63.1167],[-163.4407,63.096],[-163.3505,63.0308],[-163.094,63.0574],[-162.8808,63.1409],[-162.8063,63.2195],[-162.6966,63.2292],[-162.5965,63.2767],[-162.4016,63.4312],[-162.28,63.4891],[-162.2726,63.5075],[-162.3094,63.5466],[-162.0996,63.519],[-162.0181,63.4858],[-162.1689,63.4312],[-161.6603,63.4696],[-161.4405,63.4602],[-161.1863,63.5056],[-161.0565,63.5744],[-161.0339,63.6101],[-160.9499,63.6367],[-160.8271,63.7135],[-160.7916,63.7465],[-160.767,63.8241],[-160.805,63.9045],[-160.9288,64.0482],[-160.9735,64.2505],[-161.2031,64.3641],[-161.1758,64.384],[-161.2578,64.4051],[-161.1888,64.4181],[-161.458,64.4317],[-161.5389,64.3976],[-161.4857,64.4571],[-161.4681,64.51],[-161.4139,64.5375],[-161.035,64.5078],[-161.0045,64.528],[-161.0859,64.5526],[-160.958,64.5588],[-160.834,64.6173],[-160.8032,64.6434],[-160.7916,64.7259],[-160.9014,64.8227],[-161.0444,64.8625],[-161.1553,64.9252],[-161.0662,64.9152],[-160.9908,64.9394],[-161.0201,64.9472],[-161.2106,64.9326],[-161.2071,64.9097],[-161.3076,64.872],[-161.3953,64.7868],[-161.5458,64.7509],[-161.7336,64.8207],[-161.8064,64.8227],[-161.7164,64.7949],[-161.8963,64.754],[-161.9498,64.7259],[-161.9318,64.7187],[-161.7996,64.7613],[-161.8955,64.7117],[-162.1217,64.7129],[-162.0665,64.6993],[-162.1774,64.6882],[-162.2702,64.6193],[-162.5112,64.5587],[-162.6072,64.5068],[-162.6426,64.3944],[-162.7813,64.3437],[-162.82,64.3703],[-162.8237,64.4215],[-162.8746,64.4597],[-162.8275,64.5006],[-162.9708,64.5559],[-163.0533,64.5559],[-163.0255,64.5695],[-163.1477,64.6271],[-163.149,64.6583],[-163.2425,64.6484],[-163.3898,64.5969],[-163.3135,64.5621],[-163.211,64.5559],[-163.1428,64.515],[-163.0397,64.5211],[-163.0465,64.4931],[-163.1146,64.461],[-163.135,64.4125],[-163.1659,64.4106],[-163.2247,64.4317],[-163.2998,64.4931],[-163.5366,64.5645],[-163.6785,64.5863],[-164.3891,64.5695],[-164.2662,64.5758],[-164.3419,64.59],[-164.6504,64.5023],[-164.746,64.4931],[-164.6566,64.5211],[-164.6917,64.5313],[-164.8074,64.5211],[-164.8857,64.4915],[-164.9099,64.4931],[-164.9082,64.524],[-164.9378,64.5347],[-164.9324,64.5128],[-164.9651,64.5075],[-164.8962,64.4727],[-164.9241,64.4597],[-164.7665,64.4802],[-164.8371,64.4552],[-165.0355,64.4483],[-165.4462,64.5119],[-166.1897,64.5852],[-166.3704,64.6378],[-166.4835,64.7296],[-166.4804,64.802],[-166.3861,64.8273],[-166.4102,64.8545],[-166.3902,64.8985],[-166.5048,64.9511],[-166.5273,64.9531],[-166.5152,64.9378],[-166.4448,64.8985],[-166.6845,64.9822],[-166.7001,64.994],[-166.6874,65.0228],[-166.7114,65.0437],[-166.8786,65.1027],[-166.9615,65.1544],[-166.9574,65.1781],[-166.927,65.2429],[-166.8802,65.282],[-166.8528,65.2779],[-166.9321,65.1689],[-166.7126,65.1129],[-166.5342,65.1374],[-166.4692,65.1893],[-166.4887,65.2343],[-166.3713,65.2725],[-166.0906,65.231],[-166.0312,65.2431],[-166.1404,65.2857],[-166.3738,65.3053],[-166.5028,65.3362],[-166.9383,65.3851],[-166.6499,65.3268],[-167.0005,65.3781],[-167.3986,65.4011],[-167.6043,65.4534],[-167.7221,65.5047],[-168.0524,65.58],[-168.0903,65.5967],[-168.1374,65.665],[-168.0716,65.7071],[-167.8821,65.7554],[-167.8668,65.749],[-167.8779,65.7385],[-168.0567,65.6772],[-168.0629,65.6514],[-168.0399,65.6359],[-167.8561,65.6835],[-167.8227,65.7203],[-167.5312,65.7261],[-167.5006,65.7408],[-167.4966,65.7654],[-167.5592,65.7787],[-167.5764,65.7925],[-167.561,65.8089],[-167.4528,65.8097],[-167.5211,65.8301],[-167.3459,65.8986],[-167.2883,65.9052],[-167.1829,65.8582],[-167.0599,65.8776],[-166.8768,65.9468],[-166.973,65.9742],[-166.8358,66.0151],[-166.8768,65.9878],[-166.7949,65.9878],[-166.8154,66.0076],[-166.725,66.0613],[-166.3109,66.1754],[-166.1385,66.1667],[-166.0892,66.1523],[-166.1643,66.1523],[-166.0937,66.1253],[-165.755,66.1053],[-165.5001,66.1523],[-165.7109,66.2126],[-165.874,66.2256],[-165.89,66.241],[-165.8729,66.2634],[-165.7664,66.3236],[-165.3057,66.437],[-165.1052,66.4453],[-165.0334,66.3993],[-165.0266,66.4225],[-164.9582,66.4403],[-164.9447,66.467],[-164.7313,66.5327],[-164.7181,66.5563],[-164.2744,66.6023],[-163.7363,66.6035],[-163.6287,66.57],[-163.9301,66.5858],[-163.8069,66.57],[-163.7624,66.5258],[-163.7665,66.4854],[-163.8642,66.4365],[-163.8956,66.3993],[-163.8956,66.3372],[-163.8547,66.2895],[-163.965,66.233],[-164.1911,66.1933],[-163.9857,66.2069],[-163.9775,66.1835],[-163.9175,66.2107],[-163.855,66.1337],[-163.7591,66.0902],[-163.6805,66.0786],[-163.3544,66.0976],[-163.2864,66.0759],[-163.1217,66.0704],[-162.9477,66.1035],[-162.7585,66.1113],[-162.6829,66.0698],[-162.692,66.0331],[-162.6769,66.0065],[-162.6547,66.0385],[-162.4685,66.071],[-162.388,66.0356],[-162.1794,66.0759],[-161.9156,66.0424],[-161.9771,66.0151],[-161.9082,66.0219],[-161.8992,66.0031],[-161.9225,65.9878],[-161.8207,65.9803],[-161.7928,65.994],[-161.8474,66.0076],[-161.8337,66.0245],[-161.7294,66.0784],[-161.7853,66.0834],[-161.6663,66.154],[-161.5798,66.2547],[-161.5059,66.2789],[-161.3601,66.2752],[-161.3738,66.2622],[-161.2987,66.2274],[-161.1758,66.2274],[-161.1057,66.2504],[-161.0838,66.2309],[-161.1143,66.2069],[-161.0933,66.1728],[-161.1069,66.1386],[-161.1826,66.1243],[-161.0933,66.1243],[-161.024,66.1842],[-160.997,66.241],[-161.1138,66.3329],[-161.2603,66.3692],[-161.5107,66.4077],[-161.7446,66.4055],[-161.9044,66.3652],[-161.9133,66.3267],[-161.8815,66.3236],[-161.8933,66.3161],[-161.8673,66.2956],[-161.8809,66.2722],[-161.9119,66.2789],[-161.9566,66.3503],[-161.876,66.4401],[-161.8673,66.4813],[-161.8884,66.5244],[-162.2098,66.7072],[-162.5046,66.7498],[-162.54,66.8048],[-162.6253,66.8615],[-162.6387,66.8996],[-162.52,66.9206],[-162.4848,66.9604],[-162.4171,66.9225],[-162.3271,66.9604],[-162.3066,66.9529],[-162.1209,66.8061],[-162.0168,66.781],[-162.0832,66.6868],[-162.066,66.6531],[-161.8708,66.5322],[-161.6338,66.458],[-161.434,66.4685],[-161.2042,66.5386],[-161.1419,66.498],[-161.061,66.4862],[-160.9836,66.4406],[-160.7654,66.3704],[-160.2285,66.4121],[-160.2192,66.532],[-160.3254,66.6048],[-160.3056,66.611],[-160.3176,66.6341],[-160.2435,66.6457],[-160.275,66.6546],[-160.3544,66.6448],[-160.3664,66.6184],[-160.4849,66.6345],[-160.5517,66.5911],[-160.6983,66.6129],[-160.881,66.6724],[-161.1361,66.6519],[-161.2373,66.598],[-161.241,66.56],[-161.272,66.543],[-161.4954,66.5367],[-161.5626,66.5664],[-161.5463,66.598],[-161.6497,66.6129],[-161.902,66.7351],[-161.8673,66.7581],[-161.8806,66.8148],[-161.8002,66.8537],[-161.8064,66.8996],[-161.7341,66.9231],[-161.7164,66.9399],[-161.7307,66.9536],[-161.5183,66.9607],[-161.4989,66.9711],[-161.5252,66.9914],[-161.5895,66.9932],[-161.6876,67.0293],[-161.7402,67.0173],[-161.8352,67.055],[-162.248,67.015],[-162.2549,67.0529],[-162.2883,67.0709],[-162.3061,67.0703],[-162.313,67.0295],[-162.293,67.0089],[-162.4569,66.9946],[-162.4676,67.0095],[-162.4259,67.0634],[-162.3378,67.1451],[-162.3601,67.1674],[-162.4364,67.1597],[-162.3749,67.1392],[-162.5804,67.015],[-162.677,67.0183],[-162.6828,67.0368],[-162.7333,67.0488],[-162.9396,67.0482],[-162.9519,67.0443],[-162.9373,67.0293],[-162.8479,67.0089],[-162.8741,67.0053],[-163.1423,67.057],[-163.725,67.1113],[-163.7656,67.14],[-163.7734,67.2257],[-163.824,67.3546],[-163.9616,67.4987],[-164.1515,67.6196],[-164.446,67.7099],[-164.6936,67.8246],[-164.7733,67.8381],[-164.7181,67.8039],[-164.7479,67.8099],[-165.4372,68.0602],[-165.9281,68.1369],[-166.1035,68.2399],[-166.2966,68.2996],[-166.829,68.3514],[-166.5072,68.4229],[-166.4448,68.4202],[-166.7472,68.3633],[-166.6645,68.3514],[-166.5482,68.3588],[-166.4548,68.3989],[-166.3765,68.3856],[-166.425,68.4135],[-166.3151,68.406],[-166.3704,68.4408],[-166.231,68.5799],[-166.24,68.6052],[-166.1938,68.7797],[-166.2368,68.8748],[-166.2226,68.8858],[-165.6647,68.8616],[-164.3464,68.9294],[-163.9645,69.0031],[-163.6225,69.1192],[-163.2861,69.311],[-163.177,69.4269],[-163.1558,69.4208],[-163.2724,69.2979],[-163.1258,69.39],[-163.1353,69.4208],[-163.1067,69.4748],[-163.1148,69.4959],[-163.0832,69.501],[-163.0648,69.556],[-163.0807,69.5854],[-163.149,69.6058],[-163.0255,69.6263],[-163.0664,69.6467],[-163.0329,69.6611],[-163.0664,69.6741],[-162.9565,69.6877],[-162.9384,69.7112],[-163.0255,69.7287],[-163.0187,69.7458],[-162.9498,69.7905],[-162.5378,69.9567],[-162.4774,70.0241],[-162.491,70.0515],[-162.3607,70.0576],[-162.3749,70.0856],[-162.3408,70.0924],[-162.352,70.1084],[-162.3215,70.1273],[-162.1994,70.1644],[-162.015,70.2773],[-161.9057,70.3206],[-161.8331,70.3047],[-161.861,70.2904],[-161.7034,70.2637],[-161.902,70.2569],[-161.7586,70.2296],[-161.8595,70.2119],[-161.8405,70.1955],[-161.7034,70.1955],[-161.7381,70.2023],[-161.7293,70.2156],[-161.6319,70.2561],[-161.3422,70.2588],[-161.025,70.3183],[-161.0318,70.3047],[-160.9499,70.2904],[-160.984,70.3251],[-160.8607,70.3473],[-160.6215,70.4296],[-160.7731,70.4057],[-160.449,70.4897],[-160.1722,70.6049],[-160.1274,70.579],[-159.9471,70.5972],[-159.9244,70.5815],[-159.9487,70.5449],[-159.922,70.5449],[-159.9438,70.522],[-160.2019,70.4766],[-160.1257,70.466],[-159.922,70.4897],[-160.1337,70.3251],[-160.096,70.3214],[-159.9485,70.3704],[-159.9222,70.3493],[-159.9282,70.3183],[-159.9077,70.2842],[-159.8666,70.2777],[-159.7712,70.1955],[-159.7706,70.2252],[-159.8326,70.2637],[-159.8531,70.3251],[-159.8425,70.3494],[-159.8873,70.3872],[-159.8258,70.4971],[-159.7097,70.4698],[-159.4953,70.5158],[-159.4185,70.4997],[-159.2914,70.5381],[-159.5651,70.5312],[-159.7159,70.4971],[-159.8253,70.5438],[-159.8646,70.5991],[-159.9479,70.6364],[-160.0057,70.6401],[-160.12,70.6064],[-160.1274,70.6262],[-159.913,70.7006],[-159.8121,70.7156],[-159.8463,70.7156],[-159.6682,70.805],[-159.161,70.8869],[-159.3733,70.8459],[-159.1743,70.8539],[-159.1406,70.8254],[-159.449,70.7845],[-159.3736,70.7609],[-159.3213,70.7693],[-159.3044,70.7578],[-159.3249,70.7436],[-159.2225,70.6889],[-159.279,70.7647],[-158.9897,70.777],[-159.0292,70.8051],[-159.0853,70.805],[-159.0604,70.8166],[-158.7154,70.7913],[-158.338,70.818],[-158.4393,70.8221],[-158.5235,70.8528],[-158.043,70.8369],[-157.8649,70.8664],[-157.5591,70.9514],[-157.2312,71.0714],[-157.0255,71.2032],[-156.8172,71.3063],[-156.4715,71.4125],[-156.3717,71.3803],[-156.4884,71.394],[-156.6044,71.3537],[-156.5342,71.3001],[-156.4337,71.2922],[-156.4433,71.2684],[-156.1411,71.2565],[-156.0974,71.2438],[-156.111,71.2233],[-156.0427,71.2159],[-156.111,71.1749],[-156.0341,71.1828],[-155.9449,71.2204],[-155.916,71.1965],[-155.8009,71.2088],[-155.6247,71.1835],[-155.5734,71.1504],[-155.5515,71.1009],[-155.5666,71.0815],[-155.7091,71.0383],[-155.7447,71.0045],[-155.8308,70.9831],[-156.1047,70.9688],[-156.0079,70.9421],[-156.1873,70.9217],[-156.0872,70.927],[-156.0563,70.9217],[-156.0974,70.908],[-155.9813,70.8944],[-155.9949,70.8869],[-155.9403,70.8528],[-155.9875,70.8254],[-155.9676,70.7913],[-155.9781,70.7597],[-155.909,70.7712],[-155.8994,70.7845],[-155.9262,70.8118],[-155.8914,70.8367],[-155.7204,70.8461],[-155.6588,70.8242],[-155.647,70.8359],[-155.666,70.8664],[-155.6456,70.8681],[-155.5771,70.8459],[-155.5346,70.8773],[-155.5179,70.9521],[-155.3086,71.0288],[-155.1917,70.9951],[-155.1967,71.0414],[-155.2892,71.0861],[-155.1861,71.1271],[-155.0974,71.0861],[-155.105,71.1323],[-155.1253,71.1408],[-155.0897,71.1549],[-155.0432,71.1309],[-155.0565,71.0998],[-155.0394,71.0557],[-155.0974,71.0173],[-155.039,71.0174],[-155.0018,71.093],[-155.0128,71.1133],[-154.9717,71.1201],[-154.8796,71.0882],[-154.8082,71.0959],[-154.6081,71.021],[-154.602,70.9921],[-154.6682,70.9206],[-154.81,70.8807],[-154.6998,70.8862],[-154.6312,70.8528],[-154.6312,70.8323],[-154.5903,70.8254],[-154.3091,70.8308],[-154.2303,70.7784],[-154.131,70.7913],[-153.8935,70.8984],[-153.514,70.8869],[-153.2557,70.9328],[-153.0758,70.9012],[-152.9557,70.908],[-152.9176,70.8698],[-152.8656,70.857],[-152.8157,70.8869],[-152.7149,70.821],[-152.6575,70.8459],[-152.6941,70.8769],[-152.7468,70.8807],[-152.7125,70.8904],[-152.3275,70.8569],[-152.2192,70.8124],[-152.4309,70.7436],[-152.4213,70.7133],[-152.5008,70.6992],[-152.5091,70.6639],[-152.4479,70.626],[-152.1038,70.5988],[-152.0753,70.579],[-152.5172,70.5927],[-152.6301,70.5585],[-152.5345,70.5449],[-151.7604,70.5667],[-151.7333,70.5585],[-151.8032,70.5187],[-151.8698,70.5176],[-151.7904,70.5024],[-151.9433,70.4805],[-151.9797,70.4487],[-151.4542,70.439],[-151.3525,70.4264],[-151.2223,70.3757],[-151.1771,70.3798],[-151.2088,70.4224],[-151.1777,70.4487],[-150.8351,70.4829],[-150.7657,70.4722],[-150.7451,70.4766],[-150.7935,70.5033],[-150.5266,70.5107],[-150.4925,70.4766],[-150.3794,70.497],[-150.3615,70.4797],[-150.4167,70.4145],[-150.1191,70.4429],[-149.8897,70.5128],[-149.8116,70.4962],[-149.4885,70.523],[-149.464,70.5107],[-149.4913,70.4971],[-149.3838,70.4882],[-149.3445,70.5101],[-149.0445,70.4686],[-148.9645,70.4293],[-148.9029,70.4418],[-148.7958,70.4145],[-148.6824,70.4201],[-148.5182,70.3692],[-148.501,70.3399],[-148.5118,70.3183],[-148.3814,70.3125],[-148.2233,70.3593],[-148.1507,70.3564],[-148.0531,70.3147],[-147.9622,70.3014],[-147.8428,70.3075],[-147.7987,70.2904],[-147.8198,70.2699],[-147.7857,70.2569],[-147.8061,70.2365],[-147.6796,70.2122],[-147.2171,70.1887],[-147.1237,70.1675],[-146.8807,70.175],[-146.8488,70.1934],[-146.2306,70.186],[-146.0826,70.1557],[-145.9286,70.1675],[-145.8727,70.1528],[-145.8802,70.175],[-145.6132,70.0888],[-145.5997,70.0808],[-145.6139,70.0714],[-145.5205,70.0924],[-145.4556,70.0515],[-145.3685,70.0336],[-145.2154,70.044],[-145.3014,69.9997],[-145.2749,69.9931],[-145.1539,70.0031],[-144.9416,69.978],[-144.8716,69.998],[-144.7065,69.976],[-144.5902,69.9828],[-144.3861,70.044],[-144.1869,70.0436],[-144.1295,70.0677],[-144.064,70.044],[-144.0714,69.9894],[-144.0231,70.0515],[-144.064,70.0856],[-143.931,70.071],[-143.7706,70.1044],[-143.5765,70.0939],[-143.5507,70.1266],[-143.5106,70.0967],[-143.3541,70.1056],[-143.2975,70.0434],[-143.2764,70.0515],[-143.3025,70.0794],[-143.3003,70.1166],[-143.2357,70.1182],[-143.1187,70.0856],[-143.0231,70.0898],[-142.9841,70.0629],[-142.8795,70.074],[-142.6008,70.0131],[-142.6116,69.9757],[-142.5385,69.985],[-142.4813,69.9695],[-142.5228,69.9695],[-142.4969,69.9538],[-142.4378,69.949],[-142.413,69.9348],[-142.426,69.9205],[-142.3714,69.9143],[-142.3761,69.8992],[-142.2709,69.856],[-142.1073,69.8489],[-142.0495,69.8349],[-142.0424,69.8044],[-142.0151,69.7963],[-141.9206,69.8154],[-141.6533,69.7622],[-141.5012,69.7088],[-141.4129,69.6504],[-141.2672,69.6445],[-141.2206,69.6741],[-141.3162,69.6945],[-141.0056,69.6509]]],[[[-123.0905,48.9925],[-123.0353,48.9925],[-123.0453,48.9844],[-123.0885,48.9722],[-123.0893,48.988],[-123.0905,48.9925]]],[[[-132.6477,54.8179],[-132.7848,54.9277],[-132.6293,54.904],[-132.6477,54.8179]]],[[[-131.2437,54.9346],[-131.1947,54.9073],[-131.3312,54.8612],[-131.4822,54.9256],[-131.2638,54.9969],[-131.2437,54.9346]]],[[[-132.8265,55.0544],[-132.8227,55.1905],[-132.6682,55.0507],[-132.7507,54.9954],[-132.8265,55.0544]]],[[[-132.703,54.7012],[-132.8429,54.6938],[-132.9562,54.8037],[-132.9084,54.8383],[-133.1479,54.9544],[-133.2169,55.0991],[-133.1207,55.0991],[-133.2169,55.1537],[-133.1821,55.2356],[-133.107,55.2487],[-132.9562,55.0643],[-133.0865,55.0922],[-132.703,54.7012]]],[[[-131.4796,55.0063],[-131.5478,55.0888],[-131.5311,55.0302],[-131.6245,55.0174],[-131.5172,55.1342],[-131.5516,55.2766],[-131.3728,55.2015],[-131.357,55.0325],[-131.4796,55.0063]]],[[[-133.2914,55.2629],[-133.2094,55.2704],[-133.3162,55.2015],[-133.4499,55.2502],[-133.3819,55.3319],[-133.2987,55.3319],[-133.2914,55.2629]]],[[[-131.8185,55.4138],[-131.6361,55.2993],[-131.7638,55.2487],[-131.7229,55.1401],[-131.8178,55.198],[-131.8185,55.4138]]],[[[-133.4496,55.4069],[-133.5799,55.3454],[-133.6073,55.2356],[-133.6892,55.3113],[-133.5806,55.4262],[-133.4496,55.4069]]],[[[-133.3466,55.4479],[-133.4285,55.5441],[-133.2874,55.5451],[-133.3466,55.4479]]],[[[-133.6039,55.4894],[-133.7991,55.4479],[-133.7029,55.5578],[-133.6039,55.4894]]],[[[-133.3057,55.7973],[-133.4179,55.7385],[-133.4906,55.7905],[-133.5421,55.6949],[-133.6824,55.7905],[-133.3057,55.7973]]],[[[-133.2851,55.9072],[-133.2169,55.8663],[-133.2508,55.7759],[-133.3412,55.8373],[-133.2851,55.9072]]],[[[-155.6523,55.8867],[-155.5561,55.9146],[-155.5973,55.7604],[-155.7498,55.8177],[-155.6523,55.8867]]],[[[-134.1793,55.9146],[-134.1144,55.9003],[-134.2584,55.8184],[-134.3472,55.911],[-134.1793,55.9146]]],[[[-133.9195,55.9208],[-133.856,55.9423],[-133.8425,55.8664],[-133.9195,55.9208]]],[[[-130.9619,55.5851],[-130.9717,55.3852],[-131.0271,55.4103],[-131.0557,55.2736],[-131.192,55.1857],[-131.3114,55.2356],[-131.2099,55.4063],[-131.2983,55.2766],[-131.4632,55.2934],[-131.2707,55.4473],[-131.3508,55.6456],[-131.3254,55.4468],[-131.4621,55.3319],[-131.4213,55.5305],[-131.5065,55.4994],[-131.4657,55.3723],[-131.5265,55.2994],[-131.8202,55.4638],[-131.6198,55.5953],[-131.699,55.6161],[-131.6869,55.6839],[-131.5174,55.7291],[-131.7092,55.7397],[-131.4827,55.783],[-131.6877,55.832],[-131.4704,55.832],[-131.5788,55.9072],[-131.2803,55.9652],[-131.0444,55.7905],[-130.9619,55.5851]]],[[[-133.6073,56.0785],[-133.4831,56.0922],[-133.617,56.1315],[-133.2853,56.1472],[-133.3111,55.9979],[-133.4703,56.0173],[-133.7027,55.9028],[-133.7949,55.9436],[-133.6073,56.0785]]],[[[-132.5484,56.3044],[-132.3998,56.3504],[-132.39,56.2355],[-132.4838,56.1946],[-132.3594,56.2179],[-132.0922,56.1064],[-132.202,56.0922],[-132.1335,55.929],[-132.3356,55.9182],[-132.4491,56.0648],[-132.6454,56.0581],[-132.703,56.2225],[-132.5484,56.3044]]],[[[-131.9767,54.8315],[-132.004,54.6938],[-132.2777,54.7148],[-132.2163,54.8037],[-132.3597,54.8037],[-132.2648,54.8445],[-132.3939,54.9346],[-132.3802,55.0234],[-132.4361,54.9166],[-132.5015,54.9138],[-132.4442,54.963],[-132.4901,55.0029],[-132.5934,54.9682],[-132.5719,55.0438],[-132.465,55.0507],[-132.5598,55.1241],[-132.6129,55.0643],[-132.5583,55.1679],[-132.6409,55.2561],[-132.6205,55.1534],[-132.6961,55.1469],[-132.7991,55.2704],[-132.9493,55.2083],[-133.035,55.2257],[-132.9098,55.2852],[-133.213,55.2792],[-133.2646,55.3454],[-133.2066,55.3845],[-132.8463,55.3523],[-133.1258,55.4836],[-132.9084,55.6329],[-133.3791,55.6298],[-133.3819,55.7228],[-133.2367,55.7451],[-133.1398,55.8766],[-133.2598,55.9453],[-133.2646,56.1474],[-133.5731,56.185],[-133.6147,56.3529],[-133.3122,56.2772],[-133.1821,56.3323],[-133.0249,56.172],[-133.1405,56.1195],[-133.0791,56.0581],[-132.7364,55.9966],[-132.5084,55.8276],[-132.4348,55.6267],[-132.3705,55.6676],[-132.1406,55.4653],[-132.5235,55.6252],[-132.5145,55.5472],[-132.6818,55.4553],[-132.4013,55.5168],[-132.2769,55.4527],[-132.4838,55.4069],[-132.1549,55.366],[-132.0953,55.2671],[-132.243,55.2561],[-132.2402,55.1972],[-131.9943,55.2681],[-132.0015,55.1045],[-132.2231,54.9892],[-131.963,55.0302],[-131.9761,54.9081],[-132.047,54.8986],[-131.9767,54.8315]]],[[[-132.6129,56.4006],[-132.6472,56.2824],[-132.8197,56.2362],[-133.0552,56.3448],[-132.9242,56.452],[-132.6129,56.4006]]],[[[-132.004,56.3392],[-131.9283,56.1946],[-132.0723,56.1195],[-132.3382,56.2578],[-132.3754,56.4885],[-132.004,56.3392]]],[[[-157.0606,56.5822],[-156.9884,56.5306],[-157.3312,56.5242],[-157.0606,56.5822]]],[[[-154.4252,56.593],[-154.7382,56.3983],[-154.7912,56.4309],[-154.4252,56.593]]],[[[-154.0826,56.5521],[-154.3501,56.5447],[-154.2262,56.6083],[-154.0826,56.5521]]],[[[-132.9596,56.788],[-132.8163,56.7973],[-132.5334,56.5803],[-132.9186,56.507],[-132.9596,56.788]]],[[[-133.8847,56.4901],[-133.8258,56.4422],[-133.9164,56.3734],[-133.8475,56.2982],[-133.9751,56.3514],[-133.8919,56.2298],[-133.9415,56.1031],[-134.0393,56.1126],[-134.0523,56.3188],[-134.0902,56.1927],[-134.1901,56.1781],[-134.0864,56.0922],[-134.1486,56.0117],[-134.2646,56.2604],[-134.1601,56.3124],[-134.2926,56.2982],[-134.282,56.3628],[-134.1784,56.4414],[-134.1553,56.3659],[-134.0393,56.3734],[-134.0344,56.4859],[-134.0818,56.5516],[-134.1212,56.4969],[-134.3061,56.5583],[-134.0864,56.647],[-134.3576,56.6766],[-134.4057,56.8527],[-134.2809,56.7928],[-134.3061,56.8979],[-134.1075,56.8463],[-134.2646,56.9419],[-134.0127,56.8852],[-133.9049,56.7606],[-133.9938,56.6392],[-133.8708,56.7149],[-133.8624,56.8099],[-133.7172,56.7712],[-133.7803,56.6864],[-133.7095,56.5947],[-133.9226,56.6166],[-133.8475,56.5651],[-133.8847,56.4901]]],[[[-133.9127,57.0827],[-133.3351,56.9974],[-133.2633,56.9253],[-133.2987,57.0102],[-133.0524,56.9829],[-132.9357,56.8668],[-132.9911,56.8084],[-132.9339,56.6416],[-133.0108,56.6061],[-133.3464,56.8376],[-133.3051,56.7354],[-133.2218,56.7316],[-133.2423,56.6341],[-133.1071,56.621],[-133.1684,56.6061],[-133.0791,56.5303],[-133.16,56.4577],[-133.4359,56.5036],[-133.6212,56.4422],[-133.6793,56.8537],[-133.7529,56.8073],[-133.8776,56.8764],[-133.7376,56.8941],[-134.0182,57.0176],[-133.9127,57.0827]]],[[[-152.9079,57.1647],[-153.2722,56.9985],[-153.4116,57.079],[-153.2444,57.211],[-153.2124,57.1337],[-152.9079,57.1647]]],[[[-135.6016,57.1716],[-135.5463,57.1411],[-135.6282,57.0102],[-135.8411,56.9897],[-135.7108,57.1684],[-135.8554,57.2231],[-135.8437,57.3247],[-135.6152,57.2845],[-135.5538,57.2299],[-135.6282,57.2367],[-135.6016,57.1716]]],[[[-134.6215,56.7438],[-134.6264,56.2615],[-134.6675,56.1704],[-134.7655,56.2225],[-135.0528,56.5378],[-134.8474,56.6887],[-134.961,56.6265],[-134.9847,56.7145],[-135.1098,56.6018],[-134.9989,56.7617],[-135.1879,56.6767],[-135.1217,56.832],[-135.3675,56.8289],[-135.2945,56.8922],[-135.35,56.9704],[-135.1654,57.0417],[-135.375,57.0927],[-135.2664,57.161],[-135.4129,57.1579],[-135.3341,57.2504],[-135.5292,57.2367],[-135.675,57.3586],[-135.4753,57.3543],[-135.609,57.3876],[-135.3812,57.5536],[-135.2794,57.5111],[-135.3961,57.4427],[-135.1803,57.4807],[-135.2037,57.4285],[-134.9948,57.3978],[-134.9095,57.3398],[-134.9845,57.2982],[-134.839,57.2578],[-134.6215,56.7438]]],[[[-153.3017,57.8332],[-153.5419,57.9356],[-153.3267,57.9266],[-153.213,57.8303],[-153.3017,57.8332]]],[[[-152.1609,57.6271],[-152.363,57.4285],[-152.9734,57.5179],[-152.9107,57.4899],[-153.0417,57.4285],[-152.8006,57.4708],[-152.596,57.3739],[-152.6631,57.2995],[-153.1748,57.3514],[-152.9591,57.2571],[-153.3911,57.2094],[-153.4553,57.1168],[-153.5419,57.1758],[-153.4982,57.0743],[-153.7611,57.0517],[-153.5598,56.9865],[-153.9873,56.7438],[-154.1301,56.7865],[-153.7747,56.9971],[-153.9733,56.963],[-153.7399,57.1337],[-154.0996,56.9648],[-154.1105,57.0381],[-153.9597,57.1201],[-154.4949,57.1136],[-154.413,57.0502],[-154.1037,57.1138],[-154.3049,56.8558],[-154.3283,56.9297],[-154.5286,56.9916],[-154.6015,57.2589],[-154.7832,57.2729],[-154.81,57.3466],[-154.707,57.3398],[-154.7269,57.4285],[-154.6147,57.5266],[-154.2203,57.6755],[-154.0186,57.6472],[-153.9733,57.5725],[-154.1105,57.5446],[-153.9355,57.535],[-153.8907,57.408],[-153.8498,57.5588],[-153.6785,57.5446],[-153.8846,57.6483],[-153.5846,57.6171],[-153.9058,57.7112],[-153.9246,57.8105],[-153.6655,57.8947],[-153.5744,57.8395],[-153.5072,57.6271],[-153.5277,57.7233],[-153.4395,57.6994],[-153.4991,57.7609],[-153.3213,57.7309],[-153.4492,57.8469],[-153.211,57.7856],[-153.1788,57.7097],[-153.2403,57.9021],[-153.0485,57.8332],[-153.2842,58.0104],[-152.8083,57.9083],[-152.8908,57.8742],[-152.8856,57.7287],[-152.818,57.8604],[-152.4863,57.9107],[-152.3291,57.8258],[-152.5511,57.7033],[-152.1609,57.6271]]],[[[-136.3898,57.9636],[-136.4513,57.8469],[-136.4786,57.9356],[-136.5528,57.9251],[-136.5428,58.0659],[-136.4575,58.0932],[-136.3898,57.9636]]],[[[-153.4184,58.066],[-153.2778,58.1468],[-152.8908,57.9977],[-153.4184,58.066]]],[[[-151.8661,58.2578],[-151.7934,58.2447],[-151.8462,58.1752],[-151.8661,58.2578]]],[[[-135.848,57.3944],[-136.0124,57.5179],[-135.8009,57.4658],[-136.0739,57.6073],[-135.9503,57.6209],[-136.1155,57.6216],[-136.0882,57.6885],[-136.2247,57.7848],[-136.4165,57.8258],[-136.3119,57.9955],[-136.0329,57.8469],[-136.4097,58.0799],[-136.3802,58.1404],[-136.2725,58.1069],[-136.3557,58.2199],[-136.1012,58.0585],[-136.1648,58.102],[-136.1366,58.223],[-135.9653,58.164],[-135.7851,58.2761],[-135.5463,58.1963],[-135.4849,58.1621],[-135.5234,58.1024],[-135.7831,58.0421],[-135.6248,58.0132],[-135.7933,57.984],[-135.6562,57.9493],[-135.3893,58.1411],[-134.9248,58.0275],[-134.9157,57.8469],[-135.2037,57.9431],[-134.93,57.8127],[-135.0138,57.7859],[-135.8896,57.9977],[-135.3724,57.8052],[-135.3639,57.7262],[-134.9139,57.7558],[-134.8139,57.4975],[-135.0569,57.4666],[-135.8132,57.7643],[-135.704,57.6755],[-135.807,57.6414],[-135.6048,57.6071],[-135.6562,57.5521],[-135.5777,57.5555],[-135.5463,57.4661],[-135.6908,57.367],[-135.848,57.3944]]],[[[-134.5973,58.2373],[-134.6798,58.3093],[-134.5633,58.3445],[-134.2584,58.1963],[-134.5973,58.2373]]],[[[-134.354,57.0927],[-134.6146,57.0102],[-134.6333,57.2242],[-134.5255,57.2158],[-134.5832,57.2694],[-134.457,57.3118],[-134.5563,57.3978],[-134.313,57.3323],[-134.3676,57.3739],[-134.3061,57.3944],[-134.4639,57.3944],[-134.5692,57.492],[-134.354,57.5446],[-134.5669,57.5111],[-134.6536,57.5982],[-134.8065,58.0554],[-134.7313,58.1789],[-134.7837,58.1105],[-134.9076,58.2012],[-134.961,58.4049],[-134.6932,58.1684],[-134.177,58.1635],[-133.7893,57.5889],[-134.3068,58.0981],[-134.2242,57.9697],[-134.3166,57.9966],[-134.2892,57.8367],[-133.9379,57.6186],[-133.84,57.4626],[-134.0728,57.5111],[-133.865,57.3551],[-133.9581,57.3037],[-134.1759,57.3876],[-134.0848,57.2564],[-134.354,57.0927]]],[[[-151.966,58.3328],[-151.9722,58.2373],[-152.1168,58.1479],[-152.2766,58.2642],[-152.3701,58.2031],[-152.2739,58.1348],[-152.5482,58.0864],[-152.5767,58.2067],[-152.6444,58.0722],[-152.7673,58.0796],[-152.8049,57.9915],[-153.2296,58.1689],[-153.1885,58.2199],[-152.9051,58.1684],[-153.1099,58.2714],[-152.7673,58.2578],[-152.7605,58.3602],[-152.8834,58.4086],[-152.6506,58.4836],[-152.4998,58.4632],[-152.4197,58.3229],[-152.3494,58.4211],[-152.2119,58.3535],[-152.1168,58.4011],[-152.1435,58.2338],[-151.966,58.3328]]],[[[-152.6444,58.5185],[-152.349,58.6283],[-152.483,58.4805],[-152.6444,58.5185]]],[[[-160.9476,58.7376],[-160.6878,58.8187],[-160.8979,58.5703],[-161.0741,58.5469],[-161.1719,58.6908],[-161.078,58.6393],[-160.9476,58.7376]]],[[[-152.2497,58.9225],[-152.3633,58.9157],[-152.3291,58.9709],[-152.1578,58.9567],[-152.2497,58.9225]]],[[[-150.7042,59.3955],[-150.6086,59.3812],[-150.7618,59.3168],[-150.7042,59.3955]]],[[[-153.5245,59.3303],[-153.4768,59.4054],[-153.3574,59.3781],[-153.5245,59.3303]]],[[[-144.3418,59.9845],[-144.2208,59.9958],[-144.6053,59.8132],[-144.3418,59.9845]]],[[[-147.9638,60.0739],[-148.1413,60.0118],[-147.9665,60.1566],[-147.9638,60.0739]]],[[[-148.1594,60.0432],[-148.3138,60.0323],[-148.1898,60.0466],[-148.286,60.0944],[-148.05,60.1957],[-148.1594,60.0432]]],[[[-147.1072,60.2862],[-146.9223,60.3066],[-147.3282,60.0703],[-147.4923,59.8618],[-147.9154,59.7927],[-147.7031,59.9975],[-147.2012,60.2422],[-147.1896,60.3622],[-147.1072,60.2862]]],[[[-147.9774,60.3756],[-148.0422,60.2866],[-148.1351,60.2998],[-147.9774,60.3756]]],[[[-145.1744,60.3824],[-145.0951,60.4163],[-145.1233,60.3118],[-145.2843,60.3339],[-145.1744,60.3824]]],[[[-146.1886,60.4022],[-146.6002,60.2452],[-146.682,60.2862],[-146.4903,60.3613],[-146.7226,60.3862],[-146.5881,60.484],[-146.1886,60.4022]]],[[[-147.7714,60.4097],[-147.8402,60.396],[-147.8125,60.4462],[-147.7082,60.5068],[-147.6144,60.437],[-147.7372,60.396],[-147.6254,60.3896],[-147.7987,60.1701],[-147.7925,60.2383],[-147.9086,60.293],[-147.7804,60.3148],[-147.875,60.3334],[-147.7714,60.4097]]],[[[-151.8698,60.4854],[-152.0897,60.3591],[-151.9532,60.5085],[-151.8698,60.4854]]],[[[-145.7572,60.6287],[-146.0631,60.4883],[-146.3326,60.4649],[-145.7572,60.6287]]],[[[-147.9291,60.7182],[-147.8471,60.694],[-147.9359,60.6629],[-148.0122,60.725],[-147.9291,60.7182]]],[[[-148.1687,60.6629],[-148.217,60.7591],[-148.1112,60.7381],[-148.1687,60.6629]]],[[[-148.0874,60.8001],[-148.1078,60.923],[-147.9123,60.8254],[-148.0874,60.8001]]],[[[-162.3408,63.6025],[-162.3594,63.5462],[-162.7176,63.5752],[-162.3408,63.6025]]],[[[-163.1854,69.6103],[-163.1291,69.6815],[-163.1763,69.4822],[-163.1854,69.6103]]],[[[-80.3205,25.2483],[-80.598,24.9501],[-80.369,25.2861],[-80.2734,25.3526],[-80.3205,25.2483]]],[[[-82.1292,26.4611],[-82.0268,26.4475],[-82.1639,26.4543],[-82.2049,26.5505],[-82.1292,26.4611]]],[[[-97.1983,26.2761],[-97.3975,26.831],[-97.3771,27.2078],[-97.3429,26.7567],[-97.1983,26.2761]]],[[[-97.0754,27.8145],[-97.3975,27.2289],[-97.2541,27.6597],[-97.2057,27.633],[-97.0754,27.8145]]],[[[-96.8802,28.1301],[-96.8501,28.0712],[-97.0344,27.852],[-96.8802,28.1301]]],[[[-96.4277,28.3933],[-96.4169,28.3288],[-96.8358,28.0712],[-96.8078,28.1876],[-96.4277,28.3933]]],[[[-80.6775,28.5789],[-80.6122,28.5688],[-80.6498,28.2252],[-80.7374,28.4848],[-80.6775,28.5789]]],[[[-94.8143,29.3529],[-94.7244,29.3332],[-95.1165,29.089],[-94.8143,29.3529]]],[[[-91.8021,29.4901],[-92.0354,29.5962],[-91.9171,29.6481],[-91.7202,29.5817],[-91.8021,29.4901]]],[[[-85.1418,29.6409],[-85.2128,29.6887],[-85.0878,29.6868],[-85.1418,29.6409]]],[[[-84.7374,29.7365],[-84.9695,29.6118],[-85.0973,29.6273],[-84.7374,29.7365]]],[[[-88.8724,30.0587],[-88.8109,29.9152],[-88.8546,29.7692],[-88.8724,30.0587]]],[[[-89.1883,30.0797],[-89.3453,30.0661],[-89.1808,30.1685],[-89.2499,30.102],[-89.1883,30.0797]]],[[[-89.058,30.2578],[-89.0846,30.1958],[-89.1536,30.2299],[-89.058,30.2578]]],[[[-118.3588,32.8278],[-118.4992,32.8506],[-118.6072,33.0309],[-118.3588,32.8278]]],[[[-119.4886,33.2672],[-119.4343,33.224],[-119.4954,33.2173],[-119.5789,33.2761],[-119.4886,33.2672]]],[[[-118.5157,33.423],[-118.6021,33.4715],[-118.5359,33.4773],[-118.3692,33.4084],[-118.3043,33.309],[-118.4636,33.3235],[-118.5157,33.423]]],[[[-120.0441,34.0373],[-119.9688,33.9411],[-120.1099,33.8931],[-120.2485,34.0011],[-120.0441,34.0373]]],[[[-119.5294,34.0252],[-119.8172,33.9593],[-119.933,34.0602],[-119.5294,34.0252]]],[[[-75.4761,35.6954],[-75.4686,35.5651],[-75.5261,35.7757],[-75.4761,35.6954]]],[[[-74.1261,40.6335],[-74.0536,40.6027],[-74.2508,40.5014],[-74.1261,40.6335]]],[[[-71.9189,41.0649],[-72.724,40.7704],[-73.6958,40.6215],[-73.5818,40.5845],[-73.9395,40.542],[-73.7714,40.6233],[-73.9881,40.5694],[-74.04,40.6198],[-73.9086,40.7887],[-73.7575,40.7711],[-73.7202,40.8662],[-73.4798,40.8772],[-73.4857,40.9456],[-73.3583,40.9004],[-73.4019,40.9544],[-73.2353,40.9078],[-72.6283,40.9836],[-72.2755,41.1626],[-72.6246,40.9078],[-72.4808,40.8979],[-72.3215,41.0358],[-71.9189,41.0649]]],[[[-70.0541,41.3927],[-69.9671,41.2495],[-70.2781,41.3079],[-70.0897,41.29],[-70.0541,41.3927]]],[[[-70.5006,41.3936],[-70.4557,41.4296],[-70.4467,41.3674],[-70.5006,41.3936]]],[[[-70.5764,41.4278],[-70.5074,41.3626],[-70.8462,41.3467],[-70.6051,41.474],[-70.5764,41.4278]]],[[[-71.2855,41.5817],[-71.2206,41.6605],[-71.2336,41.4892],[-71.3546,41.4583],[-71.2855,41.5817]]],[[[-122.4351,47.4257],[-122.3668,47.3835],[-122.5273,47.3463],[-122.489,47.4827],[-122.4351,47.4257]]],[[[-122.4969,47.6071],[-122.5779,47.6015],[-122.5578,47.7138],[-122.4969,47.6071]]],[[[-122.3594,47.9766],[-122.3867,47.9049],[-122.5392,47.9722],[-122.6072,48.1538],[-122.7441,48.2059],[-122.6566,48.3851],[-122.5176,48.294],[-122.7237,48.2338],[-122.5806,48.1885],[-122.5355,48.0059],[-122.514,48.0908],[-122.3594,47.9766]]],[[[-122.8619,48.4893],[-122.8277,48.4174],[-122.9376,48.4583],[-122.9103,48.5471],[-122.8619,48.4893]]],[[[-123.0202,48.4993],[-122.965,48.4515],[-123.1297,48.4897],[-123.1776,48.5988],[-123.0202,48.4993]]],[[[-122.7458,48.6644],[-122.821,48.6091],[-122.8964,48.6998],[-122.8744,48.5937],[-123.0265,48.6265],[-122.9293,48.7084],[-122.7458,48.6644]]],[[[-159.3127,55.8112],[-159.3021,55.7592],[-159.3623,55.7863],[-159.3127,55.8112]]],[[[-153.8338,57.502],[-153.8436,57.4362],[-153.8878,57.509],[-153.8338,57.502]]],[[[-178.9858,51.3842],[-178.9042,51.3538],[-178.9869,51.3075],[-178.9858,51.3842]]],[[[-178.7865,51.8299],[-178.7402,51.7836],[-178.8083,51.7473],[-178.7865,51.8299]]],[[[-176.2647,51.81],[-176.3856,51.7371],[-176.423,51.851],[-176.2647,51.81]]],[[[-176.0115,51.8299],[-176.1487,51.7753],[-176.2237,51.8436],[-176.0115,51.8299]]],[[[-177.8003,51.7957],[-177.9335,51.5987],[-178.1014,51.6654],[-177.9554,51.7637],[-178.2138,51.876],[-177.9523,51.9248],[-177.8406,51.8367],[-177.6222,51.8572],[-177.8003,51.7957]]],[[[-177.1222,51.9329],[-177.0468,51.892],[-177.1567,51.7001],[-177.7047,51.7001],[-177.2925,51.7828],[-177.1222,51.9329]]],[[[-176.4372,51.7883],[-176.4708,51.72],[-176.7104,51.6859],[-176.7104,51.617],[-176.8144,51.6155],[-176.8271,51.72],[-176.9779,51.6003],[-176.8203,51.7685],[-176.9048,51.8076],[-176.7042,51.7883],[-176.7799,51.829],[-176.706,51.8597],[-176.7588,51.9534],[-176.5459,51.9801],[-176.6415,51.8572],[-176.4372,51.7883]]],[[[-176.1387,51.9944],[-176.1945,52.0511],[-176.1433,52.1071],[-175.9637,52.0353],[-176.1387,51.9944]]],[[[-173.1234,52.108],[-172.9745,52.0839],[-173.4902,52.0217],[-174.0594,52.1247],[-173.1234,52.108]]],[[[-172.4072,52.3854],[-172.3109,52.3165],[-172.633,52.2613],[-172.4072,52.3854]]],[[[-174.052,52.2408],[-174.2028,52.2128],[-174.0989,52.113],[-174.4132,52.1138],[-174.4114,52.0428],[-174.525,52.0974],[-174.4902,52.0353],[-175.3405,52.0148],[-174.3393,52.1862],[-174.2283,52.2675],[-174.4355,52.3227],[-174.1903,52.4179],[-174.011,52.3581],[-174.052,52.2408]]],[[[-171.2564,52.5294],[-171.2222,52.4631],[-171.3116,52.4643],[-171.2564,52.5294]]],[[[-170.6046,52.6871],[-170.6219,52.5939],[-170.8374,52.5493],[-170.7437,52.6787],[-170.6046,52.6871]]],[[[-170.1044,52.7827],[-170.0634,52.7343],[-170.1944,52.7274],[-170.1044,52.7827]]],[[[-169.6866,52.872],[-169.7234,52.7745],[-170.0111,52.8236],[-169.6866,52.872]]],[[[-170.0703,52.9192],[-169.9946,52.9056],[-170.0561,52.8571],[-170.0703,52.9192]]],[[[-167.8575,53.3928],[-168.2876,53.243],[-168.4661,53.0566],[-168.7661,52.9139],[-169.1113,52.8236],[-168.8711,52.954],[-168.7753,53.1708],[-168.6234,53.2742],[-168.3608,53.2713],[-168.4066,53.4095],[-168.2368,53.5301],[-167.807,53.5201],[-167.8575,53.3928]]],[[[-166.137,53.8378],[-166.2126,53.7081],[-166.2978,53.7602],[-166.137,53.8378]]],[[[-166.2943,53.728],[-166.5621,53.6181],[-166.5212,53.5846],[-166.5957,53.5362],[-166.6645,53.5982],[-166.6366,53.5328],[-166.713,53.5498],[-166.6592,53.4909],[-166.7949,53.5703],[-166.7522,53.4509],[-167.0074,53.4526],[-167.5082,53.2599],[-167.85,53.3096],[-166.96,53.5362],[-167.1444,53.5566],[-167.1338,53.6318],[-166.9935,53.6181],[-167.028,53.7048],[-166.8017,53.6318],[-166.829,53.7081],[-166.7055,53.7211],[-167.1562,53.8298],[-167.0216,53.9612],[-166.6346,54.0046],[-166.6099,53.831],[-166.3704,54.0085],[-166.2249,53.9055],[-166.5416,53.79],[-166.4932,53.7695],[-166.5751,53.7143],[-166.3765,53.7211],[-166.3462,53.7827],[-166.2943,53.728]]],[[[-165.7391,54.1252],[-165.6795,54.0991],[-165.9007,54.0334],[-166.1227,54.1184],[-165.9455,54.2221],[-165.7391,54.1252]]],[[[-165.4858,54.1737],[-165.61,54.1184],[-165.5746,54.2351],[-165.6798,54.2489],[-165.4943,54.2964],[-165.5473,54.2221],[-165.4045,54.1918],[-165.4858,54.1737]]],[[[-159.2845,54.9408],[-159.2088,54.9185],[-159.3178,54.8847],[-159.2845,54.9408]]],[[[-159.3901,55.0234],[-159.3392,54.9755],[-159.4627,54.9482],[-159.4081,54.9818],[-159.4627,55.0643],[-159.3901,55.0234]]],[[[-159.5242,55.0711],[-159.6592,55.0651],[-159.5336,55.251],[-159.5242,55.0711]]],[[[-159.9015,55.1401],[-160.2371,54.8886],[-160.0927,55.0507],[-160.1948,55.1215],[-160.0176,55.1053],[-160.0654,55.2015],[-159.9536,55.1758],[-159.8873,55.2971],[-159.9015,55.1401]]],[[[-154.8996,19.567],[-154.8141,19.5066],[-154.8747,19.4129],[-155.5028,19.1377],[-155.6748,18.9061],[-155.8781,19.0291],[-155.8874,19.3596],[-156.0602,19.7312],[-155.8355,19.9757],[-155.8805,20.252],[-155.168,19.9468],[-155.0854,19.7274],[-154.9899,19.7267],[-154.8996,19.567]]],[[[-156.5618,20.598],[-156.5446,20.5132],[-156.7006,20.5254],[-156.5618,20.598]]],[[[-156.8484,20.8768],[-156.8313,20.7638],[-156.9623,20.7324],[-157.0631,20.8904],[-156.8484,20.8768]]],[[[-156.0017,20.8004],[-156.0484,20.6509],[-156.4077,20.5872],[-156.4643,20.7814],[-156.6202,20.8071],[-156.696,20.9158],[-156.5979,21.0327],[-156.4817,20.9044],[-156.2819,20.9503],[-156.0017,20.8004]]],[[[-156.749,21.171],[-156.7248,21.1237],[-156.8696,21.0534],[-157.3039,21.1096],[-157.2598,21.2219],[-156.749,21.171]]],[[[-157.7068,21.352],[-157.6472,21.3064],[-157.7041,21.2595],[-157.947,21.3027],[-157.9609,21.3888],[-158.0943,21.2936],[-158.2789,21.5753],[-158.1211,21.5859],[-157.9697,21.7091],[-157.7068,21.352]]],[[[-160.1138,22.0003],[-160.0722,21.9108],[-160.2113,21.7802],[-160.2344,21.8745],[-160.1138,22.0003]]],[[[-159.3013,22.151],[-159.3341,21.9581],[-159.4373,21.8688],[-159.7872,22.0193],[-159.7165,22.1575],[-159.5585,22.233],[-159.3579,22.2227],[-159.3013,22.151]]],[[[179.4001,51.4084],[179.4723,51.3706],[179.243,51.3538],[178.9601,51.5421],[178.6364,51.6374],[178.9202,51.6118],[179.4001,51.4084]]],[[[178.5339,51.9875],[178.6043,51.9377],[178.5168,51.8962],[178.46,51.9444],[178.5339,51.9875]]],[[[179.7809,51.967],[179.6421,51.8742],[179.4861,51.9739],[179.637,52.0353],[179.7809,51.967]]],[[[177.6426,52.1247],[177.6904,52.0899],[177.5545,51.9685],[177.6121,51.9279],[177.4136,51.9306],[177.3236,51.8268],[177.2243,51.892],[177.5085,51.9946],[177.6426,52.1247]]],[[[173.7913,52.5015],[173.7131,52.4506],[173.7434,52.3612],[173.3889,52.4038],[173.7913,52.5015]]],[[[173.3766,52.8305],[173.0775,52.8283],[172.9443,52.7498],[172.7634,52.7957],[172.811,52.8879],[172.4761,52.9267],[172.6604,53.0086],[173.1272,52.9949],[173.186,52.9618],[173.1401,52.9267],[173.2498,52.9444],[173.3225,52.916],[173.263,52.872],[173.3766,52.8305]]],[[[-162.5872,54.4411],[-162.55,54.3859],[-162.6327,54.3719],[-162.8411,54.461],[-162.5872,54.4411]]],[[[-162.3749,54.9544],[-162.2627,54.9892],[-162.2309,54.9073],[-162.3422,54.8395],[-162.3749,54.9544]]],[[[-163.0738,54.6876],[-163.3695,54.7646],[-163.6225,54.6118],[-164.1327,54.6232],[-164.4056,54.436],[-164.6526,54.392],[-164.8453,54.4235],[-164.9582,54.5851],[-164.7007,54.6783],[-164.4775,54.9189],[-164.2251,54.8947],[-163.7565,55.0604],[-163.5257,55.0438],[-163.3544,54.7769],[-163.1442,54.7703],[-163.0738,54.6876]]],[[[-161.7307,55.1605],[-161.6413,55.1195],[-161.7512,55.0581],[-161.7832,55.1449],[-161.9082,55.1435],[-161.7307,55.1605]]],[[[-160.3254,55.3585],[-160.3363,55.2487],[-160.5315,55.325],[-160.3254,55.3585]]],[[[-160.4974,55.1946],[-160.5383,55.1332],[-160.6833,55.2114],[-160.8189,55.1195],[-160.8536,55.3319],[-160.696,55.4069],[-160.6794,55.3067],[-160.5593,55.3931],[-160.5799,55.2356],[-160.4974,55.1946]]],[[[-160.1479,55.3864],[-160.3465,55.4175],[-160.2435,55.4621],[-160.1479,55.3864]]],[[[-158.7086,55.8315],[-158.9087,55.8413],[-158.8281,55.8967],[-158.7086,55.8315]]],[[[-169.5809,56.6095],[-169.4744,56.593],[-169.5869,56.5414],[-169.7891,56.6203],[-169.5809,56.6095]]],[[[-170.2416,57.2163],[-170.1044,57.2504],[-170.29,57.1064],[-170.4121,57.1848],[-170.2416,57.2163]]],[[[-165.5821,59.951],[-166.2467,59.8539],[-166.0817,59.779],[-166.1821,59.7563],[-167.1219,60.0007],[-167.4528,60.2172],[-166.8204,60.2176],[-166.7609,60.3044],[-166.1516,60.3812],[-166.1574,60.437],[-166.0755,60.3339],[-165.6844,60.2998],[-165.7261,60.0665],[-165.5821,59.951]]],[[[-172.2973,60.3513],[-172.6,60.3298],[-173.0576,60.4984],[-172.925,60.6067],[-172.8118,60.478],[-172.2973,60.3513]]],[[[-171.09,63.6039],[-171.0708,63.6025],[-171.0749,63.6022],[-171.09,63.6039]]],[[[-171.09,63.6039],[-171.1577,63.6097],[-171.144,63.6118],[-171.09,63.6039]]],[[[-168.7407,63.281],[-168.8508,63.1628],[-169.3511,63.1762],[-169.6662,62.9452],[-169.7556,62.9656],[-169.7053,63.0402],[-169.8175,63.1268],[-170.262,63.1984],[-170.235,63.2835],[-170.4443,63.3592],[-170.8562,63.4604],[-171.4393,63.3198],[-171.7356,63.3759],[-171.8529,63.5212],[-171.728,63.7961],[-171.4072,63.6441],[-171.4872,63.609],[-170.937,63.5717],[-170.6462,63.685],[-170.31,63.6987],[-170.0825,63.6152],[-170.0845,63.4858],[-169.1867,63.3015],[-169.0703,63.3214],[-169.2211,63.3493],[-169.0076,63.3493],[-168.7407,63.281]]],[[[-68.8481,44.0955],[-68.7746,44.0619],[-68.8693,44.0484],[-68.8481,44.0955]]],[[[-68.6421,44.26],[-68.6228,44.1713],[-68.7163,44.1673],[-68.6421,44.26]]],[[[-68.2448,44.4245],[-68.1765,44.3283],[-68.3137,44.3084],[-68.326,44.2259],[-68.4141,44.2586],[-68.4014,44.3718],[-68.2448,44.4245]]],[[[-164.7043,23.5793],[-164.6991,23.5705],[-164.7073,23.5726],[-164.7085,23.5745],[-164.7064,23.5766],[-164.7043,23.5793]]],[[[-122.8682,47.2683],[-122.8739,47.1679],[-122.9219,47.2372],[-122.8682,47.2683]]],[[[-81.2513,31.5046],[-81.1746,31.5214],[-81.2796,31.3855],[-81.2513,31.5046]]],[[[-75.9038,37.1292],[-75.874,37.2904],[-75.8771,37.2056],[-75.8108,37.2002],[-75.9038,37.1292]]]]},"properties":{"registry":"CoULD","label":"Congenital Upper Limb Differences registry (CoULD)","country":"United States","status":"clinical","area":"Participating centres across the United States, from 2014","website":"https://www.jhandsurg.org/article/S0363-5023(20)30674-2/fulltext","source":"McCombe D, Wall L, Goldfarb C, H\u00fclsemann W, Sletten IN, Wilks D, Horwitz MD, Lam WL. Congenital upper limb difference patient registries: characteristics, comparisons and recommendations. J Hand Surg Eur Vol 2026;51(1):111-118, doi:10.1177/17531934251348360"}},{"type":"Feature","geometry":{"type":"MultiPolygon","coordinates":[[[[131.5359,-31.6056],[131.1354,-31.4748],[130.7901,-31.6081],[130.1569,-31.5739],[129.2004,-31.6564],[127.2887,-32.2734],[126.0076,-32.2734],[124.834,-32.8677],[124.2012,-33.038],[123.9525,-33.5673],[123.5266,-33.9387],[123.3833,-33.8909],[123.1546,-34.0095],[123.0231,-33.8606],[122.6074,-33.8948],[122.5603,-33.9592],[122.3499,-33.9153],[122.2578,-34.0221],[122.0947,-34.0191],[122.0057,-33.8207],[121.7937,-33.8971],[121.3338,-33.8152],[120.5622,-33.893],[120.3943,-33.9738],[120.0022,-33.926],[119.572,-34.142],[119.4695,-34.3134],[119.5593,-34.3837],[119.4085,-34.37],[119.364,-34.495],[119.3014,-34.4459],[119.23,-34.5322],[118.8399,-34.4526],[118.8877,-34.5004],[118.7273,-34.558],[118.7249,-34.6358],[118.4426,-34.74],[118.3984,-34.901],[118.1608,-34.9455],[118.1994,-35.0168],[117.8355,-35.0314],[118.0015,-35.0881],[117.9486,-35.1174],[117.6843,-35.0463],[117.6196,-35.1379],[117.1917,-35.0075],[117.1404,-35.0628],[116.6379,-35.0502],[116.395,-34.9495],[116.5037,-34.9392],[116.3875,-34.8575],[116.3761,-34.9174],[115.9785,-34.8356],[115.6123,-34.4459],[115.2908,-34.3019],[115.1188,-34.3634],[115.0104,-34.245],[114.9885,-33.5211],[115.1947,-33.6446],[115.3672,-33.6313],[115.7101,-33.2707],[115.6009,-32.6617],[115.7009,-32.513],[115.6397,-32.6569],[115.7141,-32.7805],[115.6589,-32.6285],[115.7693,-32.6023],[115.6737,-32.2734],[115.7568,-32.1856],[115.7215,-31.7726],[115.0608,-30.5224],[114.9426,-30.031],[114.9788,-29.4799],[114.8425,-29.1086],[114.6038,-28.8386],[114.5311,-28.5224],[114.166,-28.1067],[114.0979,-27.8627],[114.1439,-27.6878],[114.0125,-27.3154],[113.157,-26.1519],[113.276,-26.2349],[113.3062,-25.9967],[113.3843,-26.3828],[113.3627,-26.0128],[113.496,-26.327],[113.4793,-26.4733],[113.5436,-26.2871],[113.5655,-26.5651],[113.6251,-26.44],[113.6696,-26.6529],[113.8703,-26.5221],[113.8848,-26.3427],[113.5772,-26.0893],[113.4208,-25.7282],[113.5152,-25.5093],[113.757,-25.8852],[113.728,-26.197],[113.8481,-26.1217],[113.8545,-25.9443],[114.0215,-26.3909],[114.1038,-26.4479],[114.2344,-26.3166],[114.1865,-25.9789],[114.2686,-25.9895],[114.2586,-25.8419],[114.1553,-25.7897],[113.8024,-25.1718],[113.6921,-25.1052],[113.6043,-24.7283],[113.3914,-24.4137],[113.4597,-23.9103],[113.7688,-23.4577],[113.8074,-22.9306],[113.6589,-22.7278],[113.6467,-22.5777],[113.947,-21.9526],[114.1722,-21.803],[114.0775,-22.1755],[114.1097,-22.331],[114.1714,-22.3175],[114.1108,-22.4777],[114.3374,-22.4938],[114.4978,-22.1637],[114.4956,-22.0045],[114.5503,-22.0419],[114.6467,-21.8434],[115.4785,-21.5012],[115.9367,-21.059],[116.1515,-20.97],[116.1963,-20.8469],[116.4515,-20.8147],[116.7909,-20.5349],[116.8555,-20.7121],[117.1541,-20.5964],[117.3538,-20.7277],[117.7363,-20.6585],[118.1509,-20.3561],[118.8057,-20.281],[119.0955,-19.9667],[119.5899,-20.0659],[119.7344,-19.9627],[120.3685,-19.8671],[121.1283,-19.5207],[121.5194,-19.0696],[121.6426,-18.8102],[121.6133,-18.7125],[121.7691,-18.6574],[121.7316,-18.581],[121.811,-18.4626],[121.9103,-18.4645],[122.347,-18.1212],[122.3441,-17.983],[122.1698,-17.9783],[122.172,-17.2612],[122.4729,-16.9202],[122.595,-16.971],[122.5261,-16.8617],[122.5824,-16.7796],[122.821,-16.7797],[122.7588,-16.6044],[122.9162,-16.4159],[123.0203,-16.3826],[123.0537,-16.4706],[122.9598,-16.5803],[123.0428,-16.6925],[123.1322,-16.6863],[123.1433,-16.9138],[123.5708,-17.5951],[123.6443,-17.1847],[123.595,-16.9851],[123.9133,-17.2156],[123.7946,-17.0001],[123.863,-17.0256],[123.8416,-16.9465],[123.9533,-16.8285],[123.7925,-16.8907],[123.7083,-16.7419],[123.5099,-16.6539],[123.6092,-16.5463],[123.4242,-16.4911],[123.6433,-16.526],[123.5061,-16.408],[123.7117,-16.4298],[123.6316,-16.3647],[123.7117,-16.3336],[123.5397,-16.2652],[123.5702,-16.1769],[123.8069,-16.1911],[123.7327,-16.259],[123.8626,-16.3273],[123.863,-16.4298],[123.8919,-16.3388],[123.9928,-16.3779],[123.9109,-16.2175],[124.1262,-16.2722],[124.2227,-16.3956],[124.904,-16.4024],[124.4015,-16.3293],[124.4343,-16.0578],[124.5204,-16.1764],[124.5962,-16.115],[124.6097,-15.8987],[124.7327,-15.8066],[124.6097,-15.8066],[124.4863,-15.9983],[124.4505,-15.8432],[124.4043,-15.8748],[124.3765,-15.5253],[124.6296,-15.505],[124.6401,-15.4159],[124.6826,-15.4739],[124.7327,-15.3575],[124.6697,-15.3523],[124.6637,-15.2504],[124.9204,-15.361],[124.9797,-15.4776],[125.1852,-15.5178],[125.0725,-15.4189],[125.1443,-15.3131],[124.8853,-15.2968],[125.0554,-15.1623],[124.8699,-15.2504],[124.842,-15.1412],[125.0213,-15.1003],[125.0002,-14.9704],[125.0723,-14.9685],[125.1653,-15.1623],[125.1653,-15.0114],[125.2883,-15.1406],[125.4321,-15.138],[125.3665,-15.0514],[125.4295,-15.009],[125.1868,-14.9455],[125.3088,-14.885],[125.136,-14.7359],[125.3013,-14.6347],[125.2329,-14.6142],[125.3477,-14.4987],[125.3428,-14.6074],[125.3906,-14.5392],[125.4395,-14.6388],[125.4937,-14.4907],[125.5892,-14.5453],[125.6182,-14.2237],[125.7332,-14.2709],[125.6581,-14.3331],[125.6377,-14.6347],[125.7329,-14.3985],[125.7332,-14.4701],[125.8499,-14.4576],[125.833,-14.5846],[125.9181,-14.6378],[125.9251,-14.5186],[126.0413,-14.5087],[125.9802,-14.3808],[126.1448,-14.1952],[126.1345,-14.0949],[125.9728,-14.0214],[126.0964,-14.0251],[126.0173,-13.9221],[126.0864,-13.8894],[126.1516,-13.9221],[126.1106,-14.0178],[126.2205,-13.9562],[126.1659,-14.0854],[126.2888,-14.2301],[126.3291,-14.0593],[126.5275,-13.929],[126.4533,-14.0776],[126.5277,-14.0729],[126.6035,-14.2301],[126.6519,-14.0661],[126.6927,-14.1208],[126.7337,-14.0729],[126.7072,-13.9836],[126.8573,-13.9494],[126.7474,-13.7918],[126.843,-13.8185],[126.8635,-13.7433],[127.02,-13.7778],[127.1297,-13.9677],[127.1652,-13.8805],[127.197,-13.9493],[127.2368,-13.892],[127.4185,-13.942],[127.9473,-14.5732],[128.2313,-14.7182],[128.1179,-14.8538],[128.0243,-15.4965],[128.1013,-15.4246],[128.1252,-15.1821],[128.2893,-15.4018],[128.1958,-15.0568],[128.3135,-14.905],[128.3501,-15.0373],[128.3649,-14.9841],[128.4502,-15.0427],[128.3884,-14.8034],[128.5324,-14.7529],[129.1023,-14.9054],[129.1839,-14.9819],[129.1526,-15.2237],[129.2214,-15.1697],[129.2141,-15.2374],[129.263,-15.1076],[129.2288,-14.8366],[129.4766,-14.9338],[129.5852,-15.1697],[129.7271,-15.1936],[129.6118,-14.9426],[129.6492,-14.8327],[129.9824,-14.8059],[129.9933,-14.725],[129.7627,-14.8196],[129.7969,-14.7644],[129.7116,-14.7848],[129.5881,-14.6135],[129.7894,-14.5317],[129.5353,-14.5453],[129.3581,-14.4088],[129.3729,-14.3293],[129.4822,-14.0519],[129.5852,-14.0929],[129.6057,-13.9972],[129.7356,-13.9918],[129.716,-13.8674],[129.8159,-13.762],[129.8913,-13.4377],[129.9689,-13.5305],[130.2542,-13.3238],[130.3323,-13.3464],[130.1227,-13.1646],[130.1299,-12.9405],[130.3186,-12.906],[130.3543,-12.6721],[130.5161,-12.6541],[130.5068,-12.5964],[130.5864,-12.7092],[130.6929,-12.7006],[130.5604,-12.6284],[130.6175,-12.6039],[130.5784,-12.4008],[130.7839,-12.435],[130.7901,-12.5851],[130.811,-12.5374],[130.8999,-12.6398],[130.9686,-12.6267],[130.8738,-12.5136],[130.9686,-12.5374],[130.8247,-12.4008],[130.9072,-12.332],[131.0513,-12.3735],[131.0261,-12.1471],[131.2573,-12.2363],[131.2962,-12.0439],[131.4478,-12.2898],[131.897,-12.2159],[132.0579,-12.3067],[132.2513,-12.1563],[132.2783,-12.2282],[132.3799,-12.216],[132.3875,-12.3803],[132.4396,-12.1549],[132.564,-12.0916],[132.7576,-12.1334],[132.6345,-12.0672],[132.593,-11.7844],[132.6956,-11.6535],[132.4954,-11.4762],[132.3699,-11.435],[132.1065,-11.5231],[131.9761,-11.3513],[131.7676,-11.3108],[131.8825,-11.172],[131.9832,-11.2263],[131.9856,-11.1292],[132.1145,-11.2088],[132.1747,-11.4064],[132.2356,-11.3395],[132.1481,-11.1373],[132.2852,-11.2685],[132.343,-11.122],[132.3779,-11.2831],[132.4749,-11.2341],[132.6742,-11.5084],[132.8949,-11.4189],[132.911,-11.3318],[133.1668,-11.7044],[133.5321,-11.7491],[133.5321,-11.8658],[133.9158,-11.7223],[133.8438,-11.8552],[133.9431,-11.9137],[134.056,-11.8448],[134.0871,-11.9279],[134.1379,-11.8795],[134.1858,-12.0764],[134.285,-11.9682],[134.5942,-12.0644],[134.7686,-11.9477],[134.8611,-12.1266],[135.2176,-12.3008],[135.1701,-12.2282],[135.3381,-12.2457],[135.2227,-12.1913],[135.3663,-12.0876],[135.5879,-12.0986],[135.712,-12.0185],[135.5811,-12.0576],[135.5925,-11.9651],[135.7752,-11.9194],[135.9004,-11.7592],[135.9034,-11.8499],[135.7169,-12.003],[135.9163,-11.9682],[135.6521,-12.2033],[135.7319,-12.3115],[136.0535,-12.0644],[135.9354,-12.2136],[136.0602,-12.2322],[135.9851,-12.363],[136.0339,-12.4659],[136.2845,-12.4158],[136.363,-12.2229],[136.177,-12.1708],[136.5722,-11.8964],[136.4703,-11.9864],[136.6636,-12.2636],[136.7454,-12.2658],[136.6794,-12.2047],[136.7609,-12.1645],[136.9837,-12.3455],[136.7712,-12.5414],[136.8055,-12.4565],[136.7402,-12.4758],[136.7613,-12.5743],[136.6901,-12.7133],[136.6084,-12.7149],[136.6107,-12.8303],[136.5593,-12.7452],[136.4717,-12.7739],[136.6575,-12.9957],[136.4968,-12.9752],[136.5672,-13.0582],[136.4723,-13.2424],[136.322,-13.308],[136.3882,-13.2258],[136.3329,-13.0469],[136.3084,-13.1628],[136.2493,-13.1297],[136.1586,-13.2629],[136.1476,-13.1222],[136.0535,-13.3119],[136.0083,-13.2155],[135.8834,-13.3258],[135.9694,-13.4257],[135.8547,-13.456],[135.8867,-13.7136],[136.0779,-13.6627],[135.9231,-13.9596],[135.9094,-14.1952],[135.7591,-14.2654],[135.5226,-14.6515],[135.3682,-14.7228],[135.4696,-14.948],[136.2246,-15.4086],[136.2732,-15.5595],[136.5947,-15.7109],[136.7156,-15.936],[136.9255,-15.9347],[136.9919,-15.8642],[137.3612,-16.1222],[137.7461,-16.2521],[138.1843,-16.6972],[139.0083,-16.8954],[139.1581,-17.033],[139.1643,-17.2037],[139.2742,-17.3483],[139.9995,-17.7062],[140.5232,-17.6303],[140.8452,-17.4412],[140.947,-17.0183],[141.1995,-16.7031],[141.4312,-16.0618],[141.3777,-15.9294],[141.4397,-15.6489],[141.6657,-15.0114],[141.5217,-14.4838],[141.5985,-14.1145],[141.4678,-13.8655],[141.6936,-13.2506],[141.5838,-12.9858],[141.8097,-12.6677],[141.9387,-12.9085],[141.9053,-12.7571],[142.0083,-12.7149],[141.8233,-12.6541],[141.9741,-12.5851],[141.7976,-12.58],[141.6936,-12.5032],[141.7448,-12.4548],[141.6589,-12.4479],[141.7,-12.5444],[141.5906,-12.5408],[141.7171,-12.2328],[141.8097,-12.2363],[141.7534,-12.2081],[141.8312,-12.006],[141.9133,-11.9545],[141.9196,-12.1061],[142.033,-12.0412],[141.9476,-11.8962],[142.1318,-11.3381],[142.1511,-10.9506],[142.3234,-10.9016],[142.5462,-10.6877],[142.6159,-10.7524],[142.5017,-10.9478],[142.5908,-10.8649],[142.6663,-11.0031],[142.742,-10.975],[142.8722,-11.3825],[142.8623,-11.8368],[142.9922,-11.934],[143.249,-11.9682],[143.0863,-12.149],[143.0772,-12.3288],[143.2529,-12.3889],[143.2949,-12.5348],[143.4339,-12.6131],[143.3589,-12.8805],[143.5438,-12.8328],[143.5029,-13.0751],[143.5979,-13.5242],[143.5301,-13.7502],[143.6873,-14.0143],[143.7827,-14.4023],[143.9412,-14.5112],[144.1616,-14.3731],[144.2012,-14.2504],[144.3036,-14.3126],[144.4863,-14.1619],[144.5804,-14.3642],[144.6331,-14.3399],[144.6776,-14.5558],[144.9007,-14.6142],[145.0305,-14.8059],[145.2228,-14.8327],[145.3457,-14.9426],[145.2358,-15.1659],[145.3495,-15.2504],[145.2439,-15.4284],[145.4624,-16.0605],[145.4004,-16.4433],[145.7225,-16.8002],[145.7743,-16.9884],[145.8391,-16.8815],[145.9551,-16.8731],[145.8818,-17.0597],[146.1477,-17.6326],[146.0101,-18.2365],[146.1834,-18.3801],[146.2092,-18.5134],[146.3394,-18.527],[146.2708,-18.8517],[146.3333,-18.9591],[146.9051,-19.3046],[147.0241,-19.1774],[147.134,-19.4108],[147.4214,-19.4128],[147.4024,-19.3039],[147.6843,-19.8281],[147.785,-19.8354],[147.7508,-19.6915],[147.8239,-19.7143],[147.929,-19.8976],[148.2786,-19.9658],[148.2649,-20.0831],[148.402,-20.1985],[148.464,-20.1855],[148.4442,-20.0619],[148.5601,-20.0527],[148.6108,-20.2136],[148.6484,-20.165],[148.6831,-20.2742],[148.782,-20.2408],[148.937,-20.5349],[148.701,-20.4392],[148.6602,-20.5722],[148.8435,-20.7775],[148.8272,-20.8906],[149.0563,-20.8985],[149.0266,-20.9763],[149.2312,-21.0898],[149.1965,-21.2201],[149.3411,-21.4244],[149.2922,-21.5107],[149.3952,-21.5038],[149.4294,-21.5838],[149.4872,-21.5359],[149.4354,-21.7897],[149.5876,-22.2822],[149.6974,-22.3443],[149.6633,-22.4938],[149.8128,-22.3781],[150.0467,-22.6453],[149.9235,-22.2983],[150.0536,-22.1415],[150.194,-22.3787],[150.6091,-22.6105],[150.5437,-22.367],[150.6184,-22.3344],[150.6638,-22.4194],[150.6775,-22.358],[150.7598,-22.4705],[150.6775,-22.5627],[150.7319,-22.6281],[150.7734,-22.5302],[150.8264,-22.6979],[150.7365,-22.9329],[150.8823,-23.4889],[150.814,-23.5092],[151.0113,-23.5665],[151.5505,-24.0914],[151.6917,-24.0983],[151.6414,-23.9783],[151.721,-24.0587],[151.7804,-24.0226],[152.1231,-24.5917],[152.4697,-24.8056],[152.637,-25.1603],[152.5677,-25.1786],[152.9138,-25.2877],[152.8704,-25.4757],[152.9624,-25.4374],[152.9662,-25.4972],[152.884,-25.6742],[153.0213,-25.8251],[153.0213,-25.969],[153.0615,-25.8176],[153.1216,-25.9338],[153.2056,-25.935],[153.0741,-26.3166],[153.2102,-27.0772],[153.0383,-27.1935],[153.1174,-27.197],[153.065,-27.3105],[153.4458,-27.7914],[153.3999,-27.9542],[153.5706,-28.1938],[153.6306,-28.6616],[153.606,-28.8674],[153.3506,-29.281],[153.2949,-29.8266],[153.0231,-30.5755],[153.0595,-31.0772],[152.7472,-31.8426],[152.5464,-32.0437],[152.5399,-32.4421],[152.2948,-32.5596],[152.2192,-32.6972],[152.0609,-32.6979],[152.1851,-32.7668],[151.7992,-32.8937],[151.569,-33.2922],[151.4538,-33.3042],[151.5038,-33.36],[151.4242,-33.5278],[151.2307,-33.5349],[151.2256,-33.6091],[151.3408,-33.6175],[151.2469,-33.8564],[151.2814,-33.9523],[151.0952,-34.0144],[151.2312,-34.0405],[150.969,-34.2627],[150.9189,-34.4864],[150.801,-34.5483],[150.917,-34.6034],[150.7271,-34.8741],[150.8447,-35.0772],[150.6956,-35.0261],[150.7595,-35.1789],[150.554,-35.2136],[150.2917,-35.7228],[150.1909,-35.7268],[150.2386,-35.8331],[150.0816,-36.0838],[150.1433,-36.1144],[150.1423,-36.32],[149.9097,-36.9055],[149.9416,-37.0622],[149.8761,-37.0959],[150.0536,-37.2687],[149.951,-37.2843],[149.9854,-37.4959],[149.7184,-37.5158],[149.7663,-37.5841],[149.6785,-37.691],[149.4912,-37.7833],[148.3064,-37.8234],[147.7576,-37.9851],[146.8477,-38.685],[146.2241,-38.7145],[146.1824,-38.756],[146.2864,-38.9098],[146.4767,-38.8105],[146.4834,-39.0646],[146.3942,-39.145],[146.1817,-38.8683],[146.0918,-38.8198],[145.9212,-38.9067],[145.7572,-38.6596],[145.8535,-38.7006],[145.8093,-38.6502],[145.5996,-38.6801],[145.3731,-38.5368],[145.4207,-38.4269],[145.5569,-38.3852],[145.4644,-38.2346],[145.2559,-38.2415],[145.229,-38.4133],[144.9446,-38.5103],[144.6768,-38.3332],[144.9829,-38.3414],[145.1193,-38.1594],[144.9348,-37.8679],[144.5171,-38.1116],[144.3731,-38.1184],[144.7048,-38.1461],[144.6528,-38.2858],[144.4019,-38.3012],[143.537,-38.8583],[142.8102,-38.5784],[142.5025,-38.3744],[142.1755,-38.3987],[141.762,-38.2618],[141.5579,-38.4397],[141.3945,-38.4016],[141.3911,-38.3061],[141.1343,-38.1276],[140.6902,-38.0681],[140.3982,-37.9199],[140.1143,-37.5175],[139.988,-37.4871],[139.7949,-37.2687],[139.672,-36.9534],[139.8421,-36.8459],[139.8571,-36.6349],[139.729,-36.3723],[139.4567,-35.9579],[138.9178,-35.5768],[139.4475,-35.9273],[139.672,-36.2278],[139.4754,-35.8964],[139.0414,-35.6041],[139.1553,-35.5034],[139.2341,-35.5475],[139.2295,-35.6894],[139.3381,-35.6874],[139.3557,-35.5934],[139.2189,-35.5073],[139.361,-35.4895],[139.363,-35.3769],[139.178,-35.3154],[138.9612,-35.4138],[139.0309,-35.5175],[138.7938,-35.484],[138.9934,-35.5475],[138.7459,-35.5388],[138.5313,-35.6459],[138.1074,-35.6207],[138.4382,-35.3427],[138.4939,-34.7916],[138.5506,-34.7819],[138.0781,-34.1284],[137.8923,-34.5261],[137.7495,-35.131],[137.6714,-35.1808],[137.4255,-35.1183],[137.1692,-35.2423],[136.8394,-35.2561],[137.0198,-34.9015],[137.4461,-34.9174],[137.5127,-34.6178],[137.4785,-34.4662],[137.4143,-34.4724],[137.4839,-34.3554],[137.4524,-34.1557],[137.5486,-34.0872],[137.6021,-33.8766],[137.9309,-33.6165],[137.8104,-33.26],[138.0402,-33.0816],[137.7739,-32.5198],[137.7783,-32.9828],[137.6321,-32.9615],[137.4522,-33.1401],[137.2249,-33.6533],[137.0202,-33.7302],[136.9456,-33.6823],[136.8831,-33.7548],[136.9646,-33.7531],[136.6074,-33.9029],[136.1148,-34.3837],[136.1014,-34.5348],[136.0693,-34.4819],[135.9368,-34.5346],[135.883,-34.7685],[135.7995,-34.8053],[136.0164,-34.7441],[135.9646,-35.0075],[135.7827,-34.8576],[135.6326,-34.9529],[135.2879,-34.5925],[135.1081,-34.596],[135.2098,-34.4316],[135.3709,-34.6282],[135.5036,-34.6119],[135.3892,-34.5693],[135.3286,-34.2213],[135.231,-34.1368],[135.2595,-33.998],[134.8408,-33.6313],[134.861,-33.4794],[134.6766,-33.2333],[134.7062,-33.1729],[134.5816,-33.1459],[134.6283,-33.2467],[134.4776,-33.1573],[134.3335,-33.205],[134.1486,-33.0275],[134.1907,-32.9465],[134.0687,-32.9293],[134.1328,-32.8356],[134.0741,-32.714],[134.2168,-32.7258],[134.214,-32.8062],[134.2976,-32.6785],[134.1483,-32.457],[133.8644,-32.5468],[133.8692,-32.4325],[133.95,-32.3894],[133.6492,-32.1017],[133.2708,-32.2188],[132.7762,-31.9509],[132.2337,-32.033],[131.5359,-31.6056]]],[[[133.4087,-11.5921],[133.4844,-11.602],[133.3602,-11.6603],[133.4087,-11.5921]]],[[[133.4769,-11.4548],[133.511,-11.5032],[133.395,-11.5442],[133.4769,-11.4548]]],[[[147.9985,-43.2304],[147.8828,-43.1315],[147.7925,-43.2441],[147.7002,-43.1628],[147.7479,-43.1057],[147.6272,-43.0427],[147.6926,-42.9362],[147.763,-43.0375],[147.8871,-43.0344],[147.8403,-42.902],[147.5335,-42.8366],[147.5591,-42.9772],[147.4362,-43.0461],[147.4773,-42.9089],[147.2837,-42.7785],[147.3602,-42.9252],[147.3332,-43.0427],[147.2544,-43.0273],[147.2576,-43.2543],[147.1638,-43.2701],[147.1066,-43.1547],[147.0606,-43.2016],[146.9729,-43.1311],[147.0998,-43.2994],[146.9627,-43.3403],[147.0553,-43.3562],[146.9216,-43.4296],[147.0178,-43.4781],[146.9017,-43.532],[146.927,-43.6117],[146.7107,-43.629],[146.5547,-43.4694],[146.5135,-43.5339],[146.2381,-43.4846],[146.0242,-43.5525],[145.9432,-43.3648],[146.1614,-43.4159],[146.2295,-43.3198],[146.0254,-43.3249],[145.9172,-43.1959],[145.8693,-43.273],[145.9258,-43.2892],[145.8318,-43.2926],[145.2655,-42.6043],[145.1887,-42.1957],[145.4348,-42.3793],[145.472,-42.5128],[145.5581,-42.3416],[145.4631,-42.3272],[145.3457,-42.1472],[145.229,-42.1957],[145.2066,-41.9666],[144.9202,-41.7029],[144.7498,-41.4142],[144.6058,-40.9965],[144.7038,-40.8714],[144.6986,-40.6603],[145.1188,-40.8214],[145.2692,-40.72],[145.3324,-40.8381],[145.5239,-40.8458],[145.8098,-41.027],[146.5856,-41.1801],[146.7442,-41.0655],[146.8081,-41.1567],[146.9496,-41.1611],[146.8193,-41.0754],[147.0176,-40.9767],[147.3428,-40.9422],[147.4448,-41.0084],[147.6506,-40.8285],[147.8495,-40.8888],[147.9842,-40.7365],[148.2093,-40.8408],[148.3314,-41.0022],[148.2723,-41.045],[148.3215,-41.2685],[148.258,-41.3466],[148.3542,-41.2914],[148.261,-41.8004],[148.3643,-42.2044],[148.3218,-42.278],[148.258,-42.2442],[148.3201,-42.1194],[148.1624,-42.0592],[148.2417,-42.0074],[148.181,-41.9474],[148.1314,-42.0619],[148.2171,-42.0934],[148.0929,-42.1002],[147.9639,-42.3398],[148.0309,-42.3323],[148.006,-42.5141],[147.8887,-42.5451],[147.9531,-42.72],[147.8446,-42.8661],[148.0047,-42.9089],[147.9496,-43.0728],[147.9985,-43.2304]]],[[[158.8934,-54.5108],[158.9624,-54.4693],[158.9556,-54.5512],[158.8382,-54.7504],[158.8934,-54.5108]]],[[[147.3366,-43.3403],[147.3039,-43.5089],[147.2156,-43.4152],[147.1677,-43.5016],[147.0862,-43.4296],[147.1792,-43.454],[147.1735,-43.36],[147.3366,-43.3403]]],[[[147.4021,-43.1311],[147.4375,-43.2389],[147.3608,-43.2579],[147.3879,-43.1962],[147.2918,-43.153],[147.36,-43.0749],[147.4021,-43.1311]]],[[[148.1419,-42.6038],[148.176,-42.6482],[148.0116,-42.7512],[148.0246,-42.6135],[148.1419,-42.6038]]],[[[145.0137,-40.6682],[145.0652,-40.7092],[144.8728,-40.716],[144.9305,-40.6153],[145.0137,-40.6682]]],[[[148.114,-40.5242],[148.2511,-40.4894],[148.1942,-40.5963],[148.114,-40.5242]]],[[[144.7909,-40.4212],[144.7424,-40.5925],[144.7083,-40.4894],[144.7909,-40.4212]]],[[[144.9007,-40.4695],[144.8312,-40.428],[144.9605,-40.3979],[144.9007,-40.4695]]],[[[148.4299,-40.3733],[148.4845,-40.428],[148.3406,-40.5037],[148.3273,-40.436],[147.9985,-40.4177],[148.3235,-40.3045],[148.4299,-40.3733]]],[[[148.0149,-40.1506],[147.885,-40.0309],[147.8809,-39.895],[147.7577,-39.8793],[147.9533,-39.7117],[148.167,-39.9356],[148.299,-39.9618],[148.2239,-40.1264],[148.299,-40.0991],[148.3338,-40.1747],[148.1243,-40.2706],[148.0149,-40.1506]]],[[[144.1055,-39.893],[144.1125,-40.0309],[143.8865,-40.1065],[143.8517,-39.7564],[143.9446,-39.5789],[144.1092,-39.6658],[144.1055,-39.893]]],[[[145.3352,-38.5095],[145.3526,-38.571],[145.113,-38.5305],[145.2793,-38.4516],[145.3352,-38.5095]]],[[[145.4419,-38.3165],[145.4888,-38.3691],[145.2837,-38.4026],[145.2979,-38.2966],[145.4419,-38.3165]]],[[[138.1296,-35.8163],[138.0477,-35.9186],[137.8218,-35.864],[137.6288,-35.9103],[137.6023,-36.0258],[137.4592,-36.0827],[137.2279,-35.9798],[136.7156,-36.0628],[136.5326,-35.9119],[136.5978,-35.7575],[137.3351,-35.5829],[137.6229,-35.5821],[137.6018,-35.7439],[137.7785,-35.7395],[137.8128,-35.8115],[137.9656,-35.7302],[138.1296,-35.8163]]],[[[136.1736,-35.0113],[136.1621,-35.0655],[136.0861,-34.9482],[136.1736,-35.0113]]],[[[153.4873,-27.4152],[153.5488,-27.4152],[153.4033,-27.7263],[153.398,-27.4931],[153.4873,-27.4152]]],[[[153.4115,-27.3395],[153.3605,-27.066],[153.4513,-27.017],[153.4115,-27.3395]]],[[[113.2166,-26.068],[113.1773,-26.1256],[112.9539,-25.773],[112.9595,-25.4825],[113.1156,-25.9633],[113.2166,-26.068]]],[[[153.37,-24.989],[153.0553,-25.7971],[152.9483,-25.5522],[153.0685,-25.329],[153.0213,-25.1982],[153.2425,-24.9933],[153.1372,-24.8171],[153.2813,-24.6935],[153.37,-24.989]]],[[[151.2699,-23.6663],[151.2976,-23.7482],[151.2139,-23.7781],[150.9796,-23.4874],[151.2391,-23.4889],[151.2699,-23.6663]]],[[[150.5366,-22.2753],[150.4823,-22.345],[150.4784,-22.2162],[150.5366,-22.2753]]],[[[115.4645,-20.7302],[115.4081,-20.8537],[115.307,-20.8705],[115.3994,-20.6938],[115.4645,-20.7302]]],[[[149.0674,-20.3152],[148.927,-20.2873],[148.9849,-20.1515],[149.0674,-20.3152]]],[[[148.9575,-20.1438],[148.8818,-20.1376],[148.9637,-20.0416],[148.9575,-20.1438]]],[[[146.8602,-19.116],[146.8201,-19.1751],[146.7803,-19.132],[146.8602,-19.116]]],[[[146.319,-18.383],[146.3108,-18.4787],[146.2234,-18.4655],[146.0973,-18.2452],[146.3021,-18.2372],[146.319,-18.383]]],[[[139.5622,-17.0392],[139.5693,-17.1004],[139.4251,-17.1428],[139.4939,-16.9851],[139.5622,-17.0392]]],[[[139.7341,-16.4433],[139.7077,-16.5265],[139.4871,-16.5178],[139.4447,-16.6646],[139.3021,-16.7245],[139.2879,-16.4706],[139.5827,-16.3956],[139.7341,-16.4433]]],[[[136.8006,-15.642],[136.835,-15.6824],[136.7318,-15.7444],[136.8006,-15.642]]],[[[137.0779,-15.7512],[137.0729,-15.847],[136.9347,-15.7213],[136.9948,-15.5928],[137.0779,-15.7512]]],[[[136.6157,-15.539],[136.5879,-15.6352],[136.4985,-15.6277],[136.6157,-15.539]]],[[[136.8957,-15.5875],[136.8373,-15.5993],[136.8833,-15.4981],[136.8957,-15.5875]]],[[[124.418,-15.2541],[124.4317,-15.3087],[124.3362,-15.3001],[124.418,-15.2541]]],[[[124.5757,-15.3329],[124.6502,-15.3951],[124.5492,-15.4363],[124.5825,-15.374],[124.4588,-15.3609],[124.552,-15.2494],[124.5757,-15.3329]]],[[[124.9282,-14.9736],[124.927,-15.0292],[124.8638,-14.9726],[124.9282,-14.9736]]],[[[125.1951,-14.4701],[125.1375,-14.6476],[125.0964,-14.549],[125.1951,-14.4701]]],[[[136.2869,-13.7058],[136.2361,-13.8473],[136.177,-13.7638],[136.1167,-13.8167],[136.1148,-13.7236],[136.2869,-13.7058]]],[[[136.9515,-14.1816],[136.9031,-14.2989],[136.3241,-14.2296],[136.4373,-14.1204],[136.4097,-13.8185],[136.5947,-13.8123],[136.5723,-13.6862],[136.7183,-13.6477],[136.7318,-13.8395],[136.9031,-13.7576],[136.7046,-14.1269],[136.7363,-14.1891],[136.9515,-14.1816]]],[[[136.1359,-13.4348],[136.1178,-13.3622],[136.2031,-13.4612],[136.143,-13.5604],[136.1359,-13.4348]]],[[[132.6198,-11.6467],[132.5838,-11.7201],[132.5088,-11.6496],[132.6198,-11.6467]]],[[[130.5368,-11.705],[130.635,-11.7682],[130.5733,-11.831],[130.0166,-11.777],[130.0715,-11.6712],[130.1854,-11.6765],[130.147,-11.489],[130.345,-11.3171],[130.448,-11.7013],[130.5368,-11.705]]],[[[131.5374,-11.4133],[131.474,-11.6002],[131.3866,-11.5778],[131.2931,-11.7241],[130.9612,-11.9339],[130.4966,-11.6495],[130.3674,-11.2043],[130.4002,-11.1533],[130.5872,-11.2868],[130.5662,-11.3946],[130.6585,-11.3313],[130.6956,-11.4343],[130.9209,-11.3093],[131.0233,-11.4133],[131.1531,-11.2493],[131.2192,-11.3997],[131.2053,-11.2465],[131.2744,-11.1896],[131.2902,-11.2714],[131.4143,-11.2426],[131.5374,-11.4133]]],[[[136.7637,-11.0401],[136.7165,-11.2062],[136.478,-11.4479],[136.7637,-11.0401]]],[[[132.4894,-11.1601],[132.4681,-11.03],[132.5993,-10.9684],[132.5993,-11.345],[132.4894,-11.1601]]],[[[142.2554,-10.6667],[142.187,-10.7696],[142.1123,-10.6843],[142.2554,-10.6667]]],[[[142.2935,-10.1389],[142.3342,-10.2005],[142.2212,-10.2421],[142.2935,-10.1389]]],[[[142.1901,-10.081],[142.1429,-10.1856],[142.097,-10.1186],[142.1901,-10.081]]],[[[146.6511,-18.7458],[146.5702,-18.7608],[146.5813,-18.6822],[146.6511,-18.7458]]],[[[142.7546,-9.3698],[142.7139,-9.4286],[142.6012,-9.3995],[142.7546,-9.3698]]]]},"properties":{"registry":"AHDR","label":"Australian Hand Difference Register (AHDR)","country":"Australia","status":"clinical","area":"Australia, a national register since 2017","website":"https://www.mcri.edu.au/research/projects/ahdr","source":"McCombe D, Wall L, Goldfarb C, H\u00fclsemann W, Sletten IN, Wilks D, Horwitz MD, Lam WL. Congenital upper limb difference patient registries: characteristics, comparisons and recommendations. J Hand Surg Eur Vol 2026;51(1):111-118, doi:10.1177/17531934251348360"}},{"type":"Feature","geometry":{"type":"MultiPolygon","coordinates":[[[[-7.2471,55.0693],[-7.0537,55.0487],[-6.9626,55.1946],[-6.101,55.2124],[-5.9862,54.9818],[-5.6898,54.7931],[-5.9074,54.6056],[-5.5747,54.6801],[-5.4338,54.461],[-5.5158,54.3381],[-5.558,54.5119],[-5.702,54.5777],[-5.6256,54.4411],[-5.7089,54.3518],[-5.5797,54.3837],[-5.553,54.2985],[-5.862,54.2305],[-5.8938,54.1047],[-6.0405,54.0364],[-6.3548,54.1107],[-6.6306,54.0418],[-6.6403,54.168],[-6.7878,54.203],[-7.0178,54.4132],[-7.1925,54.3347],[-7.1533,54.2242],[-7.3103,54.1147],[-7.837,54.2043],[-8.1738,54.4617],[-7.7079,54.6042],[-7.9297,54.6967],[-7.5431,54.7417],[-7.4053,55.0036],[-7.2471,55.0693]]],[[[-2.6654,51.6173],[-2.9747,51.563],[-3.1848,51.3976],[-3.5392,51.3985],[-3.8416,51.6215],[-4.2899,51.5556],[-4.2899,51.617],[-4.0705,51.676],[-4.3153,51.6775],[-4.3651,51.789],[-4.941,51.5965],[-5.1197,51.6784],[-4.8448,51.7138],[-4.8243,51.7957],[-5.1829,51.6893],[-5.2495,51.7337],[-5.1103,51.7785],[-5.1259,51.856],[-5.3109,51.864],[-5.0702,52.0264],[-4.8414,52.0148],[-4.3158,52.2163],[-4.1096,52.3653],[-4.0565,52.5294],[-3.9473,52.5493],[-4.1255,52.6039],[-3.9883,52.7343],[-4.149,52.8121],[-4.0776,52.9267],[-4.7628,52.7895],[-4.178,53.2176],[-3.8313,53.2891],[-3.8784,53.3376],[-3.6022,53.2889],[-3.3303,53.3518],[-3.0878,53.2347],[-3.1864,53.3928],[-3.0583,53.4348],[-2.8815,53.2884],[-2.6998,53.3518],[-2.925,53.35],[-3.1019,53.5581],[-2.899,53.7354],[-3.0492,53.7695],[-3.0566,53.9062],[-2.858,53.9676],[-2.8301,54.016],[-2.9182,54.0343],[-2.796,54.1252],[-2.8542,54.1941],[-2.796,54.2487],[-2.9392,54.1551],[-3.0492,54.2221],[-3.1454,54.0638],[-3.241,54.1121],[-3.2074,54.263],[-3.3068,54.1919],[-3.6342,54.5129],[-3.3879,54.8834],[-3.0218,54.9755],[-3.5705,54.9954],[-3.5817,54.8836],[-3.817,54.8862],[-4.0117,54.7682],[-4.4029,54.9073],[-4.3824,54.6801],[-4.8591,54.8663],[-4.9548,54.8048],[-4.8591,54.633],[-5.1571,54.8791],[-5.1708,55.0087],[-4.9956,54.9203],[-5.0078,55.1412],[-4.6178,55.4956],[-4.9205,55.7086],[-4.8611,55.7567],[-4.8865,55.9197],[-4.4817,55.9283],[-4.7555,56.2065],[-4.8517,56.1126],[-4.9205,56.1679],[-4.8926,55.9897],[-4.9547,55.9966],[-4.9831,55.871],[-5.1236,56.0099],[-5.0865,55.9013],[-5.1807,55.9693],[-5.2011,55.8315],[-5.2967,55.8527],[-5.3383,55.9966],[-4.9205,56.2778],[-5.4444,56.0276],[-5.3178,55.783],[-5.4901,55.6446],[-5.455,55.5919],[-5.5846,55.4274],[-5.5251,55.3586],[-5.7829,55.3135],[-5.6809,55.6745],[-5.455,55.8458],[-5.6604,55.7973],[-5.571,55.9345],[-5.6964,55.916],[-5.571,56.0375],[-5.7075,55.9426],[-5.5316,56.0863],[-5.5096,56.1884],[-5.6058,56.14],[-5.4928,56.2604],[-5.5922,56.2498],[-5.5726,56.3281],[-5.4481,56.3597],[-5.5375,56.3597],[-5.457,56.4409],[-5.2087,56.4468],[-5.0646,56.5651],[-5.2011,56.4621],[-5.455,56.4695],[-5.4276,56.5378],[-5.2421,56.5651],[-5.4139,56.5447],[-5.3178,56.6613],[-4.9956,56.716],[-5.2383,56.7166],[-5.1197,56.8184],[-5.6741,56.4969],[-6.0082,56.6423],[-5.5437,56.6955],[-6.2345,56.7286],[-5.7567,56.7849],[-5.8512,56.8289],[-5.6604,56.873],[-5.9211,56.8941],[-5.8317,56.9971],[-5.5233,57.004],[-5.7762,57.0758],[-5.4004,57.1064],[-5.6809,57.1579],[-5.5782,57.2668],[-5.4072,57.2299],[-5.5019,57.2777],[-5.4407,57.3193],[-5.7293,57.2982],[-5.4481,57.4217],[-5.8078,57.3549],[-5.8392,57.5793],[-5.5127,57.5415],[-5.8059,57.6426],[-5.6741,57.7097],[-5.8038,57.7438],[-5.8112,57.8332],[-5.6986,57.8691],[-5.6058,57.7705],[-5.6126,57.9288],[-5.2216,57.8469],[-5.3662,57.9431],[-5.0708,57.8332],[-5.447,58.0844],[-5.3008,58.0701],[-5.2421,58.1479],[-5.3921,58.2614],[-4.9336,58.223],[-5.1732,58.3539],[-5.1431,58.4148],[-5.0162,58.3881],[-5.1056,58.5056],[-4.9882,58.6283],[-4.8359,58.605],[-4.8181,58.5246],[-4.7765,58.6072],[-4.66,58.5559],[-4.761,58.448],[-4.4755,58.5656],[-4.4265,58.5246],[-4.4954,58.4495],[-4.029,58.5952],[-3.3641,58.6008],[-3.3749,58.6771],[-3.0191,58.6403],[-3.1293,58.5126],[-3.0533,58.4658],[-3.1298,58.3693],[-4.0019,57.9356],[-4.0844,57.9642],[-4.0093,57.8679],[-4.3924,57.9083],[-4.0399,57.8182],[-3.7794,57.8557],[-3.9883,57.696],[-4.078,57.7303],[-4.4122,57.603],[-4.0093,57.6885],[-4.105,57.5793],[-4.2626,57.5521],[-4.2489,57.4975],[-3.4092,57.7233],[-1.9977,57.7028],[-1.8295,57.6135],[-1.7593,57.4736],[-1.9803,57.3193],[-2.1864,56.9145],[-2.4264,56.7513],[-2.5146,56.5915],[-2.7277,56.4695],[-2.8028,56.3454],[-2.5768,56.2778],[-2.9643,56.2056],[-3.3427,56.0272],[-3.8375,56.1064],[-3.6562,56.0102],[-3.0782,55.9468],[-2.6351,56.0581],[-2.138,55.9146],[-1.8165,55.6329],[-1.6308,55.5851],[-1.5179,55.1571],[-1.2755,54.7484],[-1.1722,54.7012],[-1.2037,54.6257],[-0.563,54.4774],[-0.3705,54.2477],[-0.0755,54.1121],[-0.2195,54.0228],[0.1312,53.5734],[-0.2604,53.7354],[-0.7265,53.7006],[-0.2794,53.7071],[0.2195,53.4195],[0.3566,53.1457],[0.0103,52.8865],[0.3845,52.7684],[0.5696,52.9693],[1.2747,52.9292],[1.6442,52.7758],[1.7472,52.6252],[1.7712,52.4859],[1.5823,52.0815],[1.3323,51.9401],[1.1579,52.0285],[1.271,51.9564],[1.0691,51.9534],[1.282,51.9466],[1.1996,51.8777],[1.2764,51.8448],[1.0654,51.7753],[0.9798,51.8436],[0.6986,51.72],[0.93,51.7436],[0.9245,51.5883],[0.3845,51.4531],[0.6948,51.477],[0.5765,51.3936],[0.9772,51.3492],[1.4238,51.3921],[1.3845,51.1517],[1.0669,51.0644],[0.9798,50.9182],[0.7625,50.9309],[0.271,50.7474],[-0.2697,50.8313],[-0.7899,50.73],[-0.9392,50.8432],[-1.0828,50.781],[-1.0692,50.8437],[-1.1647,50.8437],[-1.1511,50.7814],[-1.4664,50.9182],[-1.3173,50.8002],[-1.5612,50.719],[-2.039,50.7399],[-2.0827,50.699],[-1.9528,50.6766],[-1.9652,50.6022],[-2.3983,50.6456],[-2.4534,50.5277],[-2.8648,50.7338],[-3.3682,50.6171],[-3.4644,50.6785],[-3.4875,50.4594],[-3.5563,50.4321],[-3.4875,50.4048],[-3.6606,50.221],[-4.0544,50.3004],[-4.2006,50.4594],[-4.2899,50.3974],[-4.1938,50.3223],[-4.6943,50.3435],[-5.0024,50.1441],[-5.053,50.1958],[-5.126,50.0963],[-5.0565,50.0606],[-5.1912,49.9591],[-5.4748,50.1304],[-5.7051,50.0523],[-5.6846,50.1615],[-5.3148,50.2536],[-5.0503,50.4287],[-5.0156,50.538],[-4.8448,50.5141],[-4.9205,50.5892],[-4.7925,50.5952],[-4.5773,50.7747],[-4.5264,51.015],[-4.3377,50.9966],[-4.208,51.0764],[-4.2285,51.1925],[-3.7692,51.2477],[-3.0218,51.1925],[-2.9747,51.3842],[-2.3885,51.7504],[-2.6654,51.6173]]],[[[-1.0828,50.7133],[-1.2792,50.5825],[-1.5695,50.658],[-1.3185,50.7722],[-1.0828,50.7133]]],[[[-4.0981,53.3096],[-4.0429,53.3028],[-4.0981,53.2501],[-4.4066,53.1306],[-4.3851,53.1824],[-4.4954,53.1799],[-4.571,53.2755],[-4.571,53.3928],[-4.3247,53.4195],[-4.2032,53.2985],[-4.0981,53.3096]]],[[[-5.0708,55.5093],[-5.1178,55.4398],[-5.3047,55.4621],[-5.3929,55.6466],[-5.1983,55.7043],[-5.0708,55.5093]]],[[[-5.0298,55.7495],[-5.1995,55.9111],[-5.0809,55.8796],[-5.0298,55.7495]]],[[[-6.0304,55.7291],[-6.2873,55.5784],[-6.3192,55.6282],[-6.2432,55.6601],[-6.3252,55.7154],[-6.25,55.7768],[-6.5035,55.6813],[-6.4452,55.8488],[-6.3314,55.89],[-6.3109,55.8184],[-6.1401,55.9414],[-6.0304,55.7291]]],[[[-6.2057,56.1027],[-6.138,56.1247],[-6.1743,56.0438],[-6.2699,56.0375],[-6.2057,56.1027]]],[[[-5.7976,56.1126],[-5.6893,56.1118],[-5.9621,55.8048],[-6.0624,55.8095],[-6.0752,55.916],[-5.8863,55.9761],[-5.9956,55.986],[-5.7976,56.1126]]],[[[-6.8186,56.5378],[-6.7292,56.5303],[-6.8816,56.4443],[-6.9899,56.5036],[-6.8186,56.5378]]],[[[-5.6883,56.4348],[-5.8087,56.3189],[-6.2668,56.2635],[-6.3661,56.3222],[-6.0208,56.382],[-6.2032,56.3803],[-6.0167,56.5036],[-6.3382,56.5521],[-6.1513,56.6518],[-5.6883,56.4348]]],[[[-7.394,57.0102],[-7.5568,56.9531],[-7.4492,57.0586],[-7.394,57.0102]]],[[[-6.3252,57.0586],[-6.2432,57.0102],[-6.276,56.9531],[-6.4555,57.004],[-6.3252,57.0586]]],[[[-7.2438,57.3255],[-7.1954,57.3056],[-7.2567,57.2367],[-7.353,57.2429],[-7.2599,57.1598],[-7.3462,57.1479],[-7.2159,57.1138],[-7.353,57.0996],[-7.4554,57.2367],[-7.3897,57.312],[-7.4281,57.3876],[-7.2438,57.3255]]],[[[-7.2636,57.4831],[-7.2054,57.4186],[-7.4076,57.4456],[-7.2636,57.4831]]],[[[-6.0644,57.3466],[-5.9933,57.507],[-5.9895,57.3473],[-6.0644,57.3466]]],[[[-7.1294,57.6529],[-7.0992,57.6073],[-7.2159,57.634],[-7.1256,57.5711],[-7.3121,57.5521],[-7.1575,57.5111],[-7.5448,57.593],[-7.4766,57.6619],[-7.1294,57.6529]]],[[[-6.5641,57.3466],[-6.7838,57.4564],[-6.7159,57.5142],[-6.6068,57.4439],[-6.6306,57.5018],[-6.5641,57.5036],[-6.6405,57.6073],[-6.3109,57.4626],[-6.4157,57.6458],[-6.3109,57.7028],[-6.1539,57.5895],[-6.188,57.3944],[-6.0992,57.3323],[-6.1539,57.3056],[-5.6474,57.2646],[-6.0067,57.0284],[-5.8454,57.1883],[-6.044,57.2299],[-6.0886,57.1274],[-6.1645,57.2014],[-6.3183,57.161],[-6.2767,57.202],[-6.4822,57.3118],[-6.3239,57.3114],[-6.5306,57.4155],[-6.5641,57.3466]]],[[[-6.9551,57.7438],[-7.1251,57.8369],[-6.8391,57.9356],[-7.1128,57.9902],[-6.9346,58.0523],[-7.0582,58.0386],[-7.1128,58.182],[-6.9073,58.2168],[-6.8596,58.1069],[-6.8695,58.1894],[-6.7094,58.1894],[-6.8186,58.2851],[-6.2231,58.4992],[-6.1675,58.3465],[-6.3661,58.2373],[-6.16,58.2168],[-6.4003,58.2099],[-6.373,58.1411],[-6.6194,58.0864],[-6.4071,58.1069],[-6.3524,58.0386],[-6.5449,58.0175],[-6.4555,57.9765],[-6.5375,57.9213],[-6.661,57.9288],[-6.7094,58.0039],[-6.592,58.0585],[-6.6883,58.0585],[-6.764,58.0039],[-6.661,57.8803],[-6.787,57.8988],[-6.7419,57.8315],[-6.9551,57.7438]]],[[[-2.953,58.84],[-2.8837,58.8322],[-2.9399,58.7307],[-2.953,58.84]]],[[[-3.2484,58.7922],[-3.1317,58.8065],[-3.2993,58.7791],[-3.4333,58.885],[-3.2461,58.8962],[-3.1727,58.8263],[-3.2484,58.7922]]],[[[-2.7277,58.9709],[-2.8238,58.8815],[-2.9812,58.9601],[-3.2028,58.9159],[-3.2279,59.0386],[-3.2894,58.9504],[-3.3667,59.0161],[-3.3238,59.1274],[-3.1827,59.1472],[-2.9945,59.0733],[-3.1167,58.9982],[-2.7277,58.9709]]],[[[-2.542,59.1206],[-2.6861,59.0892],[-2.6178,59.128],[-2.6655,59.1552],[-2.542,59.1206]]],[[[-3.0048,59.128],[-3.1204,59.1766],[-2.953,59.1832],[-3.0048,59.128]]],[[[-2.8301,59.1968],[-2.7611,59.2521],[-2.7345,59.1484],[-2.8301,59.1968]]],[[[-2.4464,59.293],[-2.6926,59.1923],[-2.6116,59.293],[-2.4464,59.293]]],[[[-3.0492,59.3198],[-2.9652,59.3609],[-2.8301,59.2521],[-3.0492,59.3198]]],[[[-0.7846,60.6151],[-0.8562,60.5673],[-0.9388,60.6287],[-0.7846,60.6151]]],[[[-1.097,60.4165],[-1.0344,60.4506],[-1.1251,60.3837],[-1.0704,60.3595],[-1.1722,60.3476],[-1.0898,60.2725],[-1.2194,60.2383],[-1.1238,60.1496],[-1.2132,60.1074],[-1.1647,60.0602],[-1.2746,59.8542],[-1.376,59.9086],[-1.2677,60.2452],[-1.4111,60.2589],[-1.3497,60.2111],[-1.4554,60.1562],[-1.5037,60.2434],[-1.6247,60.2172],[-1.6902,60.2851],[-1.364,60.2862],[-1.2604,60.355],[-1.395,60.39],[-1.446,60.4923],[-1.6094,60.4833],[-1.527,60.5568],[-1.3014,60.6431],[-1.3702,60.4022],[-1.2175,60.498],[-1.1517,60.4308],[-1.2208,60.4091],[-1.097,60.4165]]],[[[-0.9872,60.6977],[-0.9935,60.6356],[-1.0623,60.6629],[-1.0238,60.503],[-1.1539,60.5084],[-1.1139,60.7147],[-0.9872,60.6977]]],[[[-0.9047,60.684],[-0.9662,60.6902],[-0.9388,60.8001],[-0.7718,60.8334],[-0.8219,60.685],[-0.9047,60.684]]],[[[-1.0629,60.164],[-1.0839,60.1052],[-1.1349,60.1787],[-1.0629,60.164]]]]},"properties":{"registry":"BSSH","label":"British Society for Surgery of the Hand registry","country":"United Kingdom","status":"clinical","area":"United Kingdom, through the society's members, from 2019","website":"https://www.bssh.ac.uk/professionals/audit_database.aspx","source":"McCombe D, Wall L, Goldfarb C, H\u00fclsemann W, Sletten IN, Wilks D, Horwitz MD, Lam WL. Congenital upper limb difference patient registries: characteristics, comparisons and recommendations. J Hand Surg Eur Vol 2026;51(1):111-118, doi:10.1177/17531934251348360"}},{"type":"Feature","geometry":{"type":"MultiPolygon","coordinates":[[[[8.6608,54.8963],[8.6819,55.1332],[8.4588,55.1035],[8.4889,55.1972],[8.6895,55.1416],[8.6177,55.4379],[8.4419,55.4639],[8.3132,55.5827],[8.239,55.5579],[8.3133,55.4693],[8.0952,55.5491],[8.1817,55.7291],[8.1278,55.9876],[8.1936,55.8118],[8.3933,55.9092],[8.2824,56.0759],[8.1497,56.1112],[8.1079,56.0243],[8.1787,56.6721],[8.22,56.7092],[8.3074,56.5543],[8.5658,56.5788],[8.7266,56.4832],[8.7625,56.5634],[8.6819,56.6265],[9.0632,56.8126],[9.176,56.7086],[9.0606,56.5657],[9.1554,56.6613],[9.2762,56.633],[9.2937,56.561],[9.3057,56.6955],[9.1691,56.6887],[9.2425,56.7471],[9.175,56.8061],[9.2002,56.9389],[9.9158,57.0586],[9.7957,57.1064],[9.2454,57.0023],[9.1145,57.0586],[8.6795,56.9525],[8.4914,56.7943],[8.527,56.6953],[8.302,56.7637],[8.2479,56.8124],[8.618,57.1229],[9.4121,57.1654],[9.967,57.5914],[10.6489,57.737],[10.4304,57.5705],[10.5466,57.4353],[10.5391,57.2367],[10.3472,57.0102],[9.9269,57.0586],[10.3137,56.9829],[10.2659,56.9077],[10.3406,56.7174],[9.8059,56.6402],[10.3342,56.7038],[10.3403,56.6203],[10.1834,56.4695],[10.3303,56.6032],[10.4699,56.5209],[10.8223,56.5342],[10.9641,56.4484],[10.9116,56.3341],[10.7386,56.1545],[10.6286,56.2375],[10.548,56.1013],[10.3547,56.2021],[10.4912,56.2163],[10.5047,56.2778],[10.403,56.2982],[10.2202,56.1479],[10.2775,56.0178],[10.1821,55.8337],[9.8674,55.852],[10.0457,55.814],[10.0052,55.7011],[9.5564,55.7116],[9.8538,55.6267],[9.4981,55.4894],[9.6602,55.478],[9.5868,55.4274],[9.7103,55.2487],[9.4863,55.1562],[9.5596,55.0854],[9.4343,55.0375],[9.731,54.9954],[9.7459,54.836],[9.615,54.9327],[9.317,54.8016],[8.6608,54.8963]]],[[[11.8452,54.7319],[11.8107,54.6551],[11.4744,54.6261],[10.9992,54.7868],[11.1082,54.8315],[11.0324,54.9193],[11.2317,54.9612],[11.5947,54.8111],[11.6494,54.9135],[11.8452,54.7319]]],[[[10.4502,54.8998],[10.5186,54.852],[10.3835,54.8308],[10.1892,54.9775],[10.4502,54.8998]]],[[[12.4172,55.0302],[12.5427,54.9512],[12.115,54.9073],[12.2869,54.9892],[12.251,55.0607],[12.4172,55.0302]]],[[[10.0114,54.9755],[10.0645,54.881],[9.9536,54.8626],[9.7809,54.9168],[9.7581,54.9818],[9.8475,54.9482],[9.7991,55.0165],[9.6284,55.0581],[10.0114,54.9755]]],[[[10.855,55.0438],[10.9343,55.1597],[10.9089,55.0302],[10.6939,54.7353],[10.6011,54.8383],[10.855,55.0438]]],[[[15.1514,55.1332],[15.0727,54.9916],[14.6842,55.1013],[14.7609,55.3093],[15.1514,55.1332]]],[[[10.6663,55.0643],[10.0659,55.0922],[10.156,55.1401],[10.0036,55.1973],[9.9855,55.1278],[9.8848,55.3489],[9.7035,55.4621],[9.8122,55.4411],[9.6763,55.4957],[10.3076,55.6182],[10.5188,55.5334],[10.4196,55.4588],[10.4715,55.4431],[10.6091,55.4926],[10.6276,55.6136],[10.7424,55.4875],[10.554,55.4426],[10.6979,55.4403],[10.8343,55.2903],[10.7803,55.3049],[10.8127,55.1943],[10.6663,55.0643]]],[[[12.6157,55.6881],[12.6746,55.6013],[12.5563,55.5505],[12.5202,55.6192],[12.6157,55.6881]]],[[[10.5594,55.8663],[10.544,55.998],[10.6693,55.88],[10.5822,55.7598],[10.5594,55.8663]]],[[[12.0404,54.893],[12.1702,54.8383],[11.9607,54.6941],[11.9491,54.5686],[11.7114,54.9408],[11.8828,54.9818],[11.6159,55.0922],[11.8275,55.0507],[11.7176,55.1257],[11.807,55.1469],[11.7176,55.2083],[11.261,55.2006],[11.1901,55.3454],[11.0877,55.3585],[11.2142,55.4038],[11.0809,55.5131],[11.1321,55.5953],[10.9299,55.6601],[11.0877,55.6601],[10.8755,55.7427],[11.1926,55.7003],[11.3522,55.7558],[11.3484,55.8383],[11.5105,55.9083],[11.2726,55.9966],[11.7683,55.9705],[11.6631,55.9072],[11.7176,55.811],[11.6078,55.783],[11.7388,55.7973],[11.7627,55.7495],[11.6572,55.7309],[11.7798,55.6601],[11.9536,55.8535],[11.9347,55.9337],[12.0261,55.9414],[11.8656,55.9727],[12.2451,56.1287],[12.6219,56.0438],[12.5127,55.9283],[12.6022,55.7086],[12.1981,55.4875],[12.465,55.2903],[12.0147,55.1675],[12.177,55.1053],[12.1489,54.9941],[11.8971,54.9954],[11.8901,54.9296],[12.0404,54.893]]],[[[8.8259,56.7438],[8.6584,56.6781],[8.5147,56.7382],[8.6688,56.8258],[8.6516,56.8942],[8.9163,56.9791],[8.8259,56.7438]]],[[[11.1423,57.3323],[11.1891,57.2943],[11.0666,57.2913],[11.0288,57.2019],[10.855,57.2646],[11.1423,57.3323]]]]},"properties":{"registry":"CULA North","label":"Congenital Upper Limb Anomalies North (CULA North)","country":"Denmark","status":"clinical","area":"Denmark, participating centres, from 2018","website":"https://doi.org/10.1177/17531934251348360","source":"McCombe D, Wall L, Goldfarb C, H\u00fclsemann W, Sletten IN, Wilks D, Horwitz MD, Lam WL. Congenital upper limb difference patient registries: characteristics, comparisons and recommendations. J Hand Surg Eur Vol 2026;51(1):111-118, doi:10.1177/17531934251348360"}},{"type":"Feature","geometry":{"type":"MultiPolygon","coordinates":[[[[28.9541,69.0273],[28.4102,68.8985],[28.8015,68.8355],[28.4479,68.5297],[28.6638,68.204],[29.3309,68.0727],[29.6512,67.8236],[30.0094,67.6858],[29.9162,67.5081],[29.5198,67.2982],[29.0515,66.9078],[29.9002,66.1081],[30.1117,65.712],[30.0985,65.6564],[29.7029,65.6294],[29.8386,65.5649],[29.7263,65.4915],[29.7201,65.3291],[29.5801,65.2354],[29.8332,65.205],[29.8502,65.1215],[29.5984,65.0344],[29.6336,64.9072],[29.7803,64.7956],[30.1189,64.7679],[30.1808,64.6428],[29.9548,64.569],[30.0704,64.4719],[30.0325,64.3969],[30.5585,64.2197],[30.5523,64.0217],[30.2015,63.7926],[29.9808,63.7415],[30.4611,63.4729],[31.204,63.2127],[31.5695,62.9059],[31.2438,62.5033],[29.2032,61.2459],[27.7395,60.5742],[27.7054,60.4854],[27.4568,60.4637],[27.2324,60.5121],[27.3081,60.5258],[27.2146,60.5849],[26.9624,60.4472],[26.5534,60.433],[26.4749,60.4873],[26.3421,60.3756],[25.9172,60.4854],[26.1082,60.3359],[26.0401,60.2998],[25.8421,60.4022],[25.9302,60.2452],[25.7538,60.3207],[25.8489,60.2657],[25.7355,60.2473],[25.6686,60.3647],[25.5261,60.3271],[25.5028,60.2462],[25.3138,60.2725],[25.0293,60.1479],[24.9988,60.2128],[24.9509,60.1435],[24.8068,60.1906],[24.6703,60.1012],[24.554,60.156],[24.5945,60.0602],[24.4456,59.9923],[24.4461,60.0475],[24.3127,59.9975],[24.3197,60.0758],[23.4295,59.9566],[23.5462,60.0739],[23.2372,59.898],[23.2513,59.8411],[22.9051,59.8112],[23.3264,60.0093],[23.1107,59.9233],[23.2576,60.0397],[23.0355,60.0446],[23.0254,60.1353],[22.8747,60.1496],[23.0806,60.355],[22.5251,60.2043],[22.6481,60.2787],[22.4592,60.265],[22.6243,60.3991],[22.2915,60.3826],[21.9032,60.5289],[21.7853,60.478],[21.8405,60.6287],[21.6121,60.4888],[21.5178,60.5673],[21.5786,60.5673],[21.4085,60.5804],[21.47,60.6083],[21.3533,60.6902],[21.47,60.7311],[21.3289,60.8275],[21.4284,60.9025],[21.2987,61.0601],[21.4823,61.0601],[21.4426,61.17],[21.5581,61.2042],[21.4761,61.2458],[21.5444,61.2799],[21.5243,61.3753],[21.4489,61.4028],[21.5724,61.4164],[21.4221,61.4853],[21.5921,61.4853],[21.4823,61.5679],[21.7163,61.5269],[21.5376,61.6498],[21.5178,61.7112],[21.5859,61.6977],[21.47,61.7597],[21.4141,61.9069],[21.2366,61.985],[21.3743,62.2668],[21.3123,62.232],[21.339,62.3555],[21.2707,62.4108],[21.2161,62.335],[21.2024,62.4176],[21.1336,62.404],[21.1267,62.5541],[21.1935,62.6009],[21.0652,62.5958],[21.1608,62.7193],[21.1135,62.7812],[21.3908,62.8803],[21.4441,63.0409],[21.6885,63.0271],[21.4966,63.209],[21.8945,63.2605],[21.8809,63.1779],[21.9839,63.1432],[22.0248,63.2394],[22.3301,63.2838],[22.3737,63.3214],[22.1956,63.4312],[22.4016,63.4182],[22.2814,63.5262],[22.4074,63.4569],[22.589,63.7033],[22.7734,63.6275],[22.9019,63.7055],[22.833,63.726],[22.9258,63.7434],[22.9025,63.7949],[23.0007,63.7636],[23.0628,63.853],[23.4158,63.9246],[23.3965,64.0561],[23.6045,64.0277],[23.5736,64.1072],[23.9434,64.2468],[24.0044,64.3891],[24.3441,64.5307],[24.5877,64.7812],[24.5384,64.8053],[25.0947,64.9184],[25.3548,64.8296],[25.3595,64.9111],[25.1909,64.9668],[25.4435,64.9668],[25.3555,65.0965],[25.2114,65.1238],[25.3275,65.2269],[25.335,65.3435],[25.2661,65.3776],[25.3555,65.4118],[25.3236,65.5068],[24.8591,65.6591],[24.6758,65.6354],[24.5505,65.7635],[24.7106,65.9121],[24.5188,65.796],[24.2062,65.7788],[24.0196,66.0489],[23.6894,66.257],[23.6524,66.4588],[23.8819,66.5635],[23.8924,66.7509],[24.004,66.8052],[23.5813,67.1531],[23.6027,67.2603],[23.7857,67.3375],[23.7652,67.4201],[23.4313,67.4855],[23.5535,67.587],[23.4813,67.8646],[23.6622,67.9504],[23.3065,68.1456],[23.1656,68.122],[23.0669,68.2903],[22.8083,68.3949],[22.0722,68.477],[20.9057,68.8946],[20.9112,68.9807],[20.6232,69.0364],[20.7444,69.1044],[21.0715,69.0367],[21.1564,69.0876],[21.0336,69.1812],[21.0984,69.2395],[21.6388,69.2714],[22.3714,68.8226],[22.4092,68.7129],[23.1976,68.618],[23.929,68.8162],[24.9052,68.557],[25.1324,68.6476],[25.2013,68.8126],[25.6278,68.8741],[25.7958,68.9933],[25.7372,69.2182],[26.0051,69.6893],[26.1983,69.7154],[26.5339,69.9252],[27.1003,69.9018],[27.8669,70.0753],[28.4046,69.8023],[29.1312,69.6742],[29.3445,69.4644],[28.8648,69.2166],[28.9541,69.0273]]],[[[22.4084,60.0528],[22.4426,59.9975],[22.3828,59.9926],[22.4084,60.0528]]],[[[21.7437,60.1906],[21.8877,60.1763],[21.7202,60.1137],[21.7437,60.1906]]],[[[22.0589,60.2111],[22.0093,60.1373],[21.9354,60.1763],[22.0589,60.2111]]],[[[25.6223,60.2383],[25.5817,60.2964],[25.6844,60.2452],[25.6223,60.2383]]],[[[22.8435,60.2418],[22.9495,60.2705],[22.7298,60.005],[22.4699,59.9975],[22.4221,60.1148],[22.6003,60.1422],[22.4152,60.1496],[22.4481,60.2214],[22.8435,60.2418]]],[[[21.9976,60.3339],[21.7941,60.374],[21.8081,60.4667],[21.9976,60.3339]]],[[[21.3942,60.5599],[21.4823,60.5258],[21.4426,60.4711],[21.3942,60.5599]]],[[[21.2644,60.882],[21.2024,60.8895],[21.2987,60.8957],[21.2912,60.91],[21.3123,60.923],[21.2434,60.9509],[21.27,60.968],[21.3049,60.9714],[21.3743,60.9304],[21.3279,60.9101],[21.3181,60.8802],[21.2644,60.882]]],[[[21.4221,63.2468],[21.2434,63.1507],[21.0789,63.2878],[21.2434,63.281],[21.1951,63.2258],[21.2868,63.2114],[21.4221,63.2468]]],[[[24.9934,65.0551],[24.8197,65.0433],[24.7224,65.0035],[24.8273,64.973],[24.7347,64.9509],[24.5628,65.0372],[24.9934,65.0551]]],[[[22.1442,63.2514],[22.0692,63.3185],[22.2313,63.3388],[22.1442,63.2514]]]]},"properties":{"registry":"CULA North","label":"Congenital Upper Limb Anomalies North (CULA North)","country":"Finland","status":"clinical","area":"Finland, participating centres, from 2018","website":"https://doi.org/10.1177/17531934251348360","source":"McCombe D, Wall L, Goldfarb C, H\u00fclsemann W, Sletten IN, Wilks D, Horwitz MD, Lam WL. Congenital upper limb difference patient registries: characteristics, comparisons and recommendations. J Hand Surg Eur Vol 2026;51(1):111-118, doi:10.1177/17531934251348360"}},{"type":"Feature","geometry":{"type":"MultiPolygon","coordinates":[[[[20.6232,69.0364],[20.1023,69.0221],[20.3411,68.9101],[20.3565,68.8046],[20.2366,68.6591],[19.9622,68.5412],[20.2459,68.4774],[19.9712,68.3513],[19.0381,68.5056],[18.6446,68.5012],[18.4362,68.5739],[18.1615,68.5302],[18.1357,68.3957],[18.1886,68.1987],[17.921,67.9729],[17.3215,68.1053],[16.7829,67.897],[16.5872,67.6259],[16.4286,67.534],[16.1996,67.5083],[16.1271,67.4228],[16.4379,67.2003],[16.4156,67.0527],[16.0388,66.8875],[15.6695,66.5994],[15.4263,66.4912],[15.4819,66.2749],[15.0534,66.1533],[14.5405,66.1254],[14.6489,65.8024],[14.5607,65.7011],[14.5143,65.3181],[14.3802,65.2403],[14.3107,65.0841],[13.6428,64.584],[14.0969,64.4653],[14.1478,64.169],[13.9642,64.0095],[13.2341,64.0909],[12.9824,64.0588],[12.6819,63.9564],[12.1703,63.5981],[12.2198,63.4743],[11.9924,63.2889],[12.2227,63.0015],[12.0933,62.9074],[12.1562,62.7337],[12.0912,62.5863],[12.3143,62.2861],[12.1617,61.7248],[12.4165,61.5823],[12.6138,61.547],[12.8882,61.3496],[12.7038,61.0462],[12.2533,61.0017],[12.377,60.7541],[12.5944,60.5149],[12.6053,60.4192],[12.4917,60.3123],[12.5247,60.1617],[12.4832,60.0812],[12.1437,59.8984],[11.8496,59.8724],[11.9021,59.7851],[11.8972,59.714],[11.6749,59.6071],[11.8117,59.2497],[11.6644,58.9201],[11.452,58.896],[11.3893,59.0808],[11.1824,59.116],[11.2067,59.1457],[11.1764,59.1968],[11.1355,59.1422],[11.0877,59.1758],[11.0991,59.1342],[11.0325,59.128],[10.9485,59.1833],[10.9164,59.1422],[10.9021,59.1968],[10.8229,59.164],[10.7791,59.1894],[10.773,59.2521],[10.7381,59.2167],[10.7791,59.3129],[10.6741,59.3157],[10.6597,59.4002],[10.5916,59.4306],[10.6445,59.4931],[10.6624,59.4379],[10.6903,59.4807],[10.6146,59.6972],[10.5602,59.7262],[10.6555,59.8567],[10.7178,59.7381],[10.7526,59.8889],[10.6887,59.9118],[10.4754,59.85],[10.5022,59.7087],[10.6146,59.6077],[10.5427,59.5355],[10.4367,59.5184],[10.3976,59.6881],[10.2244,59.7238],[10.3792,59.6584],[10.381,59.5353],[10.2373,59.56],[10.3694,59.4553],[10.4776,59.4296],[10.4445,59.3489],[10.5142,59.3029],[10.4696,59.2478],[10.3608,59.2713],[10.2898,59.1346],[10.3069,59.0597],[10.2721,59.1143],[10.2625,59.0386],[10.2244,59.1143],[10.207,59.0164],[10.1145,59.0051],[10.1634,59.0523],[10.0168,59.0337],[10.0148,58.9731],[9.8462,58.9556],[9.7817,59.0512],[9.7581,59.0324],[9.6885,59.0908],[9.6686,59.0515],[9.6306,59.1314],[9.5391,59.1206],[9.7268,59.0152],[9.724,58.984],[9.6558,58.984],[9.6898,58.9567],[9.4701,58.9287],[9.5239,58.9001],[9.3738,58.8954],[9.3845,58.8673],[9.2988,58.8815],[9.2708,58.8332],[9.4504,58.8332],[9.367,58.7922],[9.4087,58.7922],[9.3065,58.7387],[9.071,58.7412],[9.2147,58.7216],[9.0593,58.6829],[9.1902,58.6649],[9.0338,58.5948],[8.9133,58.6069],[8.9501,58.5472],[8.9094,58.5009],[8.7073,58.3789],[8.5794,58.3475],[8.5012,58.2572],[8.4094,58.272],[8.2437,58.2031],[8.2717,58.1963],[8.2232,58.1348],[8.158,58.1445],[8.1229,58.102],[8.0246,58.1411],[8.0798,58.1621],[8.0296,58.2248],[8.0075,58.1445],[7.9341,58.1094],[7.9563,58.0932],[7.6639,58.0673],[7.5789,58.0175],[7.2498,58.0585],[7.0066,57.9931],[6.9994,58.0307],[7.1475,58.1001],[6.9353,58.0455],[6.9803,58.1054],[6.9006,58.0523],[6.908,58.1001],[6.8042,58.1001],[6.9893,58.1411],[6.8738,58.1348],[6.7776,58.182],[6.808,58.1206],[6.7315,58.1199],[6.7224,58.1894],[6.6882,58.1206],[6.7826,58.0653],[6.6185,58.0683],[6.5305,58.1206],[6.846,58.2714],[6.6814,58.223],[6.6336,58.2748],[6.6951,58.2919],[6.6873,58.3273],[6.62,58.3192],[6.6262,58.2447],[6.5623,58.2431],[6.0101,58.3849],[5.9546,58.4775],[5.6463,58.5487],[5.478,58.7547],[5.5725,58.894],[5.5371,58.9561],[5.6262,58.9256],[5.5505,58.9709],[5.5789,58.9891],[5.5232,58.9914],[5.5505,59.0386],[5.7156,58.9771],[5.7156,58.8673],[5.7355,58.9287],[5.8535,58.965],[6.0925,58.8472],[6.2289,58.84],[6.0648,58.8854],[6.1265,58.9621],[6.6262,59.0528],[6.1604,58.9982],[6.0339,58.9052],[5.9751,58.9634],[6.0508,58.9982],[5.8755,59.0662],[5.8906,59.1039],[6.1265,59.1484],[6.0088,59.1494],[6.1714,59.2614],[6.4617,59.3198],[6.3138,59.3229],[6.1541,59.2678],[6.085,59.3067],[6.2266,59.3301],[5.9955,59.3341],[6.0415,59.3837],[6.1886,59.4296],[6.2427,59.5106],[6.5442,59.56],[6.2363,59.5258],[6.2865,59.6492],[6.153,59.4594],[6.027,59.4023],[5.9826,59.4296],[5.9955,59.3812],[5.9242,59.3558],[5.8862,59.447],[6.1532,59.4774],[5.9019,59.4791],[5.8074,59.5394],[5.7771,59.5258],[5.7975,59.4631],[5.7083,59.4706],[5.6462,59.4085],[5.7842,59.4293],[5.8596,59.3508],[5.612,59.293],[5.6462,59.3341],[5.5866,59.4165],[5.5679,59.3164],[5.5054,59.2777],[5.4358,59.3077],[5.4331,59.4051],[5.3994,59.2967],[5.3484,59.416],[5.2972,59.3447],[5.2017,59.4296],[5.1823,59.5112],[5.2427,59.5258],[5.2017,59.5463],[5.3442,59.6476],[5.386,59.6494],[5.4133,59.5947],[5.3997,59.6698],[5.4891,59.7381],[5.4878,59.575],[5.4168,59.5429],[5.4168,59.5047],[5.5164,59.5395],[5.5641,59.6767],[5.7219,59.6635],[5.7156,59.6077],[5.7544,59.6098],[5.7891,59.6564],[5.8794,59.6555],[5.7461,59.6755],[5.8142,59.7291],[5.9031,59.7648],[6.0381,59.7452],[6.2918,59.8403],[6.0023,59.7586],[5.9341,59.779],[5.9689,59.861],[5.9144,59.7914],[5.8317,59.7722],[5.7151,59.8317],[5.7219,59.861],[5.6462,59.8542],[5.7429,59.8821],[5.7722,59.9307],[5.9715,59.9595],[5.9478,59.9975],[6.01,60.0574],[6.291,60.1216],[6.2568,60.1627],[6.1053,60.1074],[6.075,60.1984],[6.3518,60.3681],[6.5027,60.4308],[6.6404,60.4165],[6.5305,60.2623],[6.5238,60.0808],[6.5715,60.2725],[6.6541,60.3824],[6.8026,60.4728],[7.106,60.5058],[6.9006,60.5058],[6.988,60.5895],[6.6561,60.433],[6.5921,60.4438],[6.6951,60.5189],[6.2972,60.3886],[6.1775,60.471],[6.2394,60.379],[6.119,60.3681],[6.1886,60.355],[6.1399,60.2543],[5.9964,60.265],[5.8516,60.1496],[5.856,60.0237],[5.7393,59.9945],[5.6886,60.0609],[5.7975,60.0944],[5.7212,60.0839],[5.7083,60.1763],[5.7907,60.2111],[5.593,60.1386],[5.5437,60.1627],[5.5641,60.2043],[5.7083,60.2322],[5.5984,60.2322],[5.6331,60.2725],[5.5715,60.2383],[5.7366,60.392],[5.6331,60.3681],[5.5266,60.2172],[5.4098,60.1313],[5.304,60.1906],[5.3518,60.2172],[5.2228,60.2111],[5.3103,60.2657],[5.1707,60.2787],[5.1707,60.3172],[5.2283,60.321],[5.141,60.3514],[5.1777,60.3886],[5.2979,60.396],[5.2371,60.4738],[5.3058,60.5283],[5.4762,60.435],[5.6536,60.4308],[5.714,60.4843],[5.7498,60.7182],[5.6638,60.7039],[5.6756,60.7578],[5.5335,60.6977],[5.5266,60.6287],[5.3001,60.5608],[5.2228,60.5742],[5.085,60.6629],[5.2283,60.6213],[5.085,60.7114],[5.1465,60.7039],[5.1258,60.7244],[4.9268,60.8001],[5.2801,60.7218],[5.348,60.6404],[5.4338,60.6287],[5.3709,60.6744],[5.4338,60.6629],[5.4133,60.7039],[5.2359,60.7762],[5.3518,60.8131],[5.3565,60.8529],[5.5369,60.8758],[5.4717,60.9075],[5.3267,60.8681],[5.2932,60.8227],[5.1677,60.8547],[5.131,60.8121],[5.0471,60.8444],[4.9819,60.9509],[5.0774,60.9497],[5.1008,60.8778],[5.0986,60.9509],[5.1403,60.9919],[5.0127,60.9819],[5.0161,61.0465],[5.1351,61.0767],[5.4338,61.0266],[5.4484,60.9954],[5.4602,61.05],[5.5271,61.0754],[5.6399,61.0601],[5.6021,61.0881],[5.7739,61.1144],[5.7809,61.0644],[5.8636,61.1179],[6.0985,61.1222],[6.2581,61.0938],[6.2425,61.0465],[6.3592,61.0676],[6.356,61.0109],[6.4377,61.0812],[6.5457,61.1041],[6.6006,61.1752],[6.9558,61.0881],[7.0098,61.0089],[6.8738,60.9372],[7.0514,60.9645],[7.1301,60.9267],[7.106,60.8616],[7.1613,60.9509],[7.0935,60.9638],[7.0003,61.0929],[7.2227,61.1404],[7.4356,61.1011],[7.3597,61.1522],[7.695,61.2321],[7.3884,61.1982],[7.312,61.2873],[7.3807,61.3783],[7.572,61.4853],[7.3462,61.3891],[7.2637,61.3959],[7.3052,61.3481],[7.2398,61.2973],[7.3597,61.1911],[7.3052,61.1632],[7.2137,61.1837],[6.9531,61.1116],[6.9172,61.1363],[7.0036,61.1837],[6.8943,61.1632],[6.5579,61.2246],[6.6951,61.3447],[6.7019,61.4028],[6.6034,61.2788],[6.5011,61.2681],[6.5374,61.2042],[6.4651,61.2076],[6.5062,61.147],[6.4343,61.1147],[6.2827,61.1254],[6.1743,61.1837],[6.014,61.1495],[5.9614,61.1632],[6.0371,61.2042],[5.8045,61.1557],[5.783,61.1966],[5.7498,61.1557],[5.4237,61.0797],[5.2979,61.1291],[5.1939,61.1053],[5.1699,61.14],[5.2283,61.1427],[5.0593,61.1579],[5.0593,61.188],[5.2502,61.1837],[4.9888,61.2246],[5.0645,61.2458],[4.9546,61.2526],[4.98,61.2753],[5.2015,61.3427],[5.2793,61.3214],[5.3206,61.2523],[5.3208,61.3175],[5.2564,61.3481],[5.6331,61.3618],[5.1643,61.3561],[5.0584,61.3235],[4.9988,61.3769],[5.0441,61.4028],[5.0627,61.3746],[5.1117,61.4307],[4.9479,61.4164],[5.1805,61.4723],[5.5189,61.4301],[5.6672,61.4853],[5.8045,61.458],[5.7224,61.499],[5.4609,61.4528],[5.1782,61.5098],[5.1403,61.5542],[5.3582,61.561],[5.1465,61.5952],[5.427,61.5889],[5.27,61.6157],[5.3407,61.6431],[4.9683,61.6361],[4.9396,61.6784],[4.9881,61.7469],[5.1677,61.7255],[5.126,61.7522],[5.1902,61.7689],[5.0789,61.7737],[5.3376,61.8416],[5.2904,61.8621],[5.3948,61.9111],[5.6758,61.8869],[5.7429,61.8485],[5.6194,61.8149],[5.9409,61.845],[5.8993,61.7386],[5.992,61.8354],[6.1812,61.7665],[6.0576,61.8354],[6.4738,61.8046],[6.4762,61.8253],[5.8862,61.8832],[5.8045,61.8559],[5.7293,61.8969],[5.9614,61.9167],[5.427,61.9378],[5.1558,61.8961],[5.0986,61.9167],[5.1403,61.9713],[5.2283,61.9583],[5.3103,62.0266],[5.4002,62.02],[5.1091,62.1091],[5.085,62.1911],[5.1697,62.2145],[5.2746,62.1694],[5.3179,62.1065],[5.4514,62.0617],[5.4617,62.0067],[5.5364,62.079],[5.5916,62.0682],[5.391,62.1232],[5.4543,62.1911],[5.6221,62.1649],[5.7498,62.0886],[5.6672,62.1706],[5.9055,62.1909],[5.9206,62.1197],[5.8454,62.0197],[5.9546,62.14],[6.0508,62.0682],[6.3667,62.0613],[6.0886,62.1091],[5.926,62.2255],[6.0645,62.2047],[5.9478,62.2457],[5.9784,62.2797],[6.3108,62.3721],[6.5505,62.1706],[6.5305,62.1091],[6.5921,62.1358],[6.5809,62.1603],[6.4177,62.3112],[6.4002,62.3872],[6.5003,62.3993],[6.5647,62.3555],[6.5442,62.4108],[6.7088,62.4517],[6.8792,62.4179],[6.8738,62.3555],[6.9893,62.273],[7.0052,62.1943],[6.9427,62.1374],[6.9558,62.1023],[7.1878,62.1023],[7.1497,62.1308],[6.9793,62.1129],[7.0371,62.1838],[7.0281,62.266],[7.2092,62.2509],[6.957,62.3253],[6.9141,62.3698],[6.9756,62.3767],[6.8516,62.4545],[6.7565,62.4648],[6.7907,62.4784],[6.3977,62.425],[6.2429,62.4511],[6.4536,62.5024],[6.6746,62.4927],[6.4761,62.5132],[6.533,62.5369],[6.263,62.5275],[6.2661,62.593],[6.5374,62.6156],[6.6126,62.561],[6.6216,62.6196],[6.7561,62.6546],[6.9178,62.5747],[6.9285,62.623],[6.8875,62.6435],[7.0923,62.6509],[7.0378,62.623],[7.0965,62.6122],[7.1271,62.5337],[7.1575,62.6292],[7.365,62.5928],[7.5425,62.5036],[7.5729,62.55],[7.7782,62.5747],[7.4627,62.5747],[7.4182,62.633],[7.4773,62.6396],[7.5202,62.5847],[7.5232,62.6744],[7.8359,62.7321],[8.1475,62.692],[8.0451,62.7596],[8.073,62.7801],[7.385,62.6876],[7.3597,62.6982],[7.4036,62.7119],[7.3665,62.7329],[7.6813,62.7944],[6.9704,62.7256],[6.9558,62.7705],[7.0098,62.8148],[7.2158,62.8148],[7.0166,62.8415],[6.948,62.9055],[6.8801,62.9111],[6.9102,62.9294],[7.2376,63.0147],[7.5011,62.9108],[7.6683,62.9793],[7.7804,62.9726],[7.6943,62.9121],[7.9739,62.977],[8.0867,62.9452],[8.1543,62.8148],[8.5132,62.7074],[8.5453,62.6572],[8.544,62.7206],[8.1841,62.8477],[8.1712,62.8918],[8.2096,62.9111],[8.1475,62.9514],[7.9831,63.0271],[7.8772,63.0104],[8.0867,63.1097],[8.1604,63.0264],[8.3301,62.9734],[8.3293,62.8807],[8.523,62.8443],[8.4507,62.8957],[8.703,62.8223],[8.4157,62.9588],[8.6688,62.9793],[8.5453,62.9793],[8.5863,63.0202],[8.5537,63.0226],[8.374,62.9731],[8.3195,62.9998],[8.4702,63.0202],[8.2385,63.0255],[8.1655,63.1153],[8.2197,63.1345],[8.2847,63.0755],[8.3195,63.1097],[8.2362,63.1507],[8.641,63.1097],[8.5788,63.1745],[8.9431,63.2121],[8.6237,63.2015],[8.4764,63.294],[8.7644,63.3493],[8.6389,63.3921],[8.6724,63.4212],[8.8234,63.4294],[8.8811,63.3976],[8.9972,63.4182],[8.9675,63.4334],[9.0183,63.4665],[9.1486,63.3759],[9.0934,63.294],[9.4769,63.4039],[9.218,63.372],[9.1677,63.402],[9.183,63.4345],[9.4844,63.4827],[9.333,63.4665],[9.2578,63.5001],[9.2922,63.4591],[9.2102,63.4594],[9.162,63.5071],[9.368,63.5633],[9.4033,63.5185],[9.4954,63.5769],[9.5733,63.541],[9.4906,63.5894],[9.6991,63.6445],[9.8,63.5631],[9.8059,63.5137],[9.9606,63.4277],[9.8333,63.3288],[10.0134,63.3619],[10.2422,63.3263],[10.259,63.2673],[10.2796,63.3183],[10.2449,63.3441],[10.0564,63.3729],[10.0409,63.4064],[10.094,63.4387],[10.3005,63.4665],[10.7979,63.4174],[10.9081,63.4562],[10.7588,63.5175],[10.9226,63.5548],[10.8569,63.5693],[10.9226,63.6025],[10.6564,63.5485],[10.7347,63.6133],[11.0335,63.7192],[11.1196,63.7045],[11.2658,63.7744],[11.4577,63.79],[11.4152,63.8501],[11.0965,63.8581],[11.1019,63.8935],[11.2233,63.9455],[11.4868,64.0067],[11.2542,64.0379],[11.2405,64.061],[11.3621,64.1171],[11.2254,64.072],[11.1751,64.007],[10.5737,63.8091],[10.9349,63.8981],[11.074,63.8359],[10.91,63.731],[10.0803,63.5075],[9.9182,63.5147],[9.9021,63.5894],[9.8333,63.6025],[9.7922,63.6645],[10.1014,63.7676],[10.0052,63.7465],[10.0296,63.7835],[9.5441,63.6656],[9.5527,63.726],[9.7781,63.7676],[9.5459,63.7744],[9.8743,63.8632],[9.7922,63.8837],[10.197,63.9383],[10.1418,63.9656],[9.9431,63.9184],[10.1281,63.9867],[9.9363,63.9594],[10.0182,64.0351],[9.9978,64.1096],[10.1921,64.1015],[10.2175,64.1239],[10.1077,64.1171],[10.197,64.158],[10.1697,64.199],[10.3745,64.1854],[10.2588,64.2456],[10.4912,64.2952],[10.4496,64.3128],[10.4707,64.3566],[10.5594,64.3293],[10.5047,64.3703],[10.6489,64.3566],[10.4639,64.4051],[10.4973,64.4291],[10.6283,64.3976],[10.6047,64.4522],[10.855,64.3778],[10.7746,64.4419],[10.6564,64.4522],[10.8412,64.4659],[10.8247,64.5114],[10.9567,64.487],[10.9226,64.5075],[10.9641,64.5075],[10.9567,64.5522],[10.9164,64.5758],[10.9567,64.603],[11.0603,64.5758],[11.0762,64.5236],[11.1781,64.4787],[11.1628,64.446],[11.3416,64.4317],[11.2249,64.3225],[11.3893,64.4051],[11.3621,64.4113],[11.4098,64.4522],[11.6563,64.4802],[11.4378,64.4659],[11.4607,64.5112],[11.7798,64.5969],[11.6358,64.5826],[11.6112,64.6286],[11.5532,64.603],[11.5947,64.5969],[11.5772,64.575],[11.5168,64.5729],[11.4207,64.6364],[11.3962,64.7067],[11.6159,64.7402],[11.5532,64.7675],[11.8418,64.7949],[11.6432,64.8227],[11.7873,64.8358],[11.6494,64.8432],[11.7455,64.8842],[12.0637,64.9599],[12.2249,64.9394],[12.0535,64.973],[11.9116,64.9494],[11.261,64.7344],[11.4297,64.8159],[11.2527,64.8378],[11.6971,64.9122],[11.2673,64.8698],[11.4232,64.9252],[11.5542,64.8991],[11.5947,64.9252],[11.5339,64.9047],[11.4954,64.9409],[11.8202,64.9812],[11.8142,65.018],[11.9785,65.0688],[12.0155,65.0296],[12.0545,65.0656],[12.1371,65.0467],[12.194,64.9949],[12.1931,65.0505],[12.6362,65.1313],[12.6174,65.1498],[12.931,65.3124],[12.5028,65.1449],[12.3688,65.1518],[12.4992,65.2001],[12.3552,65.2269],[12.7121,65.2541],[12.4357,65.2733],[12.2453,65.2336],[12.3421,65.3026],[12.4514,65.3135],[12.4787,65.3367],[12.4186,65.3351],[12.4992,65.3708],[12.6916,65.3298],[12.547,65.364],[12.4787,65.4465],[12.7121,65.3708],[12.6294,65.4323],[12.7803,65.4596],[12.6084,65.4596],[12.6569,65.4807],[12.5646,65.5137],[12.6157,65.5285],[12.5742,65.59],[12.5137,65.5122],[12.465,65.5217],[12.5339,65.5832],[12.4383,65.5285],[12.3965,65.5519],[12.4172,65.5967],[12.3552,65.6042],[12.3641,65.6525],[12.4954,65.7333],[12.6362,65.6862],[12.6084,65.6514],[12.7871,65.6384],[12.6836,65.6614],[12.5578,65.7537],[12.6454,65.8077],[12.7175,65.7891],[12.6937,65.8355],[12.6117,65.8347],[12.6823,65.9267],[12.8485,65.9667],[13.176,65.8558],[13.1229,65.9431],[12.9243,65.994],[13.0404,66.0834],[12.6704,66.0629],[12.869,66.1343],[13.5272,66.2401],[13.5765,66.2189],[13.4928,66.1858],[13.5823,66.1858],[13.5359,66.1105],[13.6397,66.1573],[13.8216,66.147],[13.6095,66.1858],[13.6411,66.2206],[13.7578,66.2424],[13.8081,66.2342],[13.7884,66.2008],[13.9729,66.2379],[14.1439,66.3338],[13.9075,66.2684],[13.7538,66.2958],[13.6198,66.2409],[13.5755,66.2622],[13.6232,66.2752],[13.5755,66.2895],[13.0404,66.1796],[13.1631,66.2591],[13.5344,66.3093],[13.4035,66.3168],[13.4519,66.3372],[13.3109,66.3745],[13.3377,66.3278],[13.2266,66.2973],[13.0373,66.32],[13.0,66.3571],[13.141,66.3861],[13.157,66.4366],[13.1026,66.4539],[13.1638,66.467],[12.972,66.5222],[13.1026,66.5427],[13.209,66.5141],[13.2254,66.4539],[13.3621,66.4555],[13.2669,66.467],[13.2878,66.5095],[13.2595,66.5222],[13.4894,66.5501],[13.6711,66.5154],[13.4588,66.5638],[13.7262,66.6048],[13.5028,66.6065],[13.4233,66.5628],[13.239,66.5484],[13.2048,66.5563],[13.25,66.6138],[13.4035,66.6252],[13.1912,66.6666],[13.5474,66.6383],[13.2254,66.714],[13.6931,66.6913],[13.8901,66.7351],[13.5755,66.714],[13.5432,66.7392],[13.5891,66.7618],[13.7529,66.7618],[13.5433,66.7715],[13.5071,66.7823],[13.5418,66.8032],[13.993,66.7897],[13.6883,66.835],[13.6306,66.8996],[13.5436,66.9219],[13.9385,66.9946],[13.9578,66.974],[13.8901,66.9536],[13.959,66.9269],[14.0438,66.9809],[14.0143,67.0225],[14.0599,67.0609],[14.1515,66.9716],[14.2267,66.9836],[14.2721,67.06],[14.5682,67.0181],[14.5813,67.0584],[14.2674,67.0839],[14.363,67.1597],[14.4519,67.1658],[14.4229,67.1094],[14.4592,67.1528],[14.6769,67.1596],[14.7433,67.1183],[14.7232,67.1612],[14.5139,67.1801],[14.6038,67.2043],[14.9793,67.2143],[14.8906,67.1528],[14.9939,67.0991],[14.9317,67.1528],[15.0946,67.2134],[15.3833,67.1567],[15.3767,67.0976],[15.5015,67.0703],[15.4387,67.0976],[15.4803,67.1528],[15.3767,67.2006],[15.7404,67.1733],[15.7063,67.2143],[15.408,67.2357],[15.2874,67.2056],[15.3425,67.2416],[15.0625,67.2477],[15.1651,67.3105],[14.7746,67.2695],[14.8355,67.2553],[14.6738,67.2167],[14.617,67.2143],[14.6946,67.2484],[14.6818,67.2783],[14.3283,67.2416],[14.6017,67.3773],[14.5759,67.3986],[14.6231,67.4206],[14.8,67.4218],[14.8247,67.3783],[15.049,67.447],[14.8224,67.447],[14.7268,67.4887],[15.0588,67.5773],[15.1589,67.5358],[15.0083,67.5637],[14.9868,67.5495],[15.0552,67.5159],[15.0104,67.487],[14.8293,67.475],[15.0168,67.4687],[15.1758,67.5213],[15.2127,67.4887],[15.1514,67.4811],[15.1377,67.4204],[15.241,67.4792],[15.429,67.483],[15.6448,67.303],[15.6035,67.2803],[15.6585,67.2757],[15.7,67.303],[15.5144,67.4265],[15.5828,67.4613],[15.5287,67.4675],[15.898,67.5569],[15.4987,67.5105],[15.2393,67.5292],[15.2407,67.5842],[15.2756,67.5936],[15.4661,67.5773],[15.4066,67.6313],[15.1786,67.6184],[15.3369,67.6872],[15.2749,67.694],[15.3011,67.7202],[15.6585,67.6804],[15.4046,67.7351],[15.5969,67.7488],[15.8366,67.694],[15.6305,67.7624],[15.6926,67.7965],[15.4114,67.7965],[15.4328,67.8607],[15.4046,67.8244],[15.3695,67.8652],[15.384,67.8039],[15.182,67.7145],[14.8361,67.6425],[14.7268,67.6594],[14.877,67.7003],[14.793,67.7288],[15.1172,67.7419],[15.0153,67.7466],[14.9937,67.7692],[15.0347,67.7829],[14.8293,67.7624],[14.773,67.816],[15.1029,67.8511],[14.8496,67.8449],[14.9987,67.8955],[15.1921,67.8861],[15.2332,67.8722],[15.1991,67.8312],[15.3021,67.8904],[15.4832,67.9177],[15.5435,67.917],[15.5032,67.8754],[15.5326,67.8524],[15.6038,67.9306],[15.7523,67.9521],[15.8601,67.8996],[15.9688,68.0086],[16.0632,68.0094],[15.8503,68.0367],[15.8983,68.0668],[15.6024,68.0383],[15.5454,68.0747],[15.384,68.023],[15.4387,68.0094],[15.3982,67.9949],[15.2817,68.0367],[15.4634,68.1242],[15.5076,68.1323],[15.5287,68.0913],[15.6437,68.1689],[15.7341,68.1397],[15.7,68.126],[15.7375,68.1028],[15.6174,68.0913],[15.6284,68.053],[15.8445,68.0963],[15.9253,68.1323],[15.8708,68.1869],[15.9421,68.1859],[15.9797,68.2501],[16.0379,68.243],[16.0425,68.1623],[16.104,68.1602],[16.0837,68.0574],[16.042,68.0299],[16.1929,67.9815],[16.2368,67.8836],[16.4847,67.7978],[16.515,67.8039],[16.4535,67.8511],[16.2686,67.8893],[16.2754,67.9753],[16.207,68.0026],[16.2743,68.0057],[16.4666,67.8996],[16.4666,67.9405],[16.3335,68.0024],[16.5422,67.961],[16.4634,67.9783],[16.5007,68.0162],[16.3648,68.0299],[16.3892,68.0593],[16.4636,68.0943],[16.689,68.071],[16.5007,68.1186],[16.2891,68.0913],[16.2412,68.1323],[16.4734,68.1528],[16.4126,68.1869],[16.5901,68.1671],[16.4531,68.2285],[16.172,68.2037],[16.3556,68.239],[16.1034,68.2831],[16.1724,68.3179],[16.2817,68.3074],[16.803,68.1323],[16.6122,68.2191],[16.5674,68.2763],[16.2201,68.3514],[16.6946,68.4055],[16.8699,68.3725],[16.8241,68.324],[17.1273,68.3729],[17.2238,68.2842],[17.3306,68.2558],[17.334,68.1671],[17.3521,68.2255],[17.4199,68.2359],[17.223,68.3396],[17.2061,68.373],[17.2479,68.406],[17.5769,68.3588],[17.3953,68.423],[17.8718,68.393],[17.4676,68.4476],[17.5466,68.5301],[17.0466,68.4341],[17.0016,68.4476],[17.092,68.4808],[16.988,68.5097],[16.8486,68.4487],[16.5348,68.4383],[16.4646,68.51],[16.6211,68.5335],[16.5628,68.5915],[16.597,68.6295],[16.9607,68.7045],[17.1487,68.6323],[17.1799,68.6476],[17.1006,68.6906],[17.2502,68.7239],[17.4602,68.6667],[17.6794,68.6605],[17.2344,68.756],[17.4609,68.8154],[17.783,68.7486],[17.7393,68.7913],[17.4676,68.8312],[17.7074,68.8933],[17.8513,68.8727],[17.8259,68.8937],[17.721,68.9342],[17.4261,68.8995],[17.5337,68.9608],[17.4883,68.9957],[17.6794,69.0919],[17.6316,69.1055],[17.6589,69.1169],[18.1524,69.154],[18.0711,69.1776],[18.1052,69.2291],[17.9885,69.2353],[18.0158,69.3041],[18.1387,69.3525],[18.1803,69.4078],[18.1585,69.4596],[18.301,69.4868],[18.3823,69.4313],[18.3648,69.3915],[18.4872,69.382],[18.5025,69.2353],[18.5648,69.3647],[18.6021,69.3002],[18.6917,69.2635],[18.6737,69.3041],[18.735,69.3242],[19.0054,69.2855],[18.9546,69.3283],[18.6648,69.3693],[18.4546,69.4543],[18.4743,69.5164],[18.8527,69.5523],[18.8445,69.5028],[19.0144,69.397],[19.3794,69.3218],[19.1775,69.2535],[19.251,69.2742],[19.3008,69.224],[19.4772,69.2208],[19.5093,69.2291],[19.4486,69.2603],[19.4295,69.3417],[19.3249,69.384],[19.1194,69.3861],[19.0013,69.4643],[19.0057,69.5062],[19.0691,69.5333],[19.2627,69.5233],[19.2293,69.5679],[19.0164,69.5344],[18.958,69.5611],[18.9443,69.6153],[19.085,69.6934],[19.0983,69.7362],[19.249,69.7771],[19.7842,69.8044],[19.6743,69.6815],[19.7274,69.6422],[19.6299,69.5205],[19.6502,69.4596],[19.5303,69.4003],[19.6885,69.4447],[19.7432,69.6126],[20.1126,69.5854],[19.8578,69.6273],[19.8245,69.7119],[19.989,69.8386],[19.9685,69.7634],[20.007,69.7685],[20.1677,69.9422],[20.2073,69.859],[20.2077,69.9318],[20.2927,69.971],[20.4253,69.8772],[20.3186,69.6815],[20.3826,69.5988],[20.2742,69.5606],[20.3044,69.5443],[20.2785,69.4852],[20.2156,69.4687],[20.1688,69.3937],[19.9822,69.3389],[19.9168,69.2693],[19.948,69.2631],[20.277,69.3923],[20.4824,69.5779],[20.853,69.4959],[20.4924,69.6273],[20.5418,69.7054],[20.4824,69.7634],[20.7852,69.8017],[20.825,69.8415],[20.7915,69.8795],[21.0925,69.9484],[20.8939,69.8529],[21.0205,69.7882],[21.051,69.7976],[20.9963,69.8249],[21.1704,69.8756],[21.1267,69.8112],[21.1792,69.8195],[21.2229,69.8454],[21.2092,69.9075],[21.3259,69.9075],[21.2092,69.9348],[21.2899,70.0211],[21.5581,69.9894],[21.6089,69.9119],[21.9046,69.8254],[22.0515,69.7498],[22.0002,69.7404],[22.0863,69.7396],[22.0562,69.7936],[21.9155,69.8386],[22.0181,69.8454],[21.93,69.8793],[21.9136,69.9453],[21.9286,69.9831],[22.0241,69.9855],[22.0523,69.9384],[22.0515,70.0168],[22.1136,70.0303],[21.7983,70.0372],[22.0051,70.0613],[22.0994,70.1203],[21.7195,70.0606],[21.4823,70.0986],[21.4365,70.1496],[21.4966,70.175],[21.3123,70.1675],[21.2092,70.2085],[21.4393,70.2695],[21.4898,70.2085],[21.553,70.321],[21.874,70.147],[21.8604,70.2023],[21.8945,70.2085],[21.8057,70.2572],[21.9868,70.3234],[22.0316,70.3183],[21.9839,70.2842],[22.1048,70.3041],[22.1172,70.2335],[22.1528,70.2465],[22.1409,70.2842],[22.3058,70.2873],[22.2576,70.2296],[22.2918,70.1675],[22.2371,70.1402],[22.2747,70.1355],[22.5593,70.1266],[22.3259,70.1675],[22.4006,70.2583],[22.9671,70.2075],[23.0186,70.147],[23.02,70.0381],[23.1284,70.0338],[23.1489,69.9757],[23.0944,69.9553],[23.3141,69.9965],[23.3298,69.9484],[23.5393,70.0241],[23.2969,70.0398],[23.1755,70.0924],[23.4021,70.1402],[23.2991,70.1675],[23.422,70.1955],[23.2439,70.2159],[23.5319,70.2438],[23.3128,70.257],[23.6144,70.3047],[23.4636,70.3183],[23.5132,70.3655],[23.918,70.5094],[24.3503,70.4562],[24.2315,70.5238],[24.1027,70.5414],[24.2643,70.6063],[24.3524,70.691],[24.7235,70.621],[24.7249,70.6652],[24.6559,70.7094],[24.2451,70.7845],[24.2694,70.8384],[24.3958,70.8669],[24.6354,70.7798],[24.6133,70.8594],[24.7249,70.8732],[24.6082,70.8944],[24.574,70.9353],[24.6559,70.9496],[24.5877,70.9626],[24.6369,70.9757],[24.7829,70.966],[24.8602,70.9284],[24.8205,70.908],[24.9849,70.9143],[24.9712,70.9626],[25.0335,70.9713],[25.0532,70.9279],[24.916,70.8732],[25.0674,70.8528],[25.1536,70.9195],[25.2419,70.8624],[25.2456,70.7913],[25.3416,70.8124],[25.3923,70.8844],[25.3418,70.9527],[25.365,70.9761],[25.536,70.9229],[25.4231,70.8596],[25.4417,70.8415],[25.6626,70.8953],[25.7561,70.8596],[25.8816,70.8957],[25.9258,70.8637],[25.1011,70.5231],[25.2459,70.5279],[25.2871,70.5107],[25.2425,70.4866],[25.0599,70.4897],[25.2871,70.4561],[25.2518,70.4481],[25.2566,70.3864],[25.0811,70.3593],[25.1358,70.3531],[25.1221,70.3183],[25.2088,70.3167],[24.9798,70.2294],[24.9434,70.1024],[25.0371,70.0644],[25.0122,70.134],[25.0947,70.1539],[25.0736,70.1266],[25.1358,70.1266],[25.0811,70.106],[25.1138,70.0825],[25.2285,70.0924],[25.5404,70.2978],[25.4411,70.3422],[25.9906,70.6065],[26.0708,70.7125],[26.6136,70.9491],[26.7254,70.9279],[26.7302,70.8879],[26.6638,70.8493],[26.7458,70.8323],[26.6912,70.736],[26.3416,70.6479],[26.657,70.6405],[26.5608,70.5176],[26.5813,70.4766],[26.5213,70.4484],[26.5059,70.3629],[26.6496,70.3798],[26.6345,70.413],[26.7531,70.4273],[26.8123,70.4799],[27.1021,70.4698],[26.9761,70.5274],[26.9917,70.5828],[27.0809,70.6132],[27.2666,70.5853],[27.0999,70.6411],[27.1567,70.6815],[27.0809,70.7026],[27.1106,70.7287],[27.3294,70.7433],[27.2804,70.7747],[27.324,70.8236],[27.6296,70.805],[27.4802,70.8254],[27.534,70.8459],[27.3913,70.8764],[27.4105,70.9143],[27.1909,70.895],[27.1226,70.9217],[27.1338,70.95],[27.349,70.9421],[27.2324,70.9968],[27.2532,71.0263],[27.4764,71.0067],[27.5542,70.9553],[27.5825,71.0173],[27.5331,71.0288],[27.5246,71.0744],[27.6423,71.0954],[27.6502,71.1271],[27.7155,71.1042],[27.7217,71.0597],[27.8767,71.0377],[28.0432,71.071],[28.0811,71.041],[28.1914,71.0861],[28.261,71.0557],[28.1989,71.0173],[28.2398,71.0111],[28.2051,70.9831],[28.4915,70.9998],[28.5488,70.9726],[28.4832,70.8895],[28.3695,70.8869],[28.4452,70.8664],[28.3434,70.8459],[28.3633,70.8254],[28.2254,70.8323],[28.3013,70.8124],[28.2659,70.795],[27.76,70.7913],[27.8283,70.7708],[27.7737,70.7436],[27.8997,70.7682],[28.1305,70.736],[27.6502,70.6064],[28.3013,70.7026],[28.2332,70.6152],[27.8494,70.4829],[27.8836,70.4282],[27.945,70.4892],[28.1852,70.5033],[28.0518,70.4595],[28.1305,70.4698],[28.1271,70.4418],[28.3353,70.5176],[28.1607,70.3828],[28.1672,70.1355],[28.0138,70.0714],[28.1839,70.1155],[28.2254,70.174],[28.1914,70.2842],[28.2327,70.3991],[28.3904,70.4934],[28.5073,70.4487],[28.5005,70.4829],[28.555,70.5107],[28.4017,70.559],[28.5169,70.6782],[28.6203,70.6783],[28.5262,70.7217],[28.555,70.7504],[28.7947,70.8732],[29.0827,70.8807],[29.0623,70.8596],[29.2214,70.8554],[29.4048,70.7845],[29.2949,70.7436],[29.4178,70.736],[29.3223,70.723],[29.3638,70.7094],[29.2814,70.6815],[29.3064,70.6529],[29.3921,70.6973],[29.7458,70.7427],[29.7815,70.6889],[29.6792,70.62],[30.0696,70.7156],[30.2068,70.6815],[30.0969,70.6479],[30.3473,70.5961],[30.1248,70.5517],[30.5016,70.5585],[30.7866,70.4206],[30.947,70.45],[31.0633,70.3668],[31.0217,70.3251],[31.077,70.2842],[30.5488,70.2487],[30.3748,70.1859],[30.3552,70.1297],[30.1195,70.0849],[30.1589,70.0714],[28.6294,70.1071],[29.138,70.0576],[29.1926,70.0372],[29.1584,70.0092],[29.6859,69.9695],[29.3638,69.8597],[29.5352,69.9143],[29.7412,69.9075],[29.7754,69.8386],[29.508,69.7088],[29.5435,69.7083],[29.4873,69.6611],[29.68,69.7354],[30.0304,69.7759],[30.0628,69.7703],[29.9393,69.6877],[30.0711,69.7399],[30.1863,69.6877],[30.1106,69.756],[30.2068,69.7703],[30.1589,69.8112],[30.1652,69.8795],[30.2892,69.8865],[30.324,69.8671],[30.2688,69.8454],[30.4026,69.8312],[30.4098,69.7023],[30.3602,69.6675],[30.4435,69.6784],[30.4507,69.8103],[30.6987,69.8085],[30.717,69.7703],[30.841,69.8058],[30.9277,69.6721],[30.8982,69.5442],[30.5117,69.5363],[30.2307,69.6373],[30.1191,69.6346],[30.2088,69.6087],[30.2316,69.5583],[30.1234,69.4419],[29.9481,69.3656],[29.3768,69.3016],[29.221,69.0984],[28.9541,69.0273],[28.8276,69.0908],[28.8522,69.2035],[29.3445,69.4644],[29.1312,69.6742],[28.4046,69.8023],[28.3812,69.8562],[28.1674,69.8943],[27.8669,70.0753],[27.6126,70.0621],[27.3345,69.9686],[27.3524,69.9487],[27.3118,69.9295],[27.1003,69.9018],[26.8646,69.9381],[26.5339,69.9252],[26.1983,69.7154],[25.9688,69.6632],[26.004,69.5872],[25.8867,69.5209],[25.8867,69.4552],[25.8414,69.4178],[25.8774,69.3708],[25.7866,69.3128],[25.7372,69.2182],[25.7712,69.1351],[25.7502,69.0592],[25.7958,68.9933],[25.6278,68.8741],[25.4339,68.8839],[25.2013,68.8126],[25.1496,68.7646],[25.1324,68.6476],[24.8792,68.5548],[24.6634,68.6661],[23.929,68.8162],[23.7872,68.7998],[23.7348,68.7154],[23.1976,68.618],[23.0715,68.6809],[22.4092,68.7129],[22.3714,68.8226],[21.6388,69.2714],[21.3136,69.2914],[21.0984,69.2395],[21.0336,69.1812],[21.1564,69.0876],[21.0715,69.0367],[20.6232,69.0364]]],[[[14.8724,68.2227],[14.7956,68.2462],[14.9401,68.3022],[14.8724,68.2227]]],[[[14.1992,68.3152],[14.2682,68.2826],[14.2005,68.2488],[14.0404,68.3126],[14.1992,68.3152]]],[[[14.0278,68.2626],[14.1589,68.2553],[14.1107,68.2071],[13.7741,68.1596],[13.8257,68.1068],[13.4567,68.071],[13.5891,68.1596],[13.4793,68.1323],[13.4793,68.1869],[13.6159,68.2266],[13.5,68.2423],[13.6367,68.2943],[13.9831,68.3373],[14.0278,68.2626]]],[[[14.763,68.4949],[14.6042,68.5587],[14.6693,68.5873],[15.0,68.5548],[14.763,68.4949]]],[[[5.2769,59.2993],[5.2971,59.1689],[5.2086,59.1429],[5.1859,59.4147],[5.2769,59.2993]]],[[[5.3071,59.7586],[5.2908,59.6835],[5.2893,59.7498],[5.1942,59.7449],[5.1528,59.5916],[5.1167,59.6857],[5.188,59.7586],[5.0706,59.7828],[5.154,59.8747],[5.3071,59.7586]]],[[[5.4891,59.861],[5.3897,59.7586],[5.2502,59.9094],[5.314,59.9782],[5.4891,59.861]]],[[[5.6192,60.0739],[5.6399,59.9156],[5.5081,59.8991],[5.3618,59.9953],[5.6192,60.0739]]],[[[5.1117,60.2005],[4.9479,60.2589],[4.9414,60.2912],[5.0366,60.3135],[4.971,60.3328],[4.9489,60.4392],[5.0938,60.3202],[5.0503,60.2862],[5.1117,60.2005]]],[[[4.9778,60.5243],[5.2044,60.4318],[5.125,60.4024],[4.9778,60.5243]]],[[[5.6877,60.6766],[5.6814,60.4817],[5.6089,60.4438],[5.324,60.5468],[5.6877,60.6766]]],[[[4.9608,61.1774],[4.9854,61.1049],[4.8032,61.0465],[4.7946,61.1538],[4.9608,61.1774]]],[[[4.8652,61.8894],[5.2228,61.8485],[4.9163,61.781],[4.8032,61.8416],[4.8652,61.8894]]],[[[5.7361,62.2805],[5.8011,62.2774],[5.7783,62.2074],[5.5021,62.2258],[5.7361,62.2805]]],[[[5.9886,62.3965],[6.0788,62.3419],[5.8113,62.2457],[5.8156,62.3857],[5.9886,62.3965]]],[[[6.8528,62.7459],[6.9141,62.6982],[6.6467,62.6783],[6.8528,62.7459]]],[[[6.8323,62.8415],[6.9421,62.8259],[6.8867,62.7751],[6.7704,62.817],[6.8323,62.8415]]],[[[7.7782,63.0817],[7.9147,63.0817],[7.7782,63.0202],[7.6813,63.0551],[7.7782,63.0817]]],[[[7.6404,63.0551],[7.7063,63.0067],[7.5265,62.946],[7.3665,62.9967],[7.4014,63.0613],[7.5652,63.0202],[7.5851,63.1165],[7.6404,63.0551]]],[[[8.1133,63.2394],[8.1885,63.1575],[7.9284,63.1779],[8.1133,63.2394]]],[[[8.4839,63.2468],[8.5658,63.1779],[8.4232,63.1611],[8.2642,63.2326],[8.4839,63.2468]]],[[[7.9147,63.3425],[7.7782,63.4113],[8.0041,63.4728],[8.1817,63.3902],[7.9147,63.3425]]],[[[9.1387,63.5678],[8.5036,63.4342],[8.2778,63.4665],[8.7883,63.64],[8.9652,63.6562],[9.1387,63.5678]]],[[[8.3604,63.6714],[8.7372,63.8091],[8.8255,63.7341],[8.3604,63.6714]]],[[[11.2863,64.559],[11.4256,64.5397],[11.4168,64.4727],[11.1802,64.5075],[11.1287,64.5559],[11.2863,64.559]]],[[[11.0911,64.9016],[10.8269,64.8501],[11.1013,64.9531],[11.2664,64.8937],[11.0809,64.8358],[11.0911,64.9016]]],[[[10.8412,64.8774],[10.7109,64.8637],[10.7656,64.9184],[11.115,64.973],[10.8412,64.8774]]],[[[12.2249,65.1238],[12.3005,65.0965],[12.1565,65.0555],[11.979,65.0828],[12.1672,65.2111],[12.2249,65.1238]]],[[[12.4514,65.4261],[12.4919,65.3875],[12.0535,65.22],[12.2112,65.3776],[12.1608,65.3958],[12.3285,65.467],[12.1974,65.4739],[12.2586,65.5746],[12.4514,65.4261]]],[[[12.0051,65.6896],[11.9168,65.59],[11.7593,65.6179],[12.0051,65.6896]]],[[[12.698,65.9977],[12.8901,66.0015],[12.3688,65.8916],[12.4912,65.9906],[12.698,65.9977]]],[[[12.5742,66.0759],[12.2942,66.0151],[12.5742,66.1585],[12.4309,66.166],[12.5514,66.2204],[12.6118,66.1568],[12.547,66.1312],[12.6569,66.1039],[12.5742,66.0759]]],[[[14.2737,67.1658],[14.1922,67.0036],[13.993,67.0777],[14.2737,67.1658]]],[[[13.0547,68.0981],[13.157,68.0851],[13.0503,68.0246],[13.1239,67.944],[12.9768,67.9695],[13.0137,67.8791],[12.7871,67.8101],[13.0547,68.0981]]],[[[13.2805,68.1291],[13.4377,68.126],[13.3662,68.0128],[13.1727,68.009],[13.2393,68.0921],[13.3284,68.0634],[13.2805,68.1291]]],[[[15.0005,68.3651],[14.1985,68.1528],[14.3562,68.2421],[14.2532,68.2496],[14.3283,68.2626],[14.3034,68.312],[14.4956,68.3061],[14.3836,68.3725],[14.7609,68.4339],[14.8224,68.4097],[14.7835,68.3542],[15.1724,68.4544],[15.0005,68.3651]]],[[[16.4229,68.4919],[16.3986,68.4135],[16.0949,68.3975],[16.1921,68.515],[16.4229,68.4919]]],[[[17.0529,68.8175],[17.1457,68.7703],[16.8167,68.7356],[17.0529,68.8175]]],[[[17.2064,68.8933],[17.4404,68.8659],[17.2236,68.793],[17.0835,68.9138],[17.2064,68.8933]]],[[[16.5286,68.722],[16.577,68.7077],[16.4976,68.554],[16.106,68.5385],[15.9409,68.3803],[15.8762,68.3691],[15.8708,68.4954],[15.638,68.3042],[15.3384,68.332],[15.6113,68.4749],[15.5537,68.5112],[14.9868,68.2695],[15.1926,68.4349],[15.3568,68.4612],[15.2407,68.4749],[15.3369,68.4886],[15.2173,68.5569],[15.6305,68.6121],[15.4387,68.7077],[15.7136,68.7014],[15.4556,68.769],[15.638,68.8249],[15.5486,68.8523],[15.6448,68.9547],[15.9074,68.9594],[15.8708,68.7902],[15.7615,68.7356],[15.9896,68.7635],[15.7744,68.6326],[15.7404,68.5301],[15.8586,68.6342],[16.083,68.6387],[16.0332,68.7114],[16.2132,68.7356],[16.0972,68.8312],[16.284,68.8403],[16.2546,68.9032],[16.5559,68.8249],[16.4945,68.7902],[16.5286,68.722]]],[[[16.5662,68.9683],[16.5872,68.8974],[16.4762,68.8858],[16.2617,68.9683],[16.5662,68.9683]]],[[[14.3972,68.6605],[14.5418,68.7356],[14.4382,68.756],[14.4885,68.7954],[14.6238,68.7356],[14.6284,68.8299],[14.6865,68.7575],[14.9071,68.7602],[14.9526,68.8659],[15.006,68.7939],[15.0498,68.8528],[15.1589,68.8175],[15.0093,68.9633],[15.0845,69.0112],[15.2407,68.9138],[15.1854,68.8858],[15.2953,68.9069],[15.2407,68.8249],[15.384,68.8523],[15.2749,68.7971],[15.3942,68.7311],[15.3753,68.6699],[15.0627,68.5785],[14.8159,68.6378],[15.1651,68.7014],[15.1514,68.756],[14.679,68.7077],[14.5207,68.609],[14.3972,68.6605]]],[[[15.5287,68.9138],[15.4315,68.8842],[15.4251,68.9621],[15.5697,69.1055],[16.1499,69.2908],[16.0608,69.1446],[15.7604,69.0057],[15.5287,69.0093],[15.5287,68.9138]]],[[[18.0708,69.4379],[18.091,69.3583],[17.9231,69.3323],[17.9675,69.2631],[17.8787,69.2495],[17.9885,69.1874],[17.4722,69.2001],[17.1294,69.0115],[17.042,69.0168],[17.1099,69.0847],[16.7731,69.0882],[17.1724,69.2011],[16.8986,69.1949],[17.1457,69.2563],[16.906,69.2979],[17.1318,69.311],[16.9265,69.3935],[17.3994,69.3662],[17.2822,69.414],[17.4958,69.4283],[17.3921,69.4822],[17.3433,69.5375],[17.6453,69.4618],[17.4676,69.5996],[17.6579,69.5085],[17.6589,69.5996],[17.7531,69.5406],[17.8591,69.5867],[17.8308,69.4481],[17.9441,69.5233],[18.0505,69.4959],[17.9407,69.4283],[18.0708,69.4379]]],[[[18.999,69.8286],[19.0574,69.7634],[18.7941,69.6756],[18.8364,69.6043],[18.7693,69.5717],[18.194,69.5307],[17.9954,69.5921],[18.4001,69.6406],[18.2144,69.7142],[18.6328,69.702],[18.3518,69.7299],[18.3823,69.7976],[18.5025,69.7498],[18.6532,69.8044],[18.6633,69.713],[18.7625,69.6877],[18.7898,69.7839],[18.6789,69.8861],[18.999,69.8286]]],[[[20.9588,70.0031],[21.0994,70.0105],[20.8919,69.938],[20.7605,69.9997],[20.9588,70.0031]]],[[[19.6192,70.0168],[19.6831,69.9858],[19.3748,69.8233],[19.1216,69.7878],[18.7289,69.9478],[19.2082,70.0986],[19.3926,69.9919],[19.5357,70.0573],[19.6192,70.0168]]],[[[20.7915,70.0924],[20.6026,70.044],[20.5923,70.106],[20.3899,70.1027],[20.4378,70.1867],[20.7339,70.2367],[20.8244,70.2099],[20.7915,70.0924]]],[[[19.9822,70.147],[20.1541,70.1129],[19.7761,70.0673],[19.5371,70.2501],[19.6777,70.2904],[19.9822,70.147]]],[[[22.9224,70.3047],[23.0015,70.2492],[22.7317,70.2569],[22.3737,70.332],[22.6747,70.3989],[22.9224,70.3047]]],[[[23.656,70.5033],[23.5925,70.4153],[23.2163,70.2828],[23.082,70.3017],[23.1346,70.4145],[23.0389,70.341],[22.854,70.4077],[23.1755,70.5476],[23.2786,70.4766],[23.3076,70.5504],[23.5393,70.5449],[23.391,70.618],[23.5735,70.6132],[23.656,70.5033]]],[[[24.0669,70.661],[24.1016,70.5887],[23.8042,70.5133],[23.6418,70.5995],[23.6902,70.6678],[23.6355,70.692],[23.8157,70.7512],[24.0669,70.661]]],[[[22.4221,70.5107],[22.1545,70.4723],[22.3333,70.6132],[22.0407,70.5936],[21.9865,70.6625],[22.4152,70.6262],[22.3845,70.7094],[22.541,70.7175],[22.7249,70.6036],[22.8262,70.6479],[22.723,70.7485],[22.9691,70.6612],[23.1824,70.736],[23.0663,70.8124],[23.3289,70.7793],[23.3425,70.866],[23.4841,70.7988],[23.1585,70.6942],[23.0889,70.5862],[22.4221,70.5107]]],[[[24.0731,70.9626],[24.2451,70.9558],[24.023,70.917],[23.9094,70.9558],[24.0389,70.9763],[23.8858,70.9962],[24.0874,71.0241],[24.2246,70.9968],[24.0731,70.9626]]],[[[26.136,71.0377],[26.2085,71.0496],[26.2066,71.0133],[26.0726,70.9752],[25.7311,70.9754],[25.7533,70.9421],[25.5534,70.9279],[25.4163,70.9831],[25.5608,71.0173],[25.2925,71.0281],[25.348,71.0657],[25.3138,71.0725],[25.4588,71.072],[25.4717,71.1026],[25.7185,71.052],[25.5534,71.1408],[25.6673,71.1653],[25.8074,71.1544],[25.8057,71.0959],[26.0298,71.1165],[25.991,71.067],[25.8898,71.052],[25.9644,71.0377],[25.9302,71.0111],[25.9564,71.002],[26.136,71.0377]]],[[[12.8753,66.2856],[12.825,66.2159],[12.7002,66.2432],[12.8753,66.2856]]],[[[12.9408,66.4602],[12.8989,66.355],[12.8008,66.3847],[12.9408,66.4602]]],[[[15.2957,67.9453],[14.9612,67.9416],[15.1057,68.0007],[15.2957,67.9453]]],[[[15.1662,67.9868],[15.2303,68.0367],[15.2866,67.977],[15.1662,67.9868]]],[[[20.7029,69.8888],[20.7067,69.8173],[20.5267,69.8211],[20.5628,69.896],[20.7029,69.8888]]],[[[30.0212,69.8323],[29.7132,69.7634],[29.8425,69.9089],[30.0212,69.8323]]],[[[19.8133,70.0026],[19.8565,69.9731],[19.7206,69.8647],[19.4343,69.8405],[19.8133,70.0026]]],[[[18.6668,70.0276],[18.7214,70.116],[18.9756,70.0736],[18.6668,70.0276]]],[[[19.2424,70.2009],[19.1742,70.1151],[18.9959,70.1521],[19.0986,70.1579],[19.0915,70.2379],[19.2424,70.2009]]],[[[21.7381,70.3782],[21.7937,70.3234],[21.7031,70.2618],[21.7381,70.3782]]],[[[-7.9626,71.1749],[-8.006,71.0325],[-8.6197,70.9581],[-8.9866,70.8108],[-9.1174,70.8749],[-8.5168,71.0145],[-8.3257,71.1476],[-7.9626,71.1749]]],[[[19.1603,74.526],[19.2834,74.444],[19.0737,74.3474],[18.7898,74.4782],[19.1603,74.526]]],[[[25.4784,76.7121],[25.5808,76.6984],[24.9434,76.4451],[25.4784,76.7121]]],[[[24.4248,77.8259],[23.8928,77.5084],[23.3543,77.3769],[23.2345,77.2637],[22.4204,77.2689],[22.5046,77.3359],[22.4221,77.4315],[22.7783,77.5549],[21.0925,77.4392],[20.8655,77.4562],[20.9299,77.5016],[20.8318,77.5407],[21.2161,77.6096],[21.2608,77.7331],[21.6618,77.918],[20.877,78.0986],[21.6968,78.2111],[22.9661,78.2563],[23.4705,78.1583],[23.1055,78.0881],[23.055,78.0373],[23.1205,77.9859],[23.6283,77.8703],[24.4248,77.8259]]],[[[21.0243,78.2191],[20.6472,78.194],[20.7915,78.2744],[20.4688,78.3153],[20.6611,78.3911],[20.1536,78.4754],[21.0204,78.5447],[21.1782,78.6232],[22.0847,78.595],[22.2354,78.4879],[22.2713,78.2675],[21.0243,78.2191]]],[[[27.0208,78.6989],[26.7376,78.6265],[26.3963,78.7752],[26.6155,78.8088],[27.0208,78.6989]]],[[[12.1428,78.237],[11.8923,78.2336],[11.8484,78.3078],[11.3438,78.4491],[11.1218,78.4389],[10.8071,78.6859],[10.5486,78.7712],[10.5669,78.8435],[10.4844,78.8907],[10.9998,78.8342],[11.1838,78.7336],[11.0603,78.6927],[11.2726,78.6102],[11.259,78.5282],[11.8722,78.4479],[12.1428,78.237]]],[[[29.439,78.905],[29.707,78.8981],[29.3353,78.8503],[28.8696,78.9118],[27.842,78.8435],[28.4186,78.967],[29.439,78.905]]],[[[20.0989,79.1241],[20.8318,79.0552],[20.3582,78.9947],[20.0442,79.0415],[20.135,79.0607],[20.0989,79.1241]]],[[[20.0579,79.3773],[20.1439,79.3362],[19.7015,79.337],[19.6265,79.3916],[20.0579,79.3773]]],[[[11.0325,79.7069],[11.074,79.666],[10.8215,79.6505],[10.7381,79.6864],[10.848,79.6933],[10.7109,79.7212],[11.0325,79.7069]]],[[[20.2088,78.6381],[19.763,78.6242],[19.5828,78.5815],[19.6812,78.5146],[18.9618,78.4525],[19.0664,78.3779],[18.9544,78.2818],[19.0852,78.2299],[18.9206,78.1785],[19.0983,78.103],[18.4063,78.0211],[18.5025,77.9802],[18.3304,77.905],[18.4546,77.7741],[18.2998,77.5202],[17.6248,77.4457],[17.3374,77.0473],[17.0972,77.0547],[17.3237,76.9789],[16.9191,76.7939],[17.1921,76.6968],[16.8096,76.5668],[16.4309,76.6224],[16.3438,76.5724],[16.284,76.7079],[15.5015,76.8765],[16.5286,77.0001],[16.2577,76.9926],[16.029,77.0851],[15.8577,77.069],[15.8866,77.0156],[15.3457,77.0085],[15.0402,77.1348],[14.4478,77.1814],[13.9738,77.4099],[14.0545,77.4525],[13.9107,77.5345],[14.44,77.5861],[14.5959,77.5345],[14.5476,77.4925],[14.7111,77.4945],[15.0423,77.5667],[15.8533,77.5316],[16.2214,77.4409],[16.2708,77.4875],[15.8459,77.5788],[14.7405,77.6642],[16.3333,77.7976],[17.1061,77.7752],[16.7893,77.8771],[17.0078,77.9385],[13.957,77.7199],[13.7373,77.7499],[13.8218,77.8014],[13.6511,77.8498],[13.6707,77.9938],[13.5891,78.0559],[13.9577,78.0957],[14.3301,77.9644],[14.2328,78.0935],[15.6935,78.2148],[15.5902,78.2886],[15.7951,78.3429],[16.9365,78.3523],[17.2964,78.4326],[16.8508,78.3849],[16.3299,78.4525],[16.8272,78.648],[16.5542,78.7193],[16.002,78.4827],[15.4395,78.4584],[15.1929,78.5896],[15.4651,78.6546],[15.4988,78.7263],[15.4251,78.7883],[15.4866,78.8088],[15.3815,78.8514],[15.1991,78.7405],[15.2612,78.6654],[14.9827,78.5974],[14.8013,78.6442],[14.815,78.7336],[14.4456,78.6784],[14.5896,78.5555],[14.3836,78.5009],[14.7337,78.3911],[14.286,78.3874],[14.322,78.3085],[14.0759,78.2429],[13.7461,78.2675],[13.856,78.2129],[13.0096,78.2038],[12.8865,78.3477],[12.3626,78.4873],[13.198,78.5425],[12.4297,78.5442],[11.9036,78.6381],[11.6432,78.7473],[11.9017,78.8443],[11.346,78.9542],[12.5066,78.9118],[12.4243,78.9966],[12.0648,78.9743],[11.6836,79.0694],[12.136,79.2134],[12.0603,79.2407],[12.115,79.3022],[11.835,79.296],[11.9168,79.2407],[11.8529,79.226],[11.5947,79.3096],[11.7005,79.168],[11.2283,79.1007],[11.141,79.2366],[10.8412,79.371],[10.9164,79.3848],[10.8552,79.4108],[10.9001,79.4706],[10.6768,79.5424],[11.1838,79.5629],[10.855,79.597],[11.0137,79.65],[11.4577,79.6318],[11.2139,79.7081],[11.2273,79.788],[11.8223,79.845],[12.0466,79.6933],[12.297,79.665],[12.3496,79.7175],[12.2044,79.7546],[12.2044,79.8372],[12.4514,79.8236],[12.5366,79.7463],[13.797,79.8819],[13.9502,79.8373],[13.8971,79.7377],[13.0137,79.6933],[12.4514,79.5691],[13.4517,79.5924],[13.2595,79.4735],[13.617,79.4809],[14.0417,79.2658],[14.1582,79.3432],[13.8831,79.5424],[14.2805,79.6175],[14.1439,79.6318],[14.5486,79.8115],[15.2953,79.6038],[15.4973,79.33],[15.7727,79.2422],[15.6821,79.1122],[15.8816,79.161],[16.4352,78.9114],[16.4603,78.967],[16.1507,79.234],[15.9595,79.3096],[15.853,79.529],[15.918,79.5629],[15.6858,79.7006],[15.6419,79.8319],[16.1377,79.8708],[15.9597,79.9391],[16.0217,80.0154],[16.5415,80.0475],[16.8201,79.8758],[16.9647,79.9626],[17.2695,79.9455],[18.0984,79.7274],[17.5907,79.5486],[17.783,79.494],[17.6532,79.3694],[17.881,79.4013],[18.1061,79.5883],[18.3469,79.6299],[18.8818,79.4411],[18.8792,79.3159],[18.5918,79.2612],[18.8446,79.2544],[18.9451,79.157],[19.7863,79.1651],[19.9064,79.0142],[21.541,78.8469],[21.5519,78.7752],[21.3833,78.6586],[20.2088,78.6381]]],[[[33.0986,80.2277],[33.5962,80.2032],[32.8311,80.1332],[31.4771,80.1039],[33.0986,80.2277]]],[[[18.2964,80.2761],[18.1188,80.2897],[18.3169,80.3642],[18.7556,80.3027],[18.2964,80.2761]]],[[[27.1711,80.0734],[27.1021,79.9744],[27.2074,79.8737],[25.826,79.626],[25.9688,79.5154],[25.8291,79.4422],[25.1833,79.3362],[24.2881,79.3099],[24.0531,79.1889],[22.9256,79.2228],[22.6421,79.3178],[22.895,79.4195],[20.8169,79.3781],[20.7297,79.4586],[19.6853,79.5539],[19.6333,79.6113],[20.2083,79.6455],[21.1546,79.5691],[20.4756,79.6864],[21.8504,79.7069],[22.2874,79.8057],[18.7839,79.7231],[18.112,79.9055],[18.7898,79.9744],[18.9338,80.0563],[18.2349,80.0489],[18.1524,80.0836],[18.3646,80.0836],[17.783,80.1383],[18.7005,80.2072],[19.3313,80.091],[19.5848,80.1519],[19.2243,80.1977],[18.9816,80.3437],[19.8518,80.2208],[19.7152,80.2481],[19.8381,80.2897],[19.7705,80.3232],[19.8587,80.3437],[19.7705,80.3505],[19.9138,80.3852],[19.4688,80.4089],[19.5005,80.4722],[19.6743,80.4399],[19.6567,80.505],[20.0368,80.4678],[20.1055,80.3785],[20.3898,80.4235],[20.5918,80.3027],[20.8392,80.3096],[20.749,80.2686],[20.8529,80.2139],[21.8467,80.2721],[21.8976,80.2134],[21.5996,80.1252],[22.0652,80.111],[22.2832,79.9831],[22.4773,80.0154],[22.3469,80.07],[22.4631,80.07],[22.3737,80.111],[22.4495,80.2618],[22.576,80.299],[22.3377,80.3839],[22.6821,80.4269],[22.6133,80.358],[22.7503,80.33],[22.6965,80.358],[22.833,80.4126],[22.7816,80.5173],[23.3606,80.4331],[23.1209,80.3915],[23.3538,80.3376],[23.055,80.2484],[23.0067,80.1621],[23.1223,80.1176],[23.2302,80.1252],[23.0868,80.1724],[23.2405,80.1946],[23.3987,80.1425],[23.4705,80.2134],[23.5676,80.1335],[23.8049,80.1846],[23.7168,80.2618],[23.7653,80.3091],[24.3356,80.2863],[24.376,80.3323],[24.1488,80.3505],[24.2598,80.3758],[24.6008,80.317],[24.471,80.2953],[24.5213,80.2557],[24.8299,80.3559],[24.8887,80.3232],[24.7801,80.2481],[25.3555,80.2823],[25.2697,80.2335],[25.7439,80.2255],[25.7044,80.1724],[26.8071,80.1743],[27.1711,80.0734]]],[[[5.2897,60.0743],[5.2688,59.9949],[5.1717,60.0495],[5.2466,60.0515],[5.2053,60.1174],[5.2897,60.0743]]],[[[4.7214,61.0402],[4.7069,60.9885],[4.6438,61.0576],[4.7214,61.0402]]],[[[5.1203,62.0258],[5.0952,61.9274],[4.9842,62.0095],[5.1203,62.0258]]],[[[11.4655,64.5878],[11.3445,64.5737],[11.3665,64.6344],[11.4655,64.5878]]],[[[11.3508,64.6516],[11.3123,64.5997],[11.168,64.6597],[11.3508,64.6516]]],[[[24.8369,71.0949],[24.77,71.0262],[24.6143,71.0566],[24.8369,71.0949]]],[[[5.4621,59.2109],[5.4432,59.1589],[5.3753,59.2188],[5.4621,59.2109]]],[[[6.0164,59.2922],[6.0999,59.2766],[6.0563,59.2407],[5.9299,59.2435],[6.0164,59.2922]]],[[[4.8459,60.6281],[4.7795,60.5985],[4.7913,60.6661],[4.8459,60.6281]]]]},"properties":{"registry":"CULA North","label":"Congenital Upper Limb Anomalies North (CULA North)","country":"Norway","status":"clinical","area":"Norway, participating centres, from 2018","website":"https://doi.org/10.1177/17531934251348360","source":"McCombe D, Wall L, Goldfarb C, H\u00fclsemann W, Sletten IN, Wilks D, Horwitz MD, Lam WL. Congenital upper limb difference patient registries: characteristics, comparisons and recommendations. J Hand Surg Eur Vol 2026;51(1):111-118, doi:10.1177/17531934251348360"}},{"type":"Feature","geometry":{"type":"MultiPolygon","coordinates":[[[[20.6232,69.0364],[20.9112,68.9807],[20.9057,68.8946],[22.0722,68.477],[22.8083,68.3949],[23.0669,68.2903],[23.1656,68.122],[23.3065,68.1456],[23.6622,67.9504],[23.4813,67.8646],[23.5535,67.587],[23.4313,67.4855],[23.7652,67.4201],[23.7857,67.3375],[23.6027,67.2603],[23.5813,67.1531],[24.004,66.8052],[23.8924,66.7509],[23.8819,66.5635],[23.6524,66.4588],[23.6628,66.3165],[23.7242,66.2066],[24.0196,66.0489],[24.1631,65.8227],[23.9264,65.7604],[23.7394,65.8293],[23.4701,65.8333],[23.4285,65.7653],[23.196,65.827],[23.2376,65.7687],[23.103,65.7047],[22.653,65.9084],[22.6637,65.7575],[22.4055,65.8639],[22.3259,65.837],[22.326,65.7355],[22.2092,65.7612],[22.388,65.6725],[22.2815,65.7015],[22.2849,65.6315],[22.1892,65.6241],[22.3006,65.6115],[22.3086,65.6694],[22.4053,65.5419],[21.7642,65.7277],[22.203,65.549],[21.8535,65.5353],[22.0316,65.467],[21.9277,65.4041],[21.4891,65.3934],[21.4489,65.3572],[21.7017,65.2859],[21.6228,65.2408],[21.2778,65.35],[21.6099,65.1689],[21.5444,65.1374],[21.5859,65.0692],[21.2434,64.9531],[21.1813,64.8358],[21.0374,64.8327],[21.3058,64.7683],[21.2292,64.7477],[21.3049,64.6657],[21.1439,64.733],[21.1227,64.6831],[21.4856,64.5834],[21.5256,64.5229],[21.3473,64.532],[21.6065,64.4522],[20.9666,64.1494],[20.897,63.9837],[20.6747,63.7893],[20.5034,63.822],[20.3943,63.6811],[20.3255,63.754],[20.308,63.6544],[20.2844,63.7329],[20.2428,63.6509],[20.0345,63.6568],[19.6873,63.4313],[19.4463,63.5609],[19.5166,63.4147],[19.2932,63.4665],[19.2593,63.329],[19.0574,63.2605],[19.112,63.2195],[19.0527,63.1789],[18.7511,63.2595],[18.8944,63.1978],[18.7005,63.2258],[18.7556,63.1575],[18.5645,63.1779],[18.6546,63.1137],[18.4782,63.0202],[18.2417,62.9998],[18.5767,62.9584],[18.4033,62.9648],[18.5125,62.9041],[18.4001,62.9111],[18.4745,62.8769],[18.3776,62.8367],[18.207,62.8695],[18.2827,62.8415],[18.1951,62.7774],[18.009,62.7944],[18.1462,62.8223],[18.0773,62.8558],[17.9353,62.817],[17.8308,62.9998],[17.6936,62.9936],[17.9954,62.7277],[17.9934,62.6599],[17.8718,62.6708],[18.0642,62.5958],[17.937,62.6156],[17.8431,62.4897],[17.6712,62.4894],[17.7074,62.4374],[17.4268,62.5411],[17.3308,62.4877],[17.3806,62.3327],[17.6527,62.232],[17.5086,62.2184],[17.4605,62.0033],[17.3446,61.9367],[17.3374,61.8237],[17.4056,61.8211],[17.3992,61.7224],[17.5142,61.7138],[17.4963,61.6351],[17.138,61.7255],[17.2686,61.6908],[17.0972,61.6361],[17.2479,61.6088],[17.0563,61.5822],[17.1865,61.561],[17.0801,61.5505],[17.2204,61.448],[17.104,61.3994],[17.2761,61.314],[17.0972,61.3209],[17.2127,61.2353],[17.1519,61.2042],[17.1587,61.0198],[17.2479,61.0124],[17.1582,60.9484],[17.3357,60.7669],[17.1867,60.6924],[17.3395,60.623],[17.575,60.6479],[17.6706,60.5041],[17.9749,60.5878],[17.9675,60.5121],[18.2622,60.3824],[18.2349,60.3271],[18.428,60.3488],[18.3169,60.321],[18.4199,60.1935],[18.5485,60.1741],[18.5781,60.0739],[18.6514,60.1483],[18.7966,60.005],[18.7531,60.0822],[18.8169,60.1176],[18.9031,59.9472],[19.0716,59.8963],[19.0347,59.835],[18.886,59.9299],[18.9241,59.8523],[18.7339,59.7688],[19.0745,59.7497],[18.9133,59.7518],[18.2691,59.4774],[18.3073,59.3968],[18.1814,59.4582],[18.009,59.4085],[18.2206,59.3198],[18.4701,59.3371],[18.4268,59.4364],[18.4846,59.4342],[18.6465,59.3303],[18.2913,59.3227],[18.4242,59.1439],[18.0137,59.0449],[17.8928,58.861],[17.7736,58.9607],[17.7744,58.8862],[17.7688,59.1206],[17.7105,59.0528],[17.6589,59.1689],[17.5769,58.9567],[17.6267,58.9178],[17.536,58.902],[17.5907,58.861],[17.4473,58.8952],[17.4883,58.7996],[17.3374,58.8065],[17.3578,58.7512],[17.0282,58.7512],[17.1457,58.6966],[16.9242,58.6254],[16.1792,58.6345],[16.7893,58.6072],[16.9402,58.4911],[16.7483,58.429],[16.4126,58.4775],[16.7056,58.4077],[16.7751,58.3397],[16.6317,58.3539],[16.6985,58.3017],[16.7992,58.3236],[16.7068,58.2783],[16.8213,58.2071],[16.7772,58.1305],[16.6174,58.2031],[16.7546,58.025],[16.6372,58.0145],[16.7688,57.8878],[16.6106,57.8947],[16.5153,57.9988],[16.5725,57.8939],[16.4603,57.9021],[16.7068,57.7506],[16.4194,57.8947],[16.7149,57.7028],[16.577,57.7097],[16.6305,57.6291],[16.5205,57.6271],[16.689,57.4717],[16.4691,57.2754],[16.5833,57.0449],[16.4398,57.0517],[16.408,56.7991],[16.4717,56.7774],[16.2463,56.6424],[16.0383,56.2551],[15.8517,56.0864],[15.7887,56.1064],[15.8265,56.1594],[15.5864,56.2089],[15.3656,56.1411],[14.7249,56.1676],[14.6823,56.1171],[14.7678,56.0307],[14.4974,56.0405],[14.2347,55.8627],[14.1958,55.7257],[14.3675,55.5454],[14.1812,55.3908],[12.8328,55.3826],[12.9857,55.4479],[12.9175,55.5472],[13.0549,55.694],[12.9226,55.7495],[12.926,55.8341],[12.4514,56.3044],[12.8145,56.2362],[12.6216,56.4193],[12.8901,56.4553],[12.9344,56.5471],[12.8718,56.6495],[12.7318,56.647],[12.5983,56.821],[12.3565,56.9238],[12.1913,57.2126],[12.1013,57.2367],[12.1441,57.3101],[12.0498,57.3511],[12.1087,57.3944],[12.0593,57.4588],[11.979,57.3466],[11.9033,57.3944],[11.9168,57.6209],[11.835,57.6619],[11.9237,57.7028],[11.7054,57.6984],[11.8104,57.7814],[11.6563,57.8394],[11.7593,57.9021],[11.8897,58.2168],[11.8089,58.3022],[11.8828,58.3328],[11.5059,58.2431],[11.6699,58.4222],[11.5532,58.4632],[11.5225,58.3362],[11.3962,58.2646],[11.4241,58.3881],[11.3459,58.346],[11.4241,58.4427],[11.2209,58.3463],[11.2863,58.5799],[11.1774,58.7186],[11.1976,58.9225],[11.1082,58.9536],[11.1936,59.0801],[11.321,59.0995],[11.452,58.896],[11.6644,58.9201],[11.8117,59.2497],[11.6749,59.6071],[11.8972,59.714],[11.8496,59.8724],[12.1437,59.8984],[12.4832,60.0812],[12.4917,60.3123],[12.6053,60.4192],[12.2533,61.0017],[12.7038,61.0462],[12.8882,61.3496],[12.1617,61.7248],[12.3143,62.2861],[12.0912,62.5863],[12.1562,62.7337],[12.0933,62.9074],[12.2227,63.0015],[11.9924,63.2889],[12.2198,63.4743],[12.1703,63.5981],[12.7553,63.9914],[13.2341,64.0909],[13.9642,64.0095],[14.1478,64.169],[14.0969,64.4653],[13.6428,64.584],[14.5143,65.3181],[14.5607,65.7011],[14.6489,65.8024],[14.5405,66.1254],[15.0534,66.1533],[15.4819,66.2749],[15.4263,66.4912],[16.3997,67.036],[16.4379,67.2003],[16.1271,67.4228],[16.1807,67.4964],[16.483,67.5578],[16.7829,67.897],[17.3215,68.1053],[17.921,67.9729],[18.1886,68.1987],[18.1718,68.5359],[18.4362,68.5739],[20.0103,68.3639],[20.2459,68.4774],[19.9622,68.5412],[20.2366,68.6591],[20.3565,68.8046],[20.3411,68.9101],[20.1023,69.0221],[20.6232,69.0364]]],[[[17.1245,57.3193],[16.4285,56.218],[16.4194,56.5856],[16.6209,56.8723],[16.7313,56.904],[16.9665,57.3046],[17.1245,57.3193]]],[[[19.0402,57.8679],[19.0852,57.8258],[18.8071,57.7344],[18.7647,57.6269],[18.7732,57.4722],[18.9263,57.3926],[18.4064,57.143],[18.3379,57.0312],[18.4001,57.004],[18.3115,56.9481],[18.1387,56.922],[18.2902,57.0927],[18.2009,57.0654],[18.228,57.1337],[18.0994,57.259],[18.1792,57.3795],[18.1282,57.5482],[18.6777,57.9139],[18.8035,57.8258],[18.8513,57.9151],[19.0402,57.8679]]],[[[19.273,57.9765],[19.3386,57.9636],[19.162,57.926],[19.1296,57.8469],[19.0368,57.9052],[19.273,57.9765]]],[[[11.7388,58.0585],[11.5947,57.9356],[11.4979,58.0281],[11.7388,58.0585]]],[[[11.807,58.2304],[11.8047,58.1257],[11.7082,58.0982],[11.4577,58.0722],[11.4066,58.1311],[11.6864,58.2912],[11.807,58.2304]]],[[[18.5501,60.3271],[18.4022,60.3698],[18.3788,60.5078],[18.5501,60.3271]]],[[[18.6566,59.5067],[18.5564,59.4223],[18.5105,59.4831],[18.6566,59.5067]]],[[[18.9963,59.8098],[18.8858,59.7939],[18.9592,59.8637],[18.9963,59.8098]]],[[[16.8916,58.3337],[16.7852,58.3801],[16.8597,58.4003],[16.8916,58.3337]]],[[[17.7073,58.9934],[17.6912,58.9018],[17.6392,58.931],[17.6522,59.0715],[17.7073,58.9934]]],[[[18.1247,62.6879],[18.0061,62.7056],[18.1494,62.7498],[18.1247,62.6879]]],[[[22.7411,65.7136],[22.7468,65.7704],[22.8114,65.7141],[22.7411,65.7136]]]]},"properties":{"registry":"CULA North","label":"Congenital Upper Limb Anomalies North (CULA North)","country":"Sweden","status":"clinical","area":"Sweden, participating centres, from 2018","website":"https://doi.org/10.1177/17531934251348360","source":"McCombe D, Wall L, Goldfarb C, H\u00fclsemann W, Sletten IN, Wilks D, Horwitz MD, Lam WL. Congenital upper limb difference patient registries: characteristics, comparisons and recommendations. J Hand Surg Eur Vol 2026;51(1):111-118, doi:10.1177/17531934251348360"}},{"type":"Feature","geometry":{"type":"MultiPolygon","coordinates":[[[[13.8157,48.7664],[13.7165,48.5217],[13.4546,48.5734],[13.4056,48.3766],[12.7389,48.1134],[12.9912,47.8471],[12.892,47.7235],[13.072,47.6595],[13.0019,47.466],[12.7789,47.5548],[12.762,47.6669],[12.4966,47.6289],[12.2387,47.6789],[12.2422,47.732],[12.1736,47.6051],[11.6205,47.5897],[11.237,47.394],[10.9795,47.3905],[10.8586,47.5307],[10.4292,47.577],[10.4283,47.396],[10.1599,47.2711],[10.2093,47.3725],[10.0829,47.3591],[9.9459,47.5408],[9.7821,47.5884],[9.6126,47.5219],[9.1834,47.6704],[8.8817,47.6561],[8.5582,47.8012],[8.3913,47.6655],[8.6073,47.6563],[8.5741,47.5924],[7.6097,47.5647],[7.6597,47.5966],[7.586,47.5846],[7.5119,47.7073],[7.6211,47.9714],[7.5789,48.1145],[7.7507,48.3414],[7.8103,48.615],[8.2003,48.9586],[7.635,49.0378],[7.4105,49.1689],[7.2744,49.105],[7.0425,49.1076],[6.9144,49.2067],[6.7256,49.1556],[6.5117,49.4247],[6.3453,49.4553],[6.5026,49.7957],[6.3026,49.8349],[6.0964,50.0486],[6.1468,50.214],[6.3745,50.3155],[6.3369,50.481],[6.1708,50.518],[6.2491,50.6144],[5.973,50.7818],[6.0637,50.9075],[5.8582,51.0193],[6.1473,51.1523],[6.0566,51.2117],[6.2078,51.3877],[6.1933,51.5093],[5.9315,51.8156],[6.1561,51.8421],[6.127,51.8967],[6.345,51.8211],[6.7438,51.9083],[6.8092,51.9795],[6.6799,52.0605],[7.0263,52.2306],[7.0482,52.3651],[6.9733,52.4514],[6.7148,52.4616],[6.6717,52.5417],[6.737,52.6347],[7.0185,52.626],[7.1928,52.998],[7.1946,53.245],[7.2547,53.3195],[7.3665,53.3028],[7.0236,53.3764],[7.0514,53.5126],[7.1418,53.5372],[7.0868,53.5869],[7.2261,53.6665],[8.0314,53.7081],[8.168,53.5532],[8.077,53.4687],[8.2053,53.4107],[8.3151,53.4749],[8.2312,53.5252],[8.2707,53.6129],[8.5521,53.5436],[8.5044,53.3581],[8.5658,53.5467],[8.4861,53.7004],[8.5876,53.8704],[8.916,53.9374],[8.8333,54.0364],[8.9972,54.0302],[9.0183,54.0979],[8.8128,54.1805],[8.9631,54.3176],[8.6785,54.2692],[8.5999,54.3381],[9.0116,54.5063],[8.6887,54.7353],[8.6608,54.8963],[9.2441,54.8018],[9.5799,54.8663],[9.8237,54.7567],[9.9475,54.7795],[10.0182,54.7012],[9.9295,54.6739],[10.0391,54.6668],[10.0269,54.56],[9.8401,54.4753],[10.1434,54.4918],[10.2039,54.461],[10.1418,54.3244],[10.3184,54.4433],[10.7313,54.3102],[11.1355,54.3859],[11.0666,54.3586],[11.0666,54.1839],[10.7526,54.0501],[10.9021,53.9614],[11.1751,54.018],[11.4577,53.9062],[11.6897,54.1552],[12.0881,54.1941],[12.115,54.0979],[12.1089,54.183],[12.5339,54.4883],[12.9212,54.4335],[12.4385,54.3875],[12.3626,54.3102],[12.4124,54.2514],[12.5408,54.3723],[12.8547,54.3579],[13.0088,54.4381],[13.1149,54.28],[13.4836,54.0913],[13.7119,54.1737],[13.8081,54.1047],[13.7461,54.0364],[13.906,53.9431],[13.8171,53.8529],[14.2645,53.7516],[14.2127,53.7081],[14.4416,53.2518],[14.3433,53.0486],[14.1445,52.9599],[14.1239,52.8507],[14.6448,52.5769],[14.5454,52.3822],[14.7124,52.2359],[14.6864,52.121],[14.7614,52.0767],[14.5858,51.8039],[14.7325,51.6583],[14.71,51.5302],[14.9554,51.4354],[15.0221,51.2368],[14.9553,51.064],[14.7592,50.8102],[14.6132,50.8456],[14.6292,50.9207],[14.5504,50.9121],[14.5743,50.9755],[14.4821,51.0372],[14.2875,51.0368],[14.2383,50.9825],[14.3819,50.9209],[14.3465,50.8802],[13.5566,50.7067],[13.4479,50.5973],[13.0096,50.4927],[12.9526,50.4042],[12.5102,50.3888],[12.3004,50.1608],[12.0761,50.3152],[12.2469,50.045],[12.5241,49.905],[12.3836,49.7429],[12.6435,49.4295],[12.9998,49.2949],[13.1785,49.1183],[13.4589,48.945],[13.6087,48.9462],[13.8157,48.7664]]],[[[14.2101,53.9385],[14.2008,53.8782],[13.8401,53.8503],[13.9317,53.8993],[13.9045,53.9954],[14.0483,53.9409],[14.0513,54.0051],[14.2101,53.9385]]],[[[11.2556,54.4787],[11.3142,54.4138],[11.0057,54.4685],[11.0729,54.5312],[11.2556,54.4787]]],[[[13.6983,54.3921],[13.7664,54.3449],[13.7232,54.2784],[13.617,54.3176],[13.6909,54.3518],[13.4997,54.3449],[13.3596,54.2755],[13.4072,54.2282],[13.1155,54.3381],[13.2669,54.3859],[13.157,54.4268],[13.2731,54.4821],[13.1434,54.5429],[13.2979,54.5197],[13.2533,54.5646],[13.2935,54.6423],[13.231,54.6533],[13.3908,54.6882],[13.4246,54.5851],[13.6707,54.5662],[13.5755,54.4719],[13.6983,54.3921]]],[[[8.3324,54.6938],[8.4014,54.633],[8.2915,54.6671],[8.3324,54.6938]]],[[[8.4976,54.7564],[8.5658,54.6876],[8.3945,54.7148],[8.4976,54.7564]]],[[[8.3604,54.9482],[8.6545,54.8936],[8.3071,54.8654],[8.2844,54.7424],[8.298,54.9125],[8.4634,55.0507],[8.3604,54.9482]]]]},"properties":{"registry":"CULA North","label":"Congenital Upper Limb Anomalies North (CULA North)","country":"Germany","status":"clinical","area":"Germany, participating centres, from 2018","website":"https://doi.org/10.1177/17531934251348360","source":"McCombe D, Wall L, Goldfarb C, H\u00fclsemann W, Sletten IN, Wilks D, Horwitz MD, Lam WL. Congenital upper limb difference patient registries: characteristics, comparisons and recommendations. J Hand Surg Eur Vol 2026;51(1):111-118, doi:10.1177/17531934251348360"}},{"type":"Feature","geometry":{"type":"MultiPolygon","coordinates":[[[[78.9177,33.3863],[78.8243,33.4611],[78.8009,33.4942],[78.7814,33.5528],[78.7941,33.7439],[78.7873,33.8084],[78.7211,33.9944],[78.7301,34.0793],[78.8061,34.123],[78.9032,34.1581],[78.9762,34.2172],[78.9885,34.2631],[78.9762,34.3092],[78.9512,34.3492],[78.9221,34.3723],[78.8017,34.415],[78.7507,34.4713],[78.6646,34.5264],[78.6073,34.5465],[78.3794,34.5787],[78.3353,34.5944],[78.296,34.6247],[78.2732,34.6589],[78.2114,34.8483],[78.1622,34.9088],[78.1481,34.9431],[78.13,35.0554],[78.0364,35.1942],[78.0012,35.2689],[78.0098,35.3475],[78.0556,35.4529],[78.0443,35.4916],[77.9859,35.4942],[77.9579,35.4821],[77.9127,35.441],[77.8831,35.4311],[77.8342,35.4522],[77.8003,35.4954],[77.7603,35.4981],[77.6897,35.4627],[77.6606,35.4581],[77.5122,35.4785],[77.3837,35.472],[77.2811,35.528],[77.1413,35.5254],[77.1053,35.538],[77.0711,35.571],[77.039,35.585],[76.915,35.5832],[76.8805,35.6007],[76.843,35.6413],[76.7634,35.6471],[76.6767,35.7138],[76.5708,35.7513],[76.5511,35.784],[76.5653,35.8655],[76.5555,35.8979],[76.5372,35.9025],[76.5002,35.8715],[76.4321,35.8605],[76.4031,35.831],[76.3489,35.831],[76.312,35.8096],[76.2604,35.8178],[76.166,35.8062],[76.1381,35.8267],[76.1147,35.9418],[76.09,35.9781],[76.0614,35.9916],[75.9843,35.9956],[75.953,36.0073],[75.9,36.0635],[75.8943,36.0974],[75.9014,36.1136],[75.9715,36.155],[75.9774,36.1738],[75.9701,36.2023],[76.0144,36.2304],[76.0119,36.2481],[75.9688,36.302],[75.9686,36.3418],[75.9874,36.4212],[75.9766,36.4626],[75.8498,36.6447],[75.7287,36.7232],[75.6498,36.754],[75.5705,36.7667],[75.508,36.7476],[75.4926,36.7207],[75.4319,36.7229],[75.4105,36.7473],[75.3945,36.8643],[75.378,36.8943],[75.3513,36.9158],[75.3135,36.9288],[75.1951,36.9489],[75.1001,36.9941],[74.9768,36.9843],[74.925,36.9709],[74.9008,36.9499],[74.8858,36.9114],[74.8724,36.9071],[74.8532,36.959],[74.8245,36.9941],[74.7926,37.0152],[74.7192,37.0164],[74.678,37.0517],[74.6625,37.0545],[74.5424,37.0217],[74.5192,37.0302],[74.4766,37.0831],[74.3826,37.1266],[74.3661,37.1478],[74.3683,37.1671],[74.4567,37.1773],[74.4873,37.2259],[74.5001,37.2316],[74.59,37.2434],[74.6233,37.2308],[74.651,37.2596],[74.6763,37.2637],[74.7215,37.2978],[74.7374,37.2961],[74.794,37.2139],[74.8923,37.2311],[74.9127,37.239],[74.9329,37.2725],[74.9515,37.2813],[75.0684,37.3121],[75.0918,37.3784],[75.1641,37.4006],[75.104,37.4406],[75.0534,37.4938],[74.9452,37.5486],[74.8919,37.5992],[74.8861,37.6535],[74.9236,37.6953],[74.9652,37.7675],[74.9493,37.7953],[74.8861,37.8306],[74.8832,37.8439],[74.9137,37.8808],[74.8908,37.8977],[74.8928,37.994],[74.8804,38.0217],[74.8099,38.0532],[74.7907,38.0814],[74.7713,38.1963],[74.7711,38.2915],[74.7843,38.3257],[74.8383,38.3794],[74.8444,38.4172],[74.8358,38.4552],[74.7603,38.52],[74.6965,38.524],[74.6461,38.5611],[74.3342,38.667],[74.2214,38.6497],[74.1234,38.6695],[74.095,38.6458],[74.0844,38.614],[74.0373,38.5985],[74.0381,38.5792],[74.0588,38.547],[74.0455,38.5304],[74.0289,38.5272],[73.9329,38.5297],[73.8871,38.559],[73.8164,38.5866],[73.7974,38.6028],[73.7723,38.6746],[73.7364,38.7217],[73.7359,38.8004],[73.6837,38.8549],[73.6808,38.873],[73.7172,38.9186],[73.8096,38.9327],[73.8239,38.9449],[73.8261,38.9769],[73.7687,39.0299],[73.7093,39.0655],[73.6738,39.1426],[73.6314,39.1751],[73.6078,39.2073],[73.6023,39.2358],[73.6438,39.3513],[73.6326,39.4483],[73.8383,39.4757],[73.8705,39.5468],[73.9216,39.5821],[73.9268,39.5929],[73.9043,39.6465],[73.8935,39.7104],[73.8793,39.7279],[73.8295,39.747],[73.8186,39.786],[73.832,39.8237],[73.8807,39.865],[73.8932,39.9181],[73.944,39.9701],[73.9579,40.0214],[73.9767,40.0436],[74.004,40.0608],[74.0695,40.0678],[74.1676,40.1064],[74.3338,40.0937],[74.3699,40.1058],[74.4766,40.1724],[74.5654,40.2469],[74.6544,40.2915],[74.7058,40.3313],[74.7467,40.3365],[74.8309,40.3199],[74.8621,40.3262],[74.8539,40.3588],[74.7874,40.4207],[74.8354,40.5116],[74.8792,40.5051],[75.0024,40.4473],[75.0644,40.4438],[75.1381,40.4639],[75.1939,40.4413],[75.2125,40.4447],[75.2292,40.4703],[75.2632,40.4802],[75.4818,40.6141],[75.5238,40.6332],[75.5599,40.6329],[75.5877,40.6119],[75.6056,40.5694],[75.6179,40.494],[75.6669,40.4502],[75.6693,40.4324],[75.6383,40.3861],[75.6563,40.3231],[75.6818,40.2917],[75.772,40.3102],[75.8586,40.2964],[75.9019,40.2989],[75.9215,40.3091],[75.9624,40.3573],[76.0516,40.3902],[76.0761,40.392],[76.1514,40.3681],[76.185,40.3842],[76.2442,40.4412],[76.2734,40.4341],[76.2994,40.3557],[76.3135,40.3433],[76.4765,40.4361],[76.5564,40.5657],[76.6094,40.5971],[76.6242,40.6275],[76.6308,40.7289],[76.6479,40.7649],[76.6742,40.7954],[76.7625,40.847],[76.7708,40.8671],[76.7574,40.9258],[76.7668,40.9447],[76.861,41.0132],[77.0077,41.0442],[77.1188,41.0117],[77.2432,41.0057],[77.333,41.0207],[77.5035,40.9811],[77.5807,40.9977],[77.6503,40.9971],[77.831,41.063],[77.9976,41.0498],[78.0365,41.0361],[78.075,41.0395],[78.1905,41.1178],[78.2754,41.2289],[78.3495,41.2704],[78.3597,41.2875],[78.3393,41.344],[78.3599,41.3775],[78.5104,41.4544],[78.6192,41.4781],[78.6583,41.5325],[78.8073,41.5784],[78.9158,41.6332],[78.9762,41.6418],[79.0887,41.7025],[79.1959,41.7295],[79.2823,41.7835],[79.3908,41.7727],[79.611,41.8676],[79.7475,41.8797],[79.7833,41.9051],[79.8128,41.9776],[79.8429,42.0018],[79.9309,42.0233],[80.1819,42.021],[80.2312,42.0337],[80.2576,42.0653],[80.2565,42.0844],[80.2246,42.1256],[80.2103,42.1895],[80.2491,42.2049],[80.2684,42.238],[80.2495,42.31],[80.2187,42.3549],[80.1962,42.4346],[80.2105,42.4908],[80.1624,42.5524],[80.14,42.623],[80.1438,42.6448],[80.1889,42.7016],[80.2275,42.791],[80.2483,42.8162],[80.2649,42.8237],[80.3339,42.8171],[80.4005,42.843],[80.5486,42.8785],[80.5545,42.8989],[80.5429,42.9167],[80.4762,42.9303],[80.3738,42.9752],[80.3551,43.0006],[80.3681,43.0285],[80.4979,43.0762],[80.6185,43.1343],[80.66,43.1328],[80.7315,43.1011],[80.7734,43.1129],[80.7934,43.1495],[80.7652,43.1999],[80.7485,43.2752],[80.7355,43.2889],[80.6585,43.3106],[80.6429,43.3262],[80.6942,43.3947],[80.7101,43.4259],[80.7127,43.4589],[80.4762,43.9102],[80.4231,43.9721],[80.4038,44.0489],[80.3451,44.1031],[80.3389,44.1215],[80.3732,44.231],[80.373,44.2702],[80.3304,44.453],[80.3645,44.5697],[80.3838,44.6028],[80.3592,44.6326],[80.3558,44.6529],[80.3763,44.6713],[80.492,44.7017],[80.4923,44.728],[80.3145,44.7803],[80.2447,44.816],[80.0394,44.7905],[79.9917,44.7936],[79.8686,44.8494],[79.843,44.8735],[79.8582,44.9037],[79.9247,44.9317],[80.0617,45.019],[80.1034,45.0322],[80.219,45.026],[80.2905,45.0462],[80.3901,45.0458],[80.4064,45.0566],[80.4251,45.0921],[80.4454,45.1042],[80.5368,45.1011],[80.6971,45.1437],[80.8539,45.1265],[80.976,45.1611],[81.0625,45.1722],[81.1442,45.2047],[81.542,45.2933],[81.6652,45.348],[81.7393,45.3381],[81.7652,45.3077],[81.7936,45.1956],[81.8753,45.1811],[81.9501,45.1445],[82.2453,45.2318],[82.2946,45.2282],[82.3418,45.2049],[82.4275,45.1372],[82.4758,45.1157],[82.5397,45.1237],[82.5852,45.1768],[82.6146,45.2486],[82.6338,45.3394],[82.632,45.4158],[82.6157,45.4354],[82.513,45.4658],[82.3627,45.4812],[82.3275,45.4933],[82.2915,45.5332],[82.3046,45.5829],[82.336,45.6351],[82.3722,45.7342],[82.4475,45.8254],[82.4889,45.9017],[82.5419,46.1315],[82.5683,46.1965],[82.6744,46.3311],[82.7078,46.4342],[82.7474,46.4933],[82.839,46.7324],[82.9855,46.9425],[82.9934,46.9756],[82.9855,47.0125],[83.0063,47.0806],[82.9982,47.1103],[83.0215,47.2059],[83.0716,47.2185],[83.1504,47.2115],[83.222,47.1719],[83.3534,47.145],[83.5245,47.0671],[83.9053,46.974],[84.0696,46.9644],[84.1581,46.9931],[84.2658,47.0001],[84.4218,46.9931],[84.521,46.9698],[84.616,46.9863],[84.6635,46.9839],[84.7317,46.9478],[84.7516,46.918],[84.7496,46.8825],[84.7155,46.8352],[84.7198,46.8213],[84.7396,46.8148],[84.916,46.8506],[84.9758,46.902],[85.0482,46.9207],[85.146,46.9781],[85.1915,47.0233],[85.2258,47.0416],[85.4986,47.0518],[85.5568,47.1787],[85.6597,47.2065],[85.679,47.2749],[85.6672,47.3261],[85.6789,47.3638],[85.6704,47.3843],[85.5846,47.4929],[85.58,47.5238],[85.5954,47.6241],[85.5154,47.9203],[85.5178,47.9446],[85.5618,48.0307],[85.5864,48.1412],[85.7187,48.3588],[85.7474,48.3901],[85.7837,48.4076],[86.006,48.4296],[86.192,48.4182],[86.2467,48.4374],[86.3074,48.4831],[86.3338,48.4904],[86.4306,48.4859],[86.5651,48.5273],[86.6055,48.5901],[86.669,48.6342],[86.752,48.7154],[86.7392,48.7835],[86.7895,48.8391],[86.7419,48.8787],[86.718,48.9125],[86.7094,48.9542],[86.7435,49.0077],[86.7989,49.0422],[86.8382,49.0939],[86.8595,49.1053],[86.9754,49.0924],[87.1163,49.1298],[87.4004,49.071],[87.4756,49.0876],[87.5061,49.1209],[87.7164,49.1589],[87.8163,49.1658],[87.8355,49.1007],[87.816,49.0506],[87.8219,49.0287],[87.8722,49.0041],[87.8726,48.968],[87.8359,48.9459],[87.7569,48.9204],[87.7357,48.8867],[87.7379,48.8694],[87.7961,48.8398],[87.8059,48.8006],[87.8211,48.7883],[87.9076,48.7588],[87.9755,48.756],[88.0594,48.7081],[88.0639,48.6826],[88.055,48.6734],[88.0102,48.6534],[87.9896,48.6242],[87.9428,48.5995],[87.9518,48.5752],[87.983,48.5523],[88.0166,48.5398],[88.0625,48.5429],[88.166,48.4937],[88.2356,48.4932],[88.3049,48.469],[88.3834,48.4087],[88.4167,48.3941],[88.4791,48.4001],[88.5027,48.3926],[88.5651,48.343],[88.573,48.3253],[88.5588,48.2881],[88.5612,48.2683],[88.5808,48.212],[88.5962,48.1977],[88.6358,48.1758],[88.7092,48.1664],[88.8054,48.106],[88.9168,48.106],[89.0456,47.993],[89.2187,47.977],[89.244,47.9802],[89.3543,48.0388],[89.4254,48.0216],[89.5418,48.031],[89.5719,48.0205],[89.5832,47.962],[89.6274,47.9439],[89.6553,47.8998],[89.7234,47.8782],[89.7513,47.8243],[89.8891,47.8243],[89.9344,47.8443],[89.9467,47.8832],[90.0446,47.8798],[90.0599,47.8688],[90.0644,47.8506],[90.0522,47.8107],[90.0829,47.7561],[90.1634,47.71],[90.3021,47.6785],[90.3448,47.6586],[90.3496,47.6478],[90.3274,47.623],[90.3816,47.5384],[90.4412,47.493],[90.4482,47.404],[90.4872,47.3782],[90.4856,47.3449],[90.4685,47.3235],[90.4687,47.3089],[90.7121,47.0147],[90.7424,46.9919],[90.8282,46.9823],[90.8851,46.9447],[90.9101,46.8924],[90.9365,46.8644],[90.92,46.8336],[90.9253,46.8131],[91.0048,46.7404],[91.0156,46.7032],[90.9959,46.5946],[91.0475,46.5664],[90.9358,46.3439],[90.8962,46.302],[90.9488,46.1683],[90.9959,46.1137],[91.0054,46.0681],[91.0024,46.0218],[90.9862,45.9931],[90.9192,45.9501],[90.7108,45.7522],[90.6966,45.73],[90.6511,45.4931],[90.738,45.4417],[90.7533,45.4209],[90.7905,45.3377],[90.7966,45.2928],[90.8544,45.2706],[90.8666,45.2536],[90.8576,45.2151],[90.8732,45.1862],[90.9055,45.186],[90.9751,45.2149],[91.0568,45.2176],[91.135,45.1979],[91.1843,45.1538],[91.2491,45.1297],[91.3665,45.1142],[91.4169,45.1457],[91.4385,45.1461],[91.534,45.0711],[91.564,45.0771],[91.663,45.0595],[91.747,45.0724],[91.9191,45.0656],[92.043,45.0748],[92.1084,45.0582],[92.2189,45.0101],[92.2854,45.0195],[92.331,45.0078],[92.4138,45.0113],[92.4751,44.9975],[92.7527,45.038],[92.8476,45.0391],[92.9451,45.0058],[93.1657,45.0076],[93.2442,44.9815],[93.341,44.9849],[93.4206,44.9551],[93.5253,44.9513],[93.714,44.8746],[93.8745,44.7142],[93.9274,44.6729],[94.0586,44.6513],[94.1037,44.6516],[94.149,44.6672],[94.1819,44.6608],[94.2775,44.5896],[94.3385,44.5121],[94.4301,44.5045],[94.5881,44.4361],[94.6572,44.3888],[94.6982,44.3435],[94.9058,44.2942],[94.9938,44.2594],[95.0368,44.255],[95.3794,44.2871],[95.3977,44.2805],[95.3475,44.2149],[95.3227,44.1582],[95.3283,44.0982],[95.319,44.0171],[95.3275,44.0067],[95.5103,43.9791],[95.5353,43.9577],[95.5892,43.8695],[95.6925,43.6305],[95.8328,43.4089],[95.855,43.2845],[95.8744,43.2471],[96.3187,42.9101],[96.3372,42.8665],[96.3578,42.7245],[97.1933,42.7873],[99.4745,42.5642],[99.9716,42.6763],[100.017,42.6765],[101.2187,42.5298],[101.4107,42.5449],[101.5249,42.5375],[101.6376,42.5154],[101.7354,42.4612],[101.8865,42.278],[101.9742,42.2079],[102.0342,42.1846],[103.0735,42.0045],[103.6914,41.7592],[103.721,41.7556],[104.5008,41.8706],[104.498,41.6658],[104.5049,41.6566],[104.6012,41.6454],[104.8923,41.6448],[104.9137,41.6383],[104.9738,41.5861],[105.0148,41.5961],[105.2009,41.7435],[105.2745,41.7555],[105.3582,41.7858],[105.4027,41.8115],[105.8686,41.9935],[106.7678,42.2866],[108.1774,42.4543],[108.3198,42.4326],[108.5365,42.4351],[108.7969,42.3984],[108.8627,42.4089],[108.9613,42.4475],[109.2534,42.4259],[109.3286,42.4405],[109.4851,42.4493],[109.6673,42.549],[109.9127,42.6288],[110.0602,42.6384],[110.1399,42.6826],[110.4067,42.7686],[110.4248,42.7852],[110.4494,42.8373],[110.6082,42.9447],[110.6801,43.0577],[110.797,43.1489],[110.9337,43.2878],[110.9734,43.3156],[111.0961,43.3667],[111.3386,43.4382],[111.4014,43.4755],[111.535,43.4907],[111.5677,43.5025],[111.7538,43.6632],[111.8458,43.6669],[111.9334,43.6966],[111.9451,43.7239],[111.9443,43.7864],[111.9306,43.8201],[111.8388,43.9388],[111.7807,43.9862],[111.6345,44.0659],[111.5438,44.1567],[111.5037,44.2257],[111.4906,44.2826],[111.4106,44.3261],[111.3964,44.3466],[111.3971,44.3874],[111.4241,44.448],[111.4838,44.5064],[111.5382,44.5834],[111.541,44.6682],[111.5514,44.6932],[111.7385,44.9663],[111.7865,45.0086],[111.8433,45.0395],[111.9267,45.0609],[111.9583,45.0845],[112.0115,45.0875],[112.1076,45.0674],[112.4128,45.066],[112.5239,44.9933],[112.586,44.9238],[112.7485,44.8653],[112.9732,44.8212],[113.0169,44.8211],[113.1049,44.7944],[113.4732,44.7707],[113.5324,44.7453],[113.6048,44.7397],[113.6725,44.7682],[113.8893,44.9083],[114.017,44.9273],[114.0893,44.9618],[114.1493,45.0301],[114.2118,45.0622],[114.4189,45.2015],[114.5023,45.3032],[114.5194,45.3709],[114.5337,45.3855],[114.7033,45.4272],[114.9389,45.3738],[115.1263,45.3944],[115.3373,45.3947],[115.473,45.4128],[115.6674,45.4543],[115.7673,45.5301],[116.0021,45.6756],[116.0949,45.6765],[116.1699,45.7091],[116.2516,45.8033],[116.2071,45.8809],[116.2132,45.9082],[116.3572,46.1056],[116.5251,46.2268],[116.5683,46.2909],[116.6036,46.3093],[116.722,46.3287],[116.8146,46.3867],[116.9579,46.3664],[117.3017,46.3501],[117.3375,46.3573],[117.3531,46.3795],[117.3575,46.4484],[117.3692,46.4757],[117.4125,46.5246],[117.3938,46.5714],[117.4729,46.5847],[117.5101,46.5785],[117.5682,46.6035],[117.6252,46.5357],[117.6734,46.516],[117.7976,46.5203],[117.817,46.5275],[117.8593,46.5803],[117.9006,46.6076],[118.0055,46.627],[118.0839,46.6683],[118.169,46.6785],[118.269,46.7229],[118.3355,46.7222],[118.4728,46.6857],[118.552,46.6858],[118.6094,46.7058],[118.7201,46.6767],[118.7538,46.6912],[118.8162,46.7582],[118.8465,46.7655],[118.8675,46.7583],[118.8906,46.7135],[118.9071,46.7094],[118.947,46.7371],[118.9672,46.7405],[119.0141,46.6833],[119.037,46.6687],[119.3169,46.6117],[119.5013,46.628],[119.6235,46.6163],[119.6801,46.5916],[119.7403,46.6133],[119.7822,46.6556],[119.8344,46.651],[119.8544,46.6597],[119.907,46.7183],[119.8831,46.753],[119.9029,46.8424],[119.8831,46.8554],[119.8814,46.8729],[119.8964,46.8986],[119.8523,46.9107],[119.8317,46.9421],[119.7701,46.993],[119.754,47.0944],[119.7,47.1595],[119.5874,47.2384],[119.5251,47.2508],[119.476,47.3092],[119.3207,47.407],[119.2819,47.4149],[119.3178,47.4621],[119.3101,47.4761],[119.1339,47.5275],[119.1165,47.556],[119.1042,47.6277],[119.0835,47.6616],[118.7674,47.7562],[118.7133,47.7936],[118.6052,47.9147],[118.5423,47.9662],[118.4728,47.9894],[118.28,47.9981],[118.1825,48.0282],[118.064,48.0196],[117.9728,47.9979],[117.8152,48.0048],[117.7669,47.9931],[117.5272,47.7865],[117.4365,47.7305],[117.3608,47.6509],[117.3171,47.6541],[117.0697,47.8102],[116.822,47.8763],[116.7517,47.8741],[116.4997,47.8364],[116.4289,47.8351],[116.2439,47.8629],[116.1816,47.8496],[116.0843,47.8069],[115.9729,47.7091],[115.9145,47.6839],[115.8527,47.7056],[115.5757,47.9097],[115.5619,47.9332],[115.5142,48.1316],[115.5364,48.1492],[115.7708,48.2241],[115.8,48.2423],[115.8093,48.274],[115.7866,48.493],[115.8004,48.5304],[116.0282,48.7675],[116.048,48.7998],[116.0336,48.8524],[116.0378,48.8701],[116.6843,49.8233],[117.0576,49.6729],[117.2529,49.6225],[117.4729,49.6143],[117.7588,49.5127],[117.8036,49.5189],[117.8369,49.509],[117.8738,49.5132],[117.8938,49.5466],[117.9307,49.5673],[118.0171,49.5958],[118.1064,49.6518],[118.1885,49.6813],[118.2234,49.7121],[118.2294,49.7292],[118.3052,49.7671],[118.373,49.7863],[118.3809,49.8115],[118.3937,49.82],[118.477,49.836],[118.4908,49.8695],[118.5213,49.8941],[118.6444,49.9546],[118.6706,49.9621],[118.7129,49.9495],[118.7415,49.9531],[118.9238,49.9916],[118.9904,49.9793],[119.0917,49.9866],[119.2085,50.0151],[119.3162,50.0927],[119.344,50.1424],[119.3483,50.1846],[119.3316,50.2173],[119.3338,50.2763],[119.3385,50.294],[119.3655,50.3108],[119.3566,50.3408],[119.3144,50.3517],[119.2508,50.3425],[119.2237,50.3561],[119.1753,50.3561],[119.1805,50.3698],[119.1412,50.3766],[119.1335,50.3815],[119.1376,50.3925],[119.1549,50.4114],[119.2068,50.4151],[119.2437,50.4455],[119.2646,50.4828],[119.2509,50.5045],[119.2936,50.5992],[119.3737,50.6427],[119.3917,50.672],[119.4428,50.6851],[119.4967,50.7371],[119.5149,50.7919],[119.5141,50.8134],[119.4975,50.8359],[119.528,50.8668],[119.53,50.8871],[119.518,50.9048],[119.6043,50.9782],[119.6832,51.0161],[119.7102,51.0385],[119.7104,51.0625],[119.7408,51.0715],[119.7652,51.1424],[119.7581,51.158],[119.7854,51.1717],[119.7581,51.199],[119.7622,51.215],[119.815,51.2159],[119.8059,51.244],[119.8196,51.2747],[119.8606,51.289],[119.8833,51.318],[119.9157,51.3307],[119.8953,51.384],[119.9529,51.3977],[119.9827,51.4422],[119.9772,51.487],[120.0529,51.5522],[120.0567,51.5964],[120.1005,51.6599],[120.1656,51.6686],[120.3193,51.776],[120.4083,51.8261],[120.4648,51.8402],[120.4931,51.8757],[120.5411,51.883],[120.5663,51.9053],[120.6476,51.911],[120.7109,51.9883],[120.6973,52.0487],[120.7056,52.061],[120.7451,52.0767],[120.7792,52.1176],[120.7713,52.141],[120.7832,52.162],[120.7513,52.203],[120.7581,52.2374],[120.739,52.2566],[120.6549,52.2991],[120.6262,52.3468],[120.6284,52.3579],[120.6522,52.3725],[120.6904,52.4391],[120.6904,52.4702],[120.724,52.5422],[120.6087,52.574],[120.454,52.639],[120.3676,52.6173],[120.2611,52.6111],[120.176,52.5837],[120.0794,52.59],[120.0338,52.6254],[120.0326,52.6589],[120.0529,52.693],[120.033,52.7607],[120.0658,52.7832],[120.156,52.8091],[120.2802,52.8659],[120.2907,52.8854],[120.3267,52.899],[120.3541,52.9332],[120.4503,53.0083],[120.6148,53.0971],[120.7141,53.185],[120.8239,53.2352],[120.826,53.2619],[120.8743,53.2802],[121.0549,53.29],[121.1518,53.2745],[121.2035,53.2767],[121.3,53.3025],[121.341,53.3236],[121.4058,53.3168],[121.5121,53.3298],[121.641,53.3849],[121.889,53.4306],[122.0816,53.4295],[122.1687,53.4691],[122.3168,53.496],[122.4016,53.4509],[122.4712,53.4647],[122.8597,53.4739],[123.0025,53.5073],[123.1536,53.5131],[123.2526,53.5678],[123.3403,53.5614],[123.3677,53.5458],[123.4815,53.5181],[123.4948,53.5601],[123.5144,53.5624],[123.5475,53.5405],[123.5196,53.52],[123.5419,53.5141],[123.5919,53.5579],[123.6143,53.5633],[123.7018,53.5101],[123.8502,53.495],[123.9706,53.4552],[124.0174,53.407],[124.0689,53.3896],[124.1218,53.3527],[124.1822,53.3786],[124.2531,53.3755],[124.2934,53.3513],[124.3425,53.2725],[124.3837,53.2461],[124.5005,53.2137],[124.6516,53.2088],[124.6883,53.1936],[124.6983,53.1626],[124.7202,53.1488],[124.8014,53.1552],[124.822,53.1472],[124.8481,53.1137],[124.8701,53.108],[124.8962,53.1177],[124.8792,53.1539],[124.8804,53.1725],[124.8977,53.1855],[125.0194,53.2107],[125.0737,53.2122],[125.1274,53.2065],[125.4765,53.0835],[125.4995,53.0506],[125.5213,53.0424],[125.6214,53.0621],[125.6502,53.0234],[125.7335,52.9817],[125.7198,52.9463],[125.6609,52.9194],[125.6465,52.8849],[125.6687,52.878],[125.8374,52.9067],[125.8637,52.8886],[125.8569,52.8643],[125.8674,52.8494],[125.9769,52.765],[126.0178,52.7824],[126.088,52.7754],[126.1041,52.7545],[126.0351,52.7271],[126.0686,52.6799],[125.9828,52.653],[125.9732,52.6316],[125.9908,52.5864],[126.0092,52.5684],[126.028,52.5664],[126.0591,52.5755],[126.0686,52.5953],[126.0828,52.5934],[126.2123,52.533],[126.2003,52.4671],[126.276,52.4633],[126.3507,52.3769],[126.3157,52.3162],[126.4393,52.2753],[126.3122,52.2279],[126.3167,52.1998],[126.5312,52.1527],[126.556,52.1306],[126.5144,52.0425],[126.4671,52.0317],[126.4474,52.0188],[126.4393,51.9979],[126.6479,51.7413],[126.7136,51.7232],[126.7256,51.7087],[126.7249,51.6975],[126.7073,51.6856],[126.7237,51.6359],[126.6751,51.5884],[126.6769,51.5766],[126.8074,51.5342],[126.8304,51.5081],[126.7927,51.4591],[126.7893,51.4358],[126.8003,51.419],[126.8901,51.407],[126.9094,51.3911],[126.8975,51.362],[126.827,51.339],[126.8073,51.3081],[126.809,51.2891],[126.8459,51.2515],[126.8699,51.2517],[126.8907,51.2715],[126.8853,51.3029],[126.8994,51.3165],[126.9345,51.3288],[126.9722,51.324],[126.9778,51.2966],[126.9163,51.2328],[126.9052,51.2081],[126.9054,51.1643],[126.9318,51.0638],[126.9812,51.0277],[127.0323,50.9724],[127.1108,50.9315],[127.1443,50.9035],[127.2207,50.7882],[127.2874,50.751],[127.2964,50.7301],[127.2823,50.6948],[127.289,50.6752],[127.344,50.6278],[127.3671,50.5778],[127.3648,50.5547],[127.289,50.466],[127.3585,50.4151],[127.3587,50.3813],[127.3307,50.3282],[127.3546,50.2986],[127.5784,50.2206],[127.5906,50.2087],[127.5867,50.1672],[127.5702,50.1302],[127.5066,50.0635],[127.4867,50.0256],[127.4944,49.9732],[127.534,49.9225],[127.5067,49.8443],[127.5081,49.8223],[127.5387,49.7899],[127.6443,49.7671],[127.68,49.7392],[127.69,49.6815],[127.7036,49.6606],[127.8547,49.5849],[127.9207,49.5811],[127.9479,49.6012],[127.9679,49.6032],[128.0125,49.5874],[128.0671,49.5467],[128.1983,49.539],[128.2679,49.5588],[128.3204,49.5448],[128.3448,49.548],[128.3835,49.5794],[128.5513,49.5884],[128.6287,49.5753],[128.6719,49.6114],[128.8017,49.5651],[128.7995,49.5319],[128.7693,49.5207],[128.7541,49.5025],[128.7502,49.4845],[128.7601,49.4709],[128.7866,49.4655],[128.8792,49.4797],[128.9471,49.4495],[128.9982,49.4413],[129.0669,49.3616],[129.1154,49.3488],[129.1939,49.3897],[129.2179,49.3908],[129.2723,49.3753],[129.3161,49.3441],[129.341,49.3412],[129.3621,49.3498],[129.3732,49.3699],[129.3787,49.425],[129.4034,49.4307],[129.4806,49.4213],[129.5277,49.3848],[129.5321,49.3215],[129.5518,49.2905],[129.6192,49.2743],[129.7112,49.2742],[129.7351,49.2389],[129.7418,49.1957],[129.776,49.1776],[129.8415,49.1672],[129.8415,49.1092],[129.9207,49.0819],[129.9134,49.0395],[129.9265,49.0257],[129.9742,49.0151],[130.2018,48.8826],[130.2493,48.8645],[130.3868,48.8963],[130.4397,48.8965],[130.4653,48.8913],[130.4866,48.8637],[130.5409,48.8535],[130.6249,48.8743],[130.6743,48.8708],[130.6765,48.8574],[130.6278,48.796],[130.5333,48.6358],[130.5297,48.6163],[130.5408,48.5984],[130.6077,48.5767],[130.6202,48.5605],[130.6135,48.5195],[130.6264,48.4823],[130.6393,48.4772],[130.7159,48.4991],[130.7443,48.4973],[130.759,48.4857],[130.7596,48.4679],[130.7383,48.4298],[130.7433,48.4116],[130.7796,48.3564],[130.8221,48.3338],[130.8251,48.3178],[130.8194,48.2819],[130.7739,48.2442],[130.7528,48.1896],[130.6747,48.1359],[130.6634,48.1164],[130.6747,48.0639],[130.907,47.8843],[130.9417,47.8206],[130.9418,47.718],[131.0234,47.6823],[131.1039,47.6765],[131.2101,47.7092],[131.4184,47.7426],[131.5078,47.7215],[131.5774,47.6686],[131.6033,47.6615],[131.703,47.6962],[131.7804,47.6791],[131.8546,47.6841],[131.914,47.6676],[131.9665,47.69],[132.0254,47.6979],[132.1617,47.69],[132.2508,47.7254],[132.3324,47.7365],[132.4006,47.7298],[132.4758,47.7068],[132.5247,47.7075],[132.5742,47.7396],[132.5823,47.7561],[132.5764,47.7942],[132.668,47.8813],[132.6714,47.9025],[132.6604,47.9313],[132.6746,47.9506],[132.7225,47.9589],[132.7749,47.9338],[132.8059,47.9362],[132.8648,47.9857],[132.9408,48.0267],[133.0328,48.0568],[133.061,48.0918],[133.092,48.1068],[133.2237,48.126],[133.3015,48.1013],[133.3962,48.1059],[133.4637,48.0895],[133.5244,48.0954],[133.5599,48.1133],[133.5938,48.1642],[133.6702,48.19],[133.7213,48.2448],[133.7379,48.2511],[133.7966,48.2506],[133.8676,48.2743],[133.9664,48.2787],[134.0572,48.3272],[134.2062,48.3597],[134.3863,48.3813],[134.4713,48.3399],[134.5426,48.3573],[134.5695,48.3155],[134.6113,48.2854],[134.6612,48.267],[134.7187,48.2634],[134.703,48.2526],[134.6874,48.2198],[134.683,48.1355],[134.6627,48.108],[134.5864,48.0611],[134.5672,48.0404],[134.5594,48.0095],[134.5669,47.9855],[134.6013,47.9441],[134.5877,47.9259],[134.5991,47.9107],[134.6578,47.8867],[134.6765,47.8243],[134.6965,47.7951],[134.7698,47.741],[134.7651,47.7182],[134.7726,47.7107],[134.7254,47.6632],[134.6929,47.6489],[134.6827,47.5878],[134.6243,47.5496],[134.5569,47.4712],[134.4846,47.4302],[134.4366,47.4298],[134.415,47.4392],[134.3129,47.4201],[134.2795,47.3978],[134.2451,47.3551],[134.1836,47.3275],[134.1541,47.2579],[134.1619,47.2384],[134.1972,47.2053],[134.1898,47.1729],[134.2273,47.1177],[134.2172,47.0944],[134.1971,47.0852],[134.1242,47.0705],[134.0873,46.9988],[134.0692,46.9812],[134.0628,46.9069],[134.0167,46.8195],[134.0447,46.772],[134.0148,46.665],[133.988,46.6252],[133.9025,46.5736],[133.8919,46.529],[133.8458,46.4707],[133.8544,46.4447],[133.9003,46.4266],[133.9339,46.3908],[133.926,46.3713],[133.8634,46.3393],[133.8744,46.3198],[133.8964,46.3272],[133.916,46.313],[133.8938,46.3019],[133.9025,46.259],[133.8553,46.2366],[133.8609,46.2236],[133.8301,46.1969],[133.8062,46.2174],[133.7935,46.2143],[133.741,46.159],[133.6874,46.1418],[133.72,46.0638],[133.6581,45.9345],[133.6499,45.9278],[133.6176,45.9363],[133.5859,45.8763],[133.5523,45.8884],[133.5144,45.8793],[133.4983,45.8372],[133.4773,45.8201],[133.4838,45.7966],[133.5114,45.7786],[133.4849,45.7685],[133.4709,45.7289],[133.443,45.7097],[133.4878,45.6867],[133.4915,45.6734],[133.4567,45.6488],[133.4773,45.6277],[133.4276,45.6153],[133.4151,45.6004],[133.4252,45.5804],[133.4135,45.5733],[133.3748,45.5731],[133.3303,45.5493],[133.2021,45.5113],[133.1798,45.4938],[133.1332,45.4196],[133.1019,45.2872],[133.1067,45.2646],[133.0975,45.2435],[133.1272,45.1554],[133.1215,45.1313],[133.0988,45.1078],[132.9662,45.0289],[132.9212,45.0279],[132.8398,45.0592],[131.9688,45.234],[131.9146,45.2601],[131.8707,45.3263],[131.8531,45.3376],[131.818,45.3328],[131.7853,45.3047],[131.7232,45.2153],[131.6278,45.1985],[131.6052,45.1646],[131.6049,45.1474],[131.6224,45.1237],[131.6091,45.0897],[131.4522,44.9837],[131.4338,44.9613],[131.3295,44.9676],[131.259,44.9282],[131.1765,44.9034],[131.1101,44.9195],[131.0516,44.909],[131.0248,44.8624],[130.9334,44.8417],[130.9301,44.825],[130.9716,44.7756],[131.0214,44.7469],[131.0658,44.682],[131.2645,44.0542],[131.2178,44.0161],[131.2067,43.9748],[131.2173,43.9085],[131.1928,43.8602],[131.1703,43.7811],[131.1751,43.6938],[131.188,43.6567],[131.1802,43.623],[131.192,43.5886],[131.1607,43.5328],[131.2743,43.4512],[131.2809,43.3802],[131.2479,43.3442],[131.2377,43.2658],[131.1691,43.2017],[131.1672,43.1816],[131.1899,43.1392],[131.184,43.1208],[131.1344,43.0893],[131.1199,43.059],[131.0783,43.0318],[131.0743,42.9934],[131.103,42.9104],[131.074,42.8966],[131.0239,42.8963],[131.0088,42.8869],[130.9924,42.8487],[130.8562,42.8498],[130.7943,42.8691],[130.7695,42.8658],[130.7349,42.8245],[130.6491,42.8289],[130.5865,42.8173],[130.491,42.7808],[130.4072,42.7354],[130.3797,42.6967],[130.4038,42.6776],[130.5039,42.6778],[130.5719,42.6218],[130.5843,42.5989],[130.5845,42.5689],[130.5308,42.5305],[130.5165,42.5994],[130.5014,42.6108],[130.4842,42.61],[130.4551,42.5852],[130.471,42.5698],[130.4679,42.5549],[130.4525,42.5493],[130.4312,42.5615],[130.4277,42.5994],[130.393,42.6062],[130.3248,42.6503],[130.3171,42.6674],[130.2627,42.7086],[130.243,42.7434],[130.2565,42.8669],[130.239,42.9022],[130.1404,42.9071],[130.0988,42.9215],[130.1305,42.9595],[130.1336,42.9727],[130.1215,42.9818],[130.0082,42.9606],[129.9813,42.9667],[129.9341,43.0084],[129.8798,42.996],[129.907,42.9761],[129.8517,42.9619],[129.8467,42.9282],[129.7573,42.7347],[129.7576,42.7036],[129.7876,42.6769],[129.7723,42.6617],[129.7767,42.6472],[129.7511,42.6429],[129.7416,42.629],[129.7631,42.6062],[129.7365,42.5852],[129.7289,42.4759],[129.7033,42.4424],[129.5917,42.448],[129.5877,42.4114],[129.5632,42.4041],[129.5542,42.3769],[129.5352,42.3696],[129.5171,42.391],[129.4341,42.4411],[129.3862,42.4281],[129.3631,42.445],[129.3401,42.4455],[129.3521,42.4206],[129.3379,42.4144],[129.3265,42.4268],[129.3154,42.4223],[129.3038,42.3896],[129.2361,42.3744],[129.228,42.3592],[129.2423,42.3387],[129.2363,42.3239],[129.1939,42.3182],[129.1939,42.3108],[129.228,42.2977],[129.2161,42.2911],[129.2112,42.267],[129.1834,42.2546],[129.1808,42.2431],[129.2093,42.2347],[129.2112,42.22],[129.1198,42.1494],[129.0885,42.1432],[129.0647,42.1538],[129.0635,42.1361],[129.0266,42.1019],[128.9638,42.0885],[128.9401,42.0354],[128.9035,42.0263],[128.8171,42.0439],[128.721,42.0476],[128.7093,42.0302],[128.6079,42.0302],[128.5644,42.0008],[128.5437,42.0081],[128.5024,41.9961],[128.454,42.0103],[128.4076,42.0083],[128.3638,42.0265],[128.262,42.0329],[128.0346,41.9937],[128.0204,41.9651],[128.0478,41.864],[128.0576,41.8499],[128.091,41.8417],[128.1442,41.7547],[128.1591,41.7118],[128.2509,41.6601],[128.303,41.5834],[128.2876,41.5447],[128.1857,41.4045],[128.1461,41.3763],[128.1039,41.3791],[128.1182,41.3934],[128.1039,41.3996],[128.0642,41.3884],[128.0469,41.3988],[128.0506,41.4207],[128.0152,41.4133],[128.0124,41.4601],[128.0014,41.4709],[127.9742,41.4503],[127.9442,41.4709],[127.8815,41.4609],[127.8651,41.4374],[127.8489,41.4313],[127.8104,41.4436],[127.6903,41.439],[127.6627,41.447],[127.6383,41.4299],[127.5588,41.4582],[127.5448,41.4689],[127.5429,41.4913],[127.5258,41.4843],[127.4741,41.4988],[127.4273,41.4831],[127.379,41.4988],[127.3051,41.4947],[127.2691,41.505],[127.2898,41.5186],[127.2815,41.5311],[127.2445,41.528],[127.2071,41.5459],[127.1797,41.517],[127.1559,41.5305],[127.1346,41.522],[127.1047,41.5374],[127.1365,41.5692],[127.1797,41.5852],[127.0972,41.6124],[127.1047,41.6262],[127.059,41.6433],[127.0494,41.6534],[127.049,41.6777],[127.0766,41.6808],[127.0427,41.7326],[126.9812,41.7633],[126.9461,41.7662],[126.9298,41.801],[126.8871,41.7849],[126.8648,41.7473],[126.8089,41.7298],[126.7886,41.6959],[126.7273,41.7369],[126.6795,41.736],[126.728,41.7013],[126.6693,41.6671],[126.6179,41.6659],[126.567,41.6142],[126.5773,41.5618],[126.5422,41.489],[126.5013,41.4344],[126.5221,41.3776],[126.5221,41.3519],[126.4877,41.3444],[126.5013,41.3661],[126.4725,41.3665],[126.4409,41.3484],[126.3806,41.2908],[126.3573,41.2494],[126.3095,41.2078],[126.2748,41.1526],[126.1238,41.0755],[126.1382,41.057],[126.1013,41.0221],[126.1041,41.0092],[126.0756,40.9971],[126.0455,40.9447],[125.992,40.9284],[125.9806,40.9136],[126.01,40.9139],[126.0078,40.8993],[125.9362,40.8774],[125.9015,40.8993],[125.8852,40.8975],[125.822,40.8698],[125.7609,40.8857],[125.7459,40.8682],[125.6832,40.8479],[125.6448,40.8106],[125.6826,40.7689],[125.6099,40.7613],[125.5717,40.7849],[125.5601,40.7783],[125.5465,40.7259],[125.4691,40.7129],[125.453,40.6734],[125.4189,40.6666],[125.4133,40.6318],[125.3636,40.6467],[125.3367,40.6411],[125.2933,40.6486],[125.2772,40.6436],[125.2561,40.615],[125.0251,40.5344],[125.0153,40.5083],[125.0463,40.4711],[125.0413,40.4611],[124.9353,40.4556],[124.8955,40.4836],[124.8499,40.4316],[124.8008,40.3941],[124.7412,40.3704],[124.7125,40.3103],[124.6426,40.2943],[124.5709,40.2524],[124.5549,40.2414],[124.5487,40.2209],[124.3582,40.0891],[124.3613,40.0112],[124.3079,39.9611],[124.2942,39.9338],[124.2664,39.9269],[124.1372,39.8424],[124.1182,39.8332],[124.0881,39.8519],[124.0554,39.8299],[123.9857,39.8102],[123.9421,39.8406],[123.8875,39.8229],[123.8076,39.8376],[123.773,39.8183],[123.7201,39.8306],[123.6431,39.8786],[123.6567,39.9195],[123.631,39.904],[123.5914,39.7843],[123.5632,39.7688],[123.5418,39.7917],[123.5132,39.7978],[123.4815,39.7797],[123.4277,39.7266],[123.4104,39.7352],[123.4085,39.746],[123.4171,39.8245],[123.3982,39.8183],[123.4036,39.8102],[123.3867,39.7896],[123.3141,39.7761],[123.2732,39.8102],[123.2642,39.7973],[123.2572,39.8011],[123.252,39.8171],[123.2358,39.8024],[123.2654,39.7541],[123.21,39.755],[123.2042,39.7451],[123.2064,39.7347],[123.2551,39.7241],[123.2691,39.7076],[123.2232,39.6798],[123.1284,39.6649],[123.108,39.6901],[123.0581,39.6748],[123.0091,39.6805],[122.9776,39.6662],[122.9963,39.6496],[122.9641,39.6116],[122.9449,39.6197],[122.8716,39.6058],[122.8486,39.6179],[122.7798,39.5605],[122.7108,39.536],[122.6882,39.5186],[122.6768,39.5154],[122.6484,39.5324],[122.6366,39.5085],[122.5879,39.467],[122.5621,39.4868],[122.5532,39.4813],[122.561,39.468],[122.5554,39.456],[122.4698,39.4167],[122.3963,39.411],[122.3833,39.3957],[122.29,39.351],[122.2674,39.318],[122.2515,39.3237],[122.2402,39.2856],[122.115,39.2008],[122.1045,39.1591],[122.1627,39.1461],[122.1275,39.142],[122.0733,39.1046],[122.0479,39.0992],[122.0393,39.0909],[122.0513,39.0671],[122.0423,39.0597],[121.988,39.0629],[121.943,39.0363],[121.9043,39.0494],[121.8884,39.0425],[121.9129,39.0307],[121.9232,39.009],[121.8269,39.0363],[121.838,39.0151],[121.8953,38.981],[121.8713,38.9506],[121.8479,38.9475],[121.8115,38.9728],[121.7725,39.022],[121.7449,39.0335],[121.7247,39.0302],[121.7201,39.0195],[121.7388,39.0015],[121.6802,39.009],[121.6358,38.9953],[121.656,38.9906],[121.6526,38.9634],[121.5921,38.9487],[121.5874,38.9401],[121.6182,38.9264],[121.6768,38.9215],[121.6936,38.9096],[121.7048,38.8731],[121.6963,38.8629],[121.6761,38.8712],[121.6548,38.8579],[121.5527,38.8581],[121.485,38.8099],[121.3447,38.8146],[121.2876,38.7881],[121.2367,38.7985],[121.2175,38.7756],[121.2447,38.7756],[121.1985,38.7279],[121.1795,38.7209],[121.1531,38.7276],[121.1324,38.7587],[121.1145,38.7681],[121.1393,38.7895],[121.1113,38.8403],[121.1145,38.8581],[121.1524,38.8863],[121.1485,38.8991],[121.0862,38.9057],[121.1179,38.9434],[121.1795,38.9543],[121.2195,38.9405],[121.2918,38.9674],[121.3343,38.9686],[121.3403,38.9776],[121.3268,39.012],[121.3342,39.0266],[121.3748,39.0442],[121.4033,39.0383],[121.4281,39.0147],[121.4673,39.0151],[121.6741,39.088],[121.6898,39.1181],[121.681,39.1364],[121.6492,39.1581],[121.6419,39.1762],[121.6299,39.1732],[121.5926,39.1922],[121.6079,39.2008],[121.6017,39.2213],[121.6263,39.2245],[121.6331,39.2362],[121.5899,39.2641],[121.612,39.275],[121.647,39.2649],[121.6802,39.2752],[121.7361,39.3118],[121.7313,39.3305],[121.7798,39.3715],[121.8375,39.3647],[121.943,39.3994],[121.9312,39.4172],[121.8489,39.3874],[121.7078,39.3957],[121.7178,39.3715],[121.5259,39.3647],[121.492,39.389],[121.4614,39.4737],[121.436,39.5086],[121.354,39.5222],[121.3062,39.5018],[121.2727,39.5154],[121.2368,39.5147],[121.2234,39.5286],[121.3062,39.598],[121.4498,39.6151],[121.4707,39.6321],[121.4639,39.6458],[121.4982,39.6529],[121.5259,39.6179],[121.5333,39.6223],[121.5396,39.639],[121.5259,39.6527],[121.5501,39.6787],[121.5374,39.6925],[121.5184,39.6867],[121.5068,39.6943],[121.4573,39.7485],[121.4846,39.764],[121.4873,39.778],[121.4707,39.8102],[121.5099,39.824],[121.5359,39.8618],[121.5663,39.8588],[121.6161,39.8717],[121.636,39.8967],[121.6849,39.9225],[121.7744,39.9208],[121.7997,39.94],[121.8097,39.965],[121.8738,39.9914],[121.881,40.008],[121.8748,40.0163],[121.8269,40.0225],[121.8805,40.0415],[121.9295,40.0773],[121.9331,40.1014],[121.9957,40.1239],[122.0064,40.1563],[121.9915,40.187],[122.0386,40.1964],[122.0916,40.2272],[122.1075,40.2622],[122.1061,40.3101],[122.1803,40.3524],[122.211,40.3806],[122.2036,40.4272],[122.2501,40.4306],[122.2515,40.4539],[122.2881,40.4728],[122.2869,40.4887],[122.3019,40.5023],[122.2756,40.5436],[122.2249,40.5785],[122.1765,40.5866],[122.1504,40.6039],[122.1376,40.624],[122.168,40.6535],[122.1707,40.6865],[122.1594,40.7016],[122.1218,40.6801],[122.0491,40.7461],[121.872,40.8151],[121.8511,40.8323],[121.8406,40.9138],[121.8259,40.9482],[121.8589,40.9675],[121.8748,40.9896],[121.8679,40.9958],[121.7777,40.935],[121.7801,40.9079],[121.7396,40.8491],[121.575,40.8415],[121.5104,40.8794],[121.4502,40.8859],[121.4298,40.9138],[121.3613,40.9396],[121.2993,40.8996],[121.2739,40.903],[121.2584,40.9206],[121.2447,40.9064],[121.2249,40.9271],[121.1758,40.9223],[121.0799,40.863],[121.0803,40.8284],[121.0657,40.8184],[121.0684,40.8034],[121.0499,40.7974],[121.0296,40.8265],[121.005,40.8331],[120.9819,40.8268],[120.9632,40.8066],[120.9685,40.7836],[120.9363,40.7556],[120.9395,40.7405],[120.9944,40.7363],[121.0207,40.7193],[120.9626,40.7093],[120.9402,40.6912],[120.8253,40.674],[120.7984,40.5997],[120.6788,40.5219],[120.6591,40.4838],[120.6041,40.4652],[120.5974,40.4224],[120.5457,40.4024],[120.5391,40.3829],[120.5475,40.3762],[120.5884,40.3843],[120.5912,40.3673],[120.5018,40.3269],[120.5049,40.2491],[120.472,40.2143],[120.436,40.1945],[120.358,40.1918],[120.309,40.1797],[120.2613,40.1467],[119.9503,40.0565],[119.9153,40.0362],[119.912,39.9981],[119.811,39.973],[119.7744,39.9505],[119.6609,39.9327],[119.6206,39.911],[119.5356,39.8908],[119.5199,39.8583],[119.5307,39.8147],[119.4668,39.8148],[119.4294,39.7953],[119.3499,39.7318],[119.3141,39.6412],[119.2849,39.5954],[119.2454,39.5945],[119.2086,39.5696],[119.209,39.5502],[119.243,39.5707],[119.2293,39.536],[119.2624,39.5775],[119.2814,39.575],[119.262,39.5351],[119.2564,39.4931],[119.2708,39.4891],[119.3051,39.433],[119.2794,39.384],[119.2557,39.3655],[119.1848,39.3548],[119.0156,39.1898],[118.926,39.1306],[118.8943,39.1244],[118.8943,39.1318],[118.942,39.1591],[118.9563,39.1881],[118.97,39.1933],[118.8806,39.1728],[118.8855,39.1852],[118.8714,39.2001],[118.8738,39.2138],[118.859,39.2075],[118.8405,39.1756],[118.796,39.1518],[118.7278,39.1472],[118.6194,39.161],[118.5902,39.1483],[118.5271,39.1492],[118.5194,39.1394],[118.5291,39.1247],[118.3443,39.0307],[118.3261,39.0309],[118.2353,39.0531],[118.2071,39.0767],[118.1405,39.1728],[118.0964,39.2024],[118.028,39.2198],[117.8856,39.2011],[117.7573,39.1144],[117.7376,39.1064],[117.7154,39.1114],[117.7183,39.093],[117.7515,39.0679],[117.7753,38.9811],[117.7019,38.9953],[117.7088,38.981],[117.584,38.8116],[117.5732,38.7137],[117.5588,38.6909],[117.5605,38.6571],[117.5435,38.6213],[117.566,38.6125],[117.7161,38.3785],[117.8372,38.2709],[117.9417,38.2339],[117.9775,38.1948],[118.0072,38.197],[118.0537,38.1733],[118.0524,38.1537],[118.0652,38.1431],[118.0848,38.1387],[118.1192,38.1523],[118.1461,38.1425],[118.2158,38.145],[118.4489,38.1078],[118.5123,38.0881],[118.543,38.0683],[118.573,38.0799],[118.6158,38.1251],[118.6549,38.1457],[118.7604,38.1551],[118.8401,38.1526],[118.95,38.0973],[118.9248,38.0578],[118.9561,38.0336],[118.9966,37.9631],[119.0484,37.948],[119.0925,37.9128],[119.1169,37.8533],[119.1557,37.824],[119.2068,37.8028],[119.2431,37.7695],[119.2596,37.7158],[119.2557,37.6719],[119.2177,37.6752],[119.1201,37.7375],[119.0695,37.7406],[119.0371,37.7221],[119.0108,37.6538],[118.97,37.5935],[118.9446,37.3781],[118.9612,37.2956],[118.9724,37.2807],[119.0147,37.2698],[119.0586,37.2276],[119.1455,37.1789],[119.2871,37.1373],[119.4412,37.1206],[119.5245,37.1391],[119.6607,37.1376],[119.7706,37.1518],[119.7918,37.1806],[119.8973,37.2494],[119.8867,37.2847],[119.8463,37.3437],[119.8589,37.3602],[120.0598,37.4404],[120.1876,37.5118],[120.2976,37.5979],[120.3225,37.6324],[120.3064,37.6652],[120.2157,37.6841],[120.3685,37.6947],[120.4634,37.7477],[120.5562,37.7614],[120.738,37.834],[120.8367,37.816],[120.8777,37.8297],[120.9258,37.8193],[120.9408,37.8065],[120.9288,37.7887],[120.9409,37.774],[121.0054,37.7443],[121.0326,37.7104],[121.138,37.7012],[121.1485,37.6894],[121.1301,37.6518],[121.1485,37.6379],[121.1344,37.6105],[121.1554,37.5826],[121.1716,37.5771],[121.3081,37.5812],[121.3745,37.6105],[121.354,37.6379],[121.3936,37.6225],[121.4298,37.5969],[121.3984,37.5949],[121.3814,37.583],[121.3817,37.5661],[121.4468,37.5196],[121.4769,37.468],[121.5371,37.4562],[121.5703,37.4287],[121.5916,37.4245],[121.6761,37.4392],[121.6343,37.4624],[121.5874,37.4536],[121.6025,37.4719],[121.635,37.4813],[121.7324,37.4617],[121.9378,37.4643],[121.9573,37.4597],[121.9446,37.4407],[121.9498,37.4256],[121.988,37.4256],[121.9974,37.4341],[121.9778,37.4717],[122.0256,37.528],[122.0718,37.5445],[122.0671,37.5627],[122.0951,37.5491],[122.1218,37.5627],[122.1519,37.5329],[122.1526,37.5146],[122.1299,37.4835],[122.1414,37.4566],[122.1832,37.4182],[122.2242,37.458],[122.2454,37.4597],[122.2786,37.4239],[122.2965,37.4182],[122.457,37.4182],[122.478,37.4256],[122.488,37.4119],[122.5706,37.4016],[122.6124,37.4186],[122.6882,37.4098],[122.679,37.3747],[122.6561,37.3846],[122.5708,37.3448],[122.5947,37.2952],[122.5497,37.3198],[122.5601,37.2747],[122.5947,37.2369],[122.6029,37.2099],[122.6289,37.1928],[122.5743,37.1854],[122.5632,37.1732],[122.5772,37.1578],[122.5743,37.1444],[122.5435,37.1566],[122.51,37.1552],[122.4827,37.14],[122.4707,37.1103],[122.4644,37.1518],[122.4539,37.1543],[122.4364,37.0898],[122.457,37.0659],[122.4024,37.0215],[122.4092,37.0063],[122.4243,37.0036],[122.437,37.0116],[122.4364,37.0277],[122.513,37.0205],[122.54,37.0277],[122.5254,36.9445],[122.5327,36.9259],[122.5074,36.898],[122.5001,36.9156],[122.5127,36.9346],[122.4985,36.9389],[122.4566,36.9206],[122.4058,36.9222],[122.4034,36.9066],[122.4295,36.8881],[122.4364,36.8707],[122.4024,36.857],[122.3797,36.8614],[122.3552,36.8291],[122.3198,36.8229],[122.1853,36.8499],[122.1848,36.885],[122.1969,36.898],[122.2659,36.898],[122.1627,36.9458],[122.1797,37.0058],[122.1661,37.0141],[122.15,37.0053],[122.1429,36.9458],[122.0943,36.9509],[122.0809,36.9166],[122.0331,36.898],[122.0376,36.9637],[122.0538,36.9752],[122.0492,36.9799],[121.9263,36.9936],[121.9149,36.9858],[121.9498,36.9389],[121.9151,36.9202],[121.786,36.8912],[121.7559,36.8723],[121.7449,36.8472],[121.728,36.8359],[121.6494,36.8161],[121.6842,36.8428],[121.6375,36.8314],[121.6245,36.8148],[121.6214,36.7888],[121.6343,36.7466],[121.6253,36.7404],[121.6035,36.7497],[121.5942,36.7676],[121.5601,36.7676],[121.5259,36.754],[121.5035,36.7604],[121.4964,36.7745],[121.5032,36.7886],[121.5474,36.7982],[121.5952,36.8263],[121.6072,36.845],[121.5465,36.8359],[121.5116,36.8086],[121.4981,36.8109],[121.4844,36.8291],[121.4595,36.8287],[121.453,36.8164],[121.4707,36.7896],[121.4534,36.7574],[121.4089,36.754],[121.3778,36.7315],[121.3794,36.717],[121.4017,36.7124],[121.3142,36.7118],[121.1577,36.6686],[121.0802,36.61],[121.0325,36.6243],[121.0325,36.5895],[121.0235,36.5839],[120.9288,36.5963],[120.9334,36.6203],[120.8927,36.6285],[120.8506,36.6509],[120.7506,36.6168],[120.7469,36.6032],[120.7576,36.5963],[120.7423,36.5559],[120.7503,36.5408],[120.7787,36.5411],[120.8264,36.5963],[120.8504,36.6046],[120.8948,36.5616],[120.9203,36.5533],[120.9275,36.5329],[120.9636,36.5479],[120.9363,36.497],[120.95,36.4592],[120.9063,36.4524],[120.8948,36.4387],[120.8983,36.4116],[120.8674,36.3772],[120.8497,36.3861],[120.844,36.4227],[120.8264,36.4325],[120.832,36.4553],[120.8069,36.4639],[120.7506,36.4592],[120.7371,36.4387],[120.7141,36.4287],[120.6865,36.3872],[120.7222,36.3306],[120.7073,36.3227],[120.662,36.3363],[120.6436,36.3225],[120.662,36.3015],[120.6546,36.2883],[120.6704,36.2658],[120.6875,36.1879],[120.7048,36.1562],[120.6968,36.144],[120.6278,36.1165],[120.6167,36.1234],[120.5936,36.1098],[120.5516,36.1137],[120.5362,36.0915],[120.4736,36.0893],[120.3535,36.0408],[120.292,36.062],[120.3616,36.1916],[120.3392,36.2226],[120.3228,36.2264],[120.3064,36.2742],[120.2865,36.2638],[120.2735,36.2343],[120.2752,36.2041],[120.2988,36.1916],[120.2845,36.176],[120.2163,36.1991],[120.2191,36.2219],[120.1173,36.2097],[120.1082,36.2255],[120.0972,36.2264],[120.0859,36.2091],[120.1053,36.2009],[120.1092,36.1888],[120.0894,36.1477],[120.0897,36.1117],[120.1002,36.0961],[120.1541,36.0771],[120.1685,36.062],[120.1753,35.9936],[120.1978,35.9853],[120.23,35.9999],[120.2295,35.9728],[120.2428,35.9736],[120.2808,35.9982],[120.2849,36.0109],[120.3031,35.994],[120.2988,35.9731],[120.2268,35.9418],[120.1753,35.89],[120.1705,35.9075],[120.1897,35.9315],[120.189,35.9453],[120.1685,35.9384],[120.1358,35.9041],[120.0972,35.9008],[120.0388,35.8428],[120.0198,35.7598],[120.0029,35.7278],[119.97,35.7324],[119.9378,35.7611],[119.9082,35.7449],[119.9002,35.7363],[119.9356,35.705],[119.9016,35.6715],[119.9046,35.6246],[119.8602,35.6061],[119.8341,35.6353],[119.8401,35.6579],[119.8116,35.6479],[119.771,35.5933],[119.7439,35.5759],[119.7484,35.6093],[119.7325,35.6208],[119.648,35.5839],[119.5999,35.4692],[119.5645,35.4247],[119.5515,35.38],[119.5077,35.3323],[119.4287,35.3215],[119.4239,35.3135],[119.4219,35.2774],[119.4046,35.2537],[119.3706,35.1174],[119.358,35.0971],[119.2212,35.064],[119.2073,35.0484],[119.1929,35.0004],[119.2034,34.9316],[119.1887,34.8563],[119.2019,34.785],[119.1891,34.7665],[119.1922,34.7182],[119.2034,34.7119],[119.2098,34.7186],[119.2293,34.7597],[119.3118,34.7551],[119.3467,34.7808],[119.3877,34.7535],[119.4422,34.746],[119.4742,34.7153],[119.4727,34.6981],[119.4566,34.6846],[119.5317,34.6157],[119.641,34.5505],[119.6477,34.5338],[119.7289,34.5241],[119.8262,34.4704],[119.94,34.4579],[120.023,34.4194],[120.0787,34.3775],[120.2571,34.3118],[120.2742,34.2445],[120.325,34.1365],[120.3252,34.1113],[120.3713,34.036],[120.4133,33.8974],[120.3997,33.8693],[120.4314,33.846],[120.4497,33.7864],[120.4983,33.7533],[120.5049,33.7356],[120.5117,33.6567],[120.4951,33.6622],[120.4837,33.65],[120.526,33.6107],[120.5733,33.5333],[120.6344,33.4669],[120.6558,33.4132],[120.6672,33.3251],[120.6951,33.2932],[120.7503,33.2696],[120.7302,33.2421],[120.7444,33.2241],[120.7435,33.2086],[120.7302,33.2049],[120.807,33.1378],[120.7922,33.1087],[120.8125,33.1058],[120.8189,33.0922],[120.8259,33.0302],[120.8674,33.0324],[120.8901,33.0261],[120.8958,33.0136],[120.8887,32.9627],[120.9078,32.8439],[120.9048,32.8126],[120.8803,32.772],[120.8524,32.756],[120.8604,32.6898],[120.8431,32.7039],[120.8401,32.7245],[120.8303,32.6977],[120.8639,32.6711],[120.9066,32.6597],[120.9112,32.6301],[120.9439,32.6052],[121.0862,32.536],[121.0987,32.5211],[121.1008,32.498],[121.1202,32.5074],[121.1573,32.4956],[121.3541,32.4148],[121.3894,32.3849],[121.4193,32.2503],[121.3608,32.2316],[121.3987,32.1689],[121.4251,32.164],[121.4434,32.1143],[121.4673,32.1218],[121.488,32.1081],[121.5308,32.1085],[121.6554,32.0629],[121.7986,31.9705],[121.8219,31.9525],[121.8252,31.9277],[121.875,31.8637],[121.8747,31.8259],[121.9221,31.7544],[121.9304,31.7267],[121.9148,31.7064],[121.872,31.6907],[121.8173,31.6909],[121.6072,31.7486],[121.5174,31.7834],[121.4949,31.8065],[121.2864,31.8906],[121.2279,31.8659],[121.1151,31.7963],[121.0399,31.8193],[120.9778,31.8144],[120.9506,31.8252],[120.9406,31.8446],[120.9414,31.8925],[120.9193,31.8994],[120.9055,31.926],[120.8108,32.0226],[120.7436,32.036],[120.6344,32.077],[120.4908,32.0825],[120.3616,32.0256],[120.2671,31.9487],[120.2237,31.9368],[120.1314,31.9432],[120.0523,31.9709],[119.992,32.0159],[119.9122,32.1237],[119.9221,32.2174],[119.9005,32.1982],[119.8875,32.2139],[119.8743,32.2651],[119.8421,32.2991],[119.8184,32.3137],[119.7581,32.327],[119.6924,32.3198],[119.6409,32.3588],[119.6129,32.3546],[119.6607,32.3272],[119.6854,32.2924],[119.649,32.2195],[119.606,32.1969],[119.6277,32.1894],[119.6453,32.1952],[119.6904,32.2353],[119.7302,32.2106],[119.7886,32.1986],[119.7638,32.1625],[119.7725,32.1268],[119.8556,32.087],[120.0064,31.9503],[120.131,31.9123],[120.1783,31.9042],[120.23,31.9089],[120.3412,31.9563],[120.4558,31.9825],[120.4554,32.0214],[120.4695,32.0251],[120.6043,31.9914],[120.69,31.9982],[120.7504,31.9783],[120.8248,31.8287],[120.8078,31.8097],[120.7515,31.8247],[120.7171,31.8611],[120.7315,31.8139],[120.8319,31.7778],[121.0138,31.743],[121.1444,31.6847],[121.2447,31.6004],[121.3203,31.5048],[121.4177,31.4528],[121.5462,31.3661],[121.6316,31.3358],[121.7252,31.2816],[121.877,31.0991],[121.9508,30.9821],[121.9774,30.9149],[121.9601,30.8743],[121.9074,30.8571],[121.6311,30.8366],[121.5429,30.8165],[121.4106,30.7674],[121.3335,30.7031],[121.2029,30.6651],[121.1485,30.6278],[121.1213,30.593],[121.0474,30.5828],[120.9981,30.5579],[120.9489,30.5068],[120.9317,30.473],[120.9395,30.4219],[120.9288,30.4081],[120.8948,30.4013],[120.9151,30.3746],[120.8882,30.3686],[120.8318,30.3053],[120.7874,30.2936],[120.754,30.3271],[120.745,30.3596],[120.6981,30.394],[120.6192,30.4061],[120.4791,30.4035],[120.4303,30.3898],[120.4072,30.3542],[120.379,30.2735],[120.3646,30.2686],[120.3163,30.2909],[120.2579,30.2981],[120.2398,30.2889],[120.1958,30.2329],[120.1471,30.1989],[120.179,30.2007],[120.2302,30.236],[120.25,30.2701],[120.2744,30.2776],[120.2955,30.2787],[120.3503,30.2407],[120.3847,30.2496],[120.4505,30.3689],[120.5249,30.3779],[120.6216,30.3726],[120.6517,30.3593],[120.6987,30.2518],[120.7344,30.2322],[120.6301,30.135],[120.6318,30.1224],[120.6825,30.0849],[120.765,30.0866],[120.7922,30.0661],[120.7837,30.0893],[120.688,30.0978],[120.6463,30.1269],[120.7514,30.2256],[120.8135,30.2133],[120.8286,30.185],[120.8928,30.1698],[120.9944,30.2111],[121.1091,30.2828],[121.1497,30.3258],[121.2541,30.3484],[121.3774,30.3251],[121.4296,30.293],[121.5068,30.22],[121.6583,30.0184],[121.6778,30.0006],[121.7323,29.9786],[121.7219,29.9605],[121.7675,29.9732],[121.9149,29.9187],[121.9356,29.8874],[122.0562,29.8874],[122.1059,29.907],[122.1291,29.9038],[122.1364,29.8845],[122.1148,29.8716],[121.983,29.8232],[121.9368,29.7917],[121.9022,29.7525],[121.8853,29.7613],[121.8731,29.7538],[121.8624,29.708],[121.7765,29.6526],[121.6873,29.5626],[121.5925,29.5436],[121.5743,29.5522],[121.5308,29.51],[121.511,29.549],[121.4434,29.5242],[121.4553,29.4894],[121.4278,29.4679],[121.4427,29.4398],[121.4426,29.4154],[121.4651,29.4209],[121.4797,29.4748],[121.5049,29.4838],[121.4918,29.456],[121.5137,29.452],[121.5117,29.4376],[121.4776,29.4127],[121.4849,29.3905],[121.5313,29.417],[121.5696,29.4746],[121.6427,29.4952],[121.7109,29.5386],[121.7246,29.5385],[121.7313,29.518],[121.764,29.5308],[121.7572,29.499],[121.7646,29.4766],[121.7784,29.4694],[121.812,29.4901],[121.8306,29.5281],[121.8474,29.5242],[121.8448,29.5362],[121.814,29.5522],[121.745,29.5447],[121.7484,29.5626],[121.7961,29.6006],[121.8679,29.6273],[121.8996,29.6275],[121.9158,29.6409],[121.9712,29.5933],[121.971,29.5689],[121.9412,29.5512],[121.9498,29.5385],[121.9104,29.5246],[121.9124,29.5143],[121.9441,29.4977],[121.9427,29.4797],[121.971,29.4491],[121.9573,29.4081],[121.9363,29.4277],[121.9226,29.4181],[121.9291,29.4087],[121.9157,29.3907],[121.9162,29.3489],[121.9295,29.3393],[121.9314,29.3239],[121.9089,29.3188],[121.9158,29.3051],[121.9005,29.2987],[121.9059,29.2846],[121.94,29.2641],[121.9744,29.2846],[121.9915,29.2573],[121.9532,29.2497],[121.9573,29.2164],[121.943,29.2232],[121.943,29.1959],[121.8938,29.1871],[121.8406,29.1611],[121.7853,29.1681],[121.7997,29.3051],[121.8406,29.3188],[121.8307,29.3339],[121.7997,29.3188],[121.7882,29.3286],[121.7997,29.374],[121.7866,29.3745],[121.7586,29.3598],[121.7779,29.2964],[121.7743,29.2539],[121.7457,29.2016],[121.7243,29.182],[121.7045,29.1742],[121.6525,29.183],[121.6392,29.2173],[121.6416,29.2676],[121.6546,29.3],[121.6404,29.3066],[121.6248,29.3015],[121.6289,29.1884],[121.6148,29.206],[121.5887,29.2915],[121.5743,29.3051],[121.562,29.2958],[121.5743,29.2778],[121.5505,29.2714],[121.5259,29.2778],[121.5364,29.2583],[121.5049,29.2089],[121.5117,29.1893],[121.5035,29.1789],[121.491,29.176],[121.4802,29.1972],[121.4564,29.1611],[121.4314,29.1722],[121.4085,29.1611],[121.4564,29.1338],[121.4283,29.1271],[121.4017,29.1065],[121.6214,29.1133],[121.6148,29.0581],[121.5992,29.0502],[121.5564,29.0649],[121.5369,29.0612],[121.5321,29.0205],[121.5486,29.0214],[121.5527,29.0287],[121.5396,29.0376],[121.5574,29.049],[121.6174,29.04],[121.6419,29.0513],[121.6898,29.0171],[121.6617,29.0029],[121.6538,28.9886],[121.6594,28.9727],[121.6847,28.9675],[121.6842,28.9556],[121.7178,28.9488],[121.6842,28.9147],[121.6053,28.9426],[121.5874,28.9631],[121.5853,28.9383],[121.5708,28.9301],[121.5543,28.9357],[121.5465,28.9522],[121.5169,28.9564],[121.4978,28.9497],[121.4918,28.9284],[121.5049,28.9352],[121.5177,28.9128],[121.5806,28.8868],[121.6108,28.8912],[121.6289,28.8771],[121.6235,28.8423],[121.6419,28.8459],[121.6699,28.8253],[121.6358,28.8048],[121.6358,28.798],[121.6626,28.798],[121.6626,28.7906],[121.6183,28.7619],[121.6214,28.7359],[121.5028,28.7004],[121.3512,28.7119],[121.2903,28.7516],[121.2379,28.7639],[121.2144,28.8073],[121.1736,28.8179],[121.1423,28.8459],[121.1597,28.8135],[121.2061,28.7991],[121.2312,28.7602],[121.2859,28.7383],[121.2993,28.7229],[121.2987,28.7012],[121.2584,28.6751],[121.365,28.696],[121.3814,28.682],[121.4138,28.6966],[121.4548,28.6895],[121.5101,28.6571],[121.5384,28.5714],[121.5816,28.5047],[121.521,28.501],[121.5116,28.4895],[121.5846,28.4891],[121.6077,28.4772],[121.5838,28.4429],[121.6323,28.3794],[121.634,28.3472],[121.6563,28.3393],[121.6213,28.2851],[121.5855,28.2568],[121.5781,28.2603],[121.5806,28.3008],[121.5415,28.3218],[121.4731,28.3306],[121.4413,28.3117],[121.436,28.2971],[121.4089,28.3049],[121.3955,28.2841],[121.4188,28.2697],[121.416,28.2562],[121.3648,28.2258],[121.354,28.1879],[121.3745,28.1953],[121.374,28.1726],[121.3458,28.1452],[121.2879,28.1809],[121.2617,28.2258],[121.2252,28.2389],[121.2489,28.2702],[121.2368,28.3061],[121.2031,28.3319],[121.2175,28.3524],[121.2442,28.3491],[121.2647,28.366],[121.2141,28.3606],[121.169,28.3848],[121.1616,28.3775],[121.169,28.3598],[121.1443,28.3436],[121.1303,28.3056],[121.0721,28.2917],[121.0667,28.3114],[121.025,28.3046],[121.0396,28.2853],[121.0581,28.2799],[121.1218,28.2844],[121.1301,28.2659],[121.1248,28.2355],[121.0858,28.1665],[121.0534,28.1482],[121.0094,28.1031],[120.9935,28.0258],[120.9652,27.9871],[120.9214,27.9817],[120.88,27.9987],[120.8196,27.9892],[120.7811,28.0024],[120.731,28.0358],[120.606,28.0422],[120.5902,28.0544],[120.577,28.1156],[120.5596,28.1128],[120.5802,28.0898],[120.589,28.0267],[120.6736,28.0217],[120.7073,28.0097],[120.7506,27.9756],[120.8353,27.956],[120.8638,27.9181],[120.8684,27.8826],[120.8523,27.8582],[120.8075,27.8348],[120.796,27.8054],[120.7226,27.7159],[120.7043,27.7128],[120.6353,27.7633],[120.6367,27.7458],[120.6725,27.7115],[120.6802,27.6864],[120.6676,27.6681],[120.6756,27.6597],[120.6665,27.6254],[120.5966,27.5703],[120.6185,27.5164],[120.662,27.5032],[120.682,27.4816],[120.6656,27.4517],[120.6465,27.4445],[120.6362,27.416],[120.6489,27.4002],[120.6353,27.3797],[120.5459,27.4033],[120.5396,27.3652],[120.5274,27.3498],[120.5049,27.345],[120.5493,27.321],[120.544,27.286],[120.5178,27.263],[120.526,27.2388],[120.5081,27.216],[120.5178,27.2016],[120.4684,27.1822],[120.4597,27.2204],[120.4217,27.2221],[120.4292,27.1737],[120.4067,27.1842],[120.3762,27.2363],[120.3473,27.2494],[120.3031,27.2423],[120.2881,27.2645],[120.3193,27.2904],[120.2988,27.2978],[120.3119,27.3177],[120.2852,27.304],[120.264,27.3244],[120.2715,27.304],[120.2586,27.3],[120.2237,27.3115],[120.2437,27.2904],[120.2257,27.2686],[120.1958,27.2978],[120.1958,27.263],[120.1753,27.2388],[120.1824,27.2169],[120.2019,27.2178],[120.2095,27.2351],[120.2566,27.2569],[120.3064,27.2153],[120.3336,27.2351],[120.3399,27.2289],[120.3473,27.2426],[120.3648,27.2251],[120.3655,27.2096],[120.3473,27.1805],[120.3699,27.1875],[120.4217,27.147],[120.3739,27.147],[120.408,27.1396],[120.408,27.1327],[120.367,27.1252],[120.3814,27.119],[120.3739,27.106],[120.395,27.106],[120.3775,27.0986],[120.2827,27.1123],[120.2437,27.1327],[120.2783,27.0638],[120.2715,27.0576],[120.2578,27.0727],[120.2163,27.0371],[120.2415,27.034],[120.2556,27.0175],[120.2552,26.9971],[120.2374,26.9819],[120.23,26.9893],[120.1487,26.9819],[120.187,26.9635],[120.2357,26.9664],[120.2437,26.9551],[120.23,26.9409],[120.2374,26.9272],[120.2191,26.9154],[120.1257,26.9273],[120.1136,26.9188],[120.1207,26.8999],[120.0956,26.8873],[120.032,26.8999],[120.0553,26.8894],[120.0252,26.8602],[120.0245,26.8379],[120.1282,26.7969],[120.0977,26.7585],[120.1002,26.7429],[120.1428,26.7328],[120.1487,26.7212],[120.1436,26.7101],[120.1077,26.7013],[120.1021,26.6892],[120.1207,26.6461],[120.1344,26.6535],[120.1344,26.6461],[120.0804,26.6174],[120.0765,26.6301],[120.0867,26.6392],[120.0797,26.6461],[120.0149,26.6113],[119.96,26.6113],[119.9412,26.5933],[119.9356,26.5605],[119.8843,26.5232],[119.8472,26.5236],[119.8357,26.5314],[119.8326,26.5505],[119.8359,26.5615],[119.8538,26.5641],[119.8538,26.5983],[119.9841,26.6535],[119.9768,26.674],[120.0115,26.7212],[120.0323,26.7166],[120.032,26.7286],[120.0797,26.7969],[119.9251,26.7922],[119.9356,26.759],[119.888,26.6872],[119.9016,26.6597],[119.8796,26.6553],[119.8569,26.6535],[119.8538,26.6877],[119.8292,26.715],[119.7918,26.6877],[119.8023,26.7668],[119.8401,26.79],[119.8158,26.7976],[119.7918,26.79],[119.7974,26.8164],[119.8348,26.8325],[119.8463,26.8522],[119.7983,26.8414],[119.782,26.8285],[119.7652,26.7941],[119.7706,26.759],[119.7562,26.7377],[119.7302,26.7429],[119.7327,26.7634],[119.712,26.8079],[119.6924,26.8174],[119.6858,26.812],[119.678,26.7631],[119.7274,26.7179],[119.7249,26.6978],[119.6961,26.7082],[119.646,26.7533],[119.6266,26.7491],[119.6218,26.7868],[119.606,26.7969],[119.5755,26.788],[119.5794,26.7764],[119.5521,26.7491],[119.5589,26.7082],[119.606,26.6945],[119.5999,26.6461],[119.5589,26.6666],[119.5411,26.6563],[119.5542,26.6152],[119.5924,26.5909],[119.5999,26.5704],[119.6751,26.6188],[119.7009,26.6086],[119.7352,26.612],[119.7429,26.6018],[119.7364,26.5915],[119.7849,26.5778],[119.7849,26.5505],[119.7706,26.5641],[119.7617,26.5507],[119.7659,26.5344],[119.7986,26.5158],[119.7849,26.502],[119.8023,26.4894],[119.8189,26.4532],[119.8123,26.4338],[119.7918,26.4338],[119.7918,26.4133],[119.762,26.4075],[119.7376,26.4437],[119.6898,26.4595],[119.6537,26.498],[119.6204,26.468],[119.5796,26.4709],[119.5664,26.4549],[119.5731,26.4378],[119.6163,26.4374],[119.6309,26.4487],[119.6484,26.4374],[119.6555,26.3556],[119.6653,26.3402],[119.6887,26.3376],[119.6819,26.3171],[119.7471,26.3276],[119.7544,26.3721],[119.7706,26.3649],[119.7918,26.4065],[119.8258,26.4269],[119.8513,26.3928],[119.8401,26.3786],[119.8948,26.3587],[119.95,26.3723],[119.95,26.3649],[119.8775,26.3134],[119.8547,26.3275],[119.8011,26.3176],[119.7849,26.2966],[119.8054,26.2904],[119.7927,26.2841],[119.7644,26.2966],[119.6543,26.2724],[119.6341,26.2551],[119.6682,26.242],[119.6682,26.2215],[119.637,26.2117],[119.6001,26.1763],[119.5918,26.1664],[119.5999,26.1458],[119.5611,26.125],[119.4585,25.9825],[119.4356,25.9813],[119.415,26.0093],[119.3269,26.048],[119.2771,26.0529],[119.2158,26.1001],[119.1611,26.1116],[119.0935,26.1458],[119.1573,26.0908],[119.1815,26.0986],[119.1952,26.0876],[119.209,26.0434],[119.243,25.995],[119.2468,25.9672],[119.3298,25.9443],[119.3775,25.9414],[119.4409,25.9638],[119.49,25.9942],[119.5042,26.036],[119.5191,26.0445],[119.5664,26.0502],[119.6484,26.0154],[119.6751,26.0223],[119.6954,26.0026],[119.7024,25.9851],[119.6751,25.9261],[119.6543,25.9069],[119.6165,25.8926],[119.5999,25.8442],[119.5841,25.8769],[119.5742,25.8849],[119.5664,25.8721],[119.5779,25.8624],[119.583,25.8202],[119.6079,25.8052],[119.606,25.769],[119.6209,25.7603],[119.5964,25.7315],[119.5899,25.6872],[119.5726,25.6797],[119.5354,25.7059],[119.5228,25.7058],[119.5173,25.6902],[119.4771,25.6797],[119.4491,25.6872],[119.4671,25.6139],[119.4832,25.6257],[119.481,25.5805],[119.4924,25.5648],[119.5173,25.5568],[119.5344,25.5759],[119.5584,25.5638],[119.5794,25.5847],[119.5684,25.5474],[119.5723,25.5334],[119.5931,25.5295],[119.5664,25.5158],[119.5999,25.5084],[119.5726,25.4879],[119.6036,25.4912],[119.5999,25.4748],[119.628,25.4614],[119.614,25.4388],[119.6341,25.4333],[119.646,25.3926],[119.6204,25.365],[119.6546,25.3581],[119.5794,25.3445],[119.5999,25.3712],[119.578,25.4187],[119.5931,25.4394],[119.576,25.4674],[119.5521,25.4538],[119.5386,25.4612],[119.536,25.4191],[119.5582,25.4046],[119.5444,25.3772],[119.4832,25.3712],[119.5042,25.4299],[119.4907,25.4469],[119.5073,25.4744],[119.4662,25.4748],[119.447,25.4388],[119.4331,25.4595],[119.4491,25.5053],[119.3565,25.5269],[119.356,25.5507],[119.3809,25.5909],[119.3604,25.5773],[119.3563,25.6],[119.343,25.6092],[119.3052,25.6046],[119.3214,25.5873],[119.2778,25.5705],[119.2688,25.5269],[119.2378,25.4818],[119.1834,25.465],[119.1025,25.4203],[119.157,25.3626],[119.1732,25.3251],[119.2034,25.3581],[119.2232,25.3166],[119.1815,25.2893],[119.2013,25.2597],[119.2258,25.2797],[119.243,25.3302],[119.2651,25.3176],[119.2778,25.3302],[119.2983,25.3166],[119.3189,25.2794],[119.3475,25.2678],[119.3529,25.2585],[119.3442,25.2424],[119.2813,25.2414],[119.2725,25.2318],[119.2888,25.1891],[119.2556,25.1759],[119.2294,25.1932],[119.1756,25.1765],[119.142,25.221],[119.1161,25.2138],[119.1018,25.1966],[119.1042,25.1829],[119.1338,25.1384],[119.1531,25.1397],[119.1338,25.1247],[119.0933,25.1356],[119.0855,25.1247],[119.0991,25.1112],[119.0648,25.1247],[119.0792,25.1521],[119.0647,25.1625],[119.0532,25.1576],[119.0444,25.1247],[119.0291,25.1405],[119.0691,25.2037],[119.0689,25.2167],[119.0348,25.2278],[118.9693,25.2264],[118.98,25.2449],[119.0249,25.2593],[119.0273,25.2782],[118.9837,25.283],[118.8756,25.2438],[118.8648,25.228],[118.9111,25.2172],[118.9153,25.1794],[118.9483,25.1972],[118.9746,25.1826],[118.943,25.1088],[118.8577,25.098],[118.8491,25.0738],[118.8779,25.0407],[118.9352,25.0224],[118.9283,25.0149],[118.9537,25.003],[118.98,25.0118],[118.9973,25.0535],[119.0042,25.0502],[118.9832,24.9951],[118.9973,24.9534],[119.0177,24.9603],[118.9771,24.934],[118.9637,24.9544],[118.9116,24.9534],[118.9011,24.9378],[118.9099,24.9072],[118.9342,24.8861],[118.9732,24.8938],[118.9762,24.8778],[118.952,24.8708],[118.898,24.8758],[118.8667,24.891],[118.8259,24.8778],[118.7921,24.8911],[118.7776,24.8852],[118.7801,24.8678],[118.7161,24.8436],[118.6981,24.8595],[118.7078,24.8773],[118.7297,24.8852],[118.7295,24.9005],[118.6956,24.9404],[118.6975,24.9068],[118.6888,24.8957],[118.6881,24.9262],[118.6677,24.9534],[118.6404,24.9156],[118.6734,24.8866],[118.6712,24.8747],[118.6241,24.8678],[118.572,24.8852],[118.6128,24.8558],[118.6179,24.8053],[118.638,24.7721],[118.6438,24.7822],[118.6865,24.7928],[118.7018,24.81],[118.7151,24.7983],[118.72,24.7694],[118.7434,24.7753],[118.763,24.7627],[118.7468,24.7207],[118.732,24.7165],[118.6854,24.6665],[118.6541,24.6934],[118.6421,24.6787],[118.6336,24.6279],[118.6402,24.6169],[118.6642,24.6122],[118.6615,24.5903],[118.6205,24.5455],[118.554,24.5181],[118.5545,24.5532],[118.5781,24.5602],[118.5012,24.6081],[118.4281,24.6313],[118.4312,24.6997],[118.4009,24.6723],[118.4219,24.6245],[118.4048,24.6066],[118.3517,24.5823],[118.284,24.5978],[118.273,24.5744],[118.2498,24.5761],[118.2418,24.5438],[118.219,24.5414],[118.1812,24.5761],[118.1817,24.5978],[118.2158,24.604],[118.2152,24.6148],[118.1743,24.6245],[118.1876,24.6574],[118.1605,24.6934],[118.1575,24.6627],[118.1414,24.657],[118.1104,24.5841],[118.0444,24.6177],[118.0374,24.5606],[118.0211,24.555],[118.0029,24.5624],[118.0093,24.5807],[117.9749,24.5527],[117.9788,24.5425],[118.0208,24.5366],[118.0581,24.5159],[118.0367,24.4909],[118.0094,24.4855],[117.9995,24.4709],[118.0217,24.4457],[117.8677,24.4896],[117.8259,24.4805],[117.8849,24.4687],[117.9011,24.4532],[117.8157,24.4716],[117.7913,24.4675],[117.8746,24.3963],[117.9073,24.3849],[117.9894,24.3948],[118.0301,24.4128],[118.043,24.4067],[118.0408,24.3656],[118.0159,24.3269],[118.0242,24.3236],[118.053,24.3469],[118.0906,24.3415],[118.1196,24.2993],[118.1265,24.262],[118.0847,24.2491],[118.0718,24.2546],[118.0239,24.2067],[117.9893,24.1931],[117.9788,24.1621],[117.9679,24.1598],[117.9585,24.2031],[117.9436,24.2126],[117.9073,24.1863],[117.9324,24.1783],[117.9378,24.1617],[117.8958,24.0866],[117.8936,24.028],[117.8623,24.0352],[117.8391,24.0236],[117.772,23.9589],[117.7481,23.9075],[117.7293,23.9194],[117.7379,23.9505],[117.7914,24.0015],[117.7981,24.0218],[117.7865,24.0281],[117.7617,24.0148],[117.7571,24.0249],[117.7761,24.0373],[117.7633,24.0703],[117.75,24.0373],[117.7241,24.0338],[117.6671,24.0627],[117.6797,24.039],[117.7088,24.0355],[117.6885,23.9975],[117.6951,23.9536],[117.6486,23.9092],[117.6255,23.8402],[117.626,23.8122],[117.6393,23.7941],[117.5917,23.7371],[117.5875,23.7778],[117.602,23.7989],[117.5982,23.8524],[117.5711,23.9033],[117.5374,23.9194],[117.4548,23.9256],[117.4166,23.9468],[117.4071,23.9331],[117.4097,23.9134],[117.4685,23.9119],[117.4996,23.8741],[117.4901,23.8326],[117.4635,23.7883],[117.4343,23.7759],[117.3824,23.7952],[117.3456,23.7685],[117.3191,23.7616],[117.2926,23.7895],[117.2774,23.7822],[117.2923,23.7622],[117.2719,23.7213],[117.2762,23.6877],[117.2636,23.6554],[117.2791,23.6363],[117.2571,23.6156],[117.239,23.6055],[117.2355,23.6398],[117.2441,23.6575],[117.2295,23.6928],[117.2085,23.6649],[117.2192,23.6296],[117.1508,23.6069],[117.1285,23.5724],[117.0842,23.5506],[117.0779,23.6388],[117.0684,23.6513],[117.0234,23.6587],[116.9507,23.6109],[116.9176,23.6379],[116.9409,23.6587],[116.9165,23.6627],[116.8721,23.6069],[116.884,23.5866],[116.8833,23.5596],[116.8497,23.5113],[116.8726,23.4738],[116.8666,23.4502],[116.7732,23.3494],[116.6929,23.3599],[116.6578,23.3545],[116.5689,23.391],[116.5432,23.4212],[116.5232,23.4185],[116.5232,23.3775],[116.573,23.3237],[116.588,23.3161],[116.6419,23.3188],[116.661,23.3372],[116.6912,23.339],[116.7094,23.3198],[116.7271,23.3161],[116.7301,23.3308],[116.7486,23.3263],[116.7656,23.2974],[116.7771,23.2404],[116.8048,23.2361],[116.7839,23.2124],[116.7056,23.2766],[116.6672,23.2813],[116.709,23.2585],[116.7151,23.2438],[116.6712,23.2146],[116.6468,23.163],[116.6152,23.1783],[116.6115,23.2387],[116.57,23.247],[116.5089,23.2341],[116.5093,23.2164],[116.527,23.2006],[116.564,23.223],[116.6029,23.2177],[116.6045,23.2096],[116.6015,23.1966],[116.5699,23.1777],[116.5451,23.1448],[116.5336,23.1091],[116.5517,23.0867],[116.5485,23.0664],[116.5632,23.0188],[116.5219,22.9984],[116.5185,22.9675],[116.4947,22.9394],[116.4585,22.9474],[116.3796,22.929],[116.2985,22.9632],[116.2891,22.9789],[116.2623,22.9737],[116.2136,22.9828],[116.201,22.9735],[116.2349,22.9603],[116.2694,22.9666],[116.2815,22.9579],[116.221,22.919],[116.1449,22.8478],[116.0957,22.8259],[116.0847,22.8498],[116.0913,22.8684],[116.1237,22.8947],[116.0421,22.9329],[116.0419,22.9223],[116.0873,22.8897],[116.0762,22.8679],[115.9967,22.8367],[115.958,22.8047],[115.9333,22.806],[115.9037,22.7894],[115.8835,22.7946],[115.8432,22.77],[115.826,22.7466],[115.81,22.7461],[115.7978,22.7544],[115.788,22.7978],[115.795,22.8003],[115.8136,22.7763],[115.8048,22.8151],[115.7369,22.8517],[115.697,22.8507],[115.7036,22.8693],[115.6843,22.8778],[115.6926,22.9001],[115.7213,22.9045],[115.7303,22.9342],[115.692,22.929],[115.6533,22.8937],[115.5779,22.8773],[115.5606,22.8493],[115.533,22.862],[115.5476,22.8954],[115.5056,22.8978],[115.4509,22.9319],[115.4302,22.9182],[115.406,22.925],[115.4273,22.9006],[115.4642,22.912],[115.483,22.9018],[115.4961,22.8803],[115.4942,22.8608],[115.468,22.8568],[115.468,22.8493],[115.5594,22.8361],[115.6121,22.8636],[115.527,22.767],[115.5239,22.7418],[115.5556,22.7144],[115.5673,22.7473],[115.5901,22.7372],[115.5625,22.7056],[115.5752,22.6683],[115.5362,22.6681],[115.4648,22.701],[115.4213,22.6902],[115.3735,22.6942],[115.3385,22.7331],[115.3507,22.7469],[115.3889,22.7469],[115.4241,22.762],[115.4112,22.7883],[115.3862,22.7829],[115.364,22.7636],[115.3306,22.7885],[115.2334,22.7882],[115.2328,22.8053],[115.3202,22.8505],[115.3248,22.8596],[115.3094,22.8694],[115.3171,22.9045],[115.3038,22.903],[115.2456,22.8354],[115.1729,22.8212],[115.1803,22.7848],[115.1583,22.7924],[115.1506,22.8096],[115.1329,22.8115],[115.0655,22.796],[115.0178,22.737],[115.0289,22.7084],[114.9988,22.7022],[114.9853,22.6893],[114.9547,22.7035],[114.9417,22.7539],[114.9268,22.7612],[114.9168,22.744],[114.8891,22.7637],[114.8625,22.7632],[114.8819,22.7475],[114.8807,22.7215],[114.8904,22.7141],[114.91,22.7236],[114.9267,22.7169],[114.9666,22.6765],[114.9387,22.6573],[114.9019,22.5981],[114.9191,22.5612],[114.896,22.5475],[114.8802,22.5591],[114.8868,22.5909],[114.8658,22.6017],[114.7541,22.5897],[114.7438,22.6094],[114.7374,22.669],[114.7538,22.6934],[114.7389,22.7106],[114.742,22.7327],[114.7525,22.7497],[114.8132,22.7748],[114.8213,22.7906],[114.817,22.8004],[114.7752,22.8158],[114.7549,22.7817],[114.7341,22.7758],[114.7167,22.7908],[114.6955,22.7926],[114.6378,22.7551],[114.5633,22.7327],[114.5711,22.7024],[114.5523,22.6945],[114.5221,22.706],[114.5238,22.6872],[114.4996,22.6531],[114.5066,22.6465],[114.5482,22.6445],[114.5825,22.6553],[114.5903,22.6439],[114.5609,22.6088],[114.5291,22.5983],[114.4954,22.562],[114.5093,22.5495],[114.5432,22.5694],[114.6116,22.5287],[114.6177,22.5141],[114.5705,22.4843],[114.5422,22.478],[114.5158,22.4526],[114.5016,22.4521],[114.4851,22.4683],[114.4768,22.4899],[114.4764,22.5094],[114.487,22.5219],[114.4796,22.5462],[114.4557,22.5705],[114.4404,22.5687],[114.4243,22.6017],[114.3958,22.6135],[114.3403,22.5979],[114.3171,22.6024],[114.3071,22.5854],[114.2762,22.588],[114.2298,22.5558],[114.162,22.5605],[114.1487,22.5381],[114.1289,22.5381],[114.1171,22.5276],[114.0915,22.5344],[114.0553,22.5069],[113.9638,22.5381],[113.9519,22.5238],[113.9478,22.4904],[113.9103,22.4858],[113.8903,22.4527],[113.8662,22.5115],[113.8939,22.5211],[113.8224,22.5872],[113.7936,22.6616],[113.7729,22.6724],[113.7581,22.7534],[113.7122,22.7633],[113.6724,22.7469],[113.6536,22.7587],[113.6626,22.7981],[113.6172,22.8903],[113.6101,22.862],[113.6172,22.8362],[113.6056,22.8472],[113.6104,22.9045],[113.596,22.8806],[113.5923,22.8891],[113.6382,23.0349],[113.6167,23.0079],[113.5967,22.9182],[113.6172,23.0349],[113.5992,23.0092],[113.5762,22.9387],[113.583,23.0212],[113.554,22.9876],[113.542,22.9865],[113.5288,23.0108],[113.5364,23.0631],[113.5821,23.0985],[113.7202,23.1379],[113.7581,23.1216],[113.7844,23.1317],[113.8301,23.1175],[113.8132,23.1298],[113.7031,23.1578],[113.542,23.0864],[113.5091,23.0622],[113.4175,23.097],[113.3987,23.0833],[113.4193,23.0655],[113.4812,23.0515],[113.5023,23.0204],[113.5038,22.9898],[113.484,22.9243],[113.4737,22.9182],[113.4299,22.9313],[113.3076,22.8941],[113.213,22.912],[113.213,22.9045],[113.2581,22.8978],[113.2922,22.8773],[113.3504,22.8897],[113.44,22.8041],[113.4942,22.7748],[113.4519,22.7551],[113.4395,22.7394],[113.3775,22.7674],[113.395,22.7482],[113.4663,22.7165],[113.553,22.6385],[113.5992,22.5752],[113.5947,22.5234],[113.5625,22.4804],[113.5464,22.4376],[113.5581,22.3808],[113.6104,22.3702],[113.5923,22.3161],[113.5736,22.3007],[113.5877,22.2379],[113.523,22.213],[113.5299,22.2023],[113.4837,22.1551],[113.4592,22.158],[113.4256,22.1862],[113.4119,22.2255],[113.3645,22.2678],[113.357,22.3019],[113.2764,22.3721],[113.2556,22.4039],[113.2319,22.4791],[113.1653,22.5756],[113.1602,22.4876],[113.2273,22.4253],[113.3285,22.2685],[113.402,22.1796],[113.3508,22.1715],[113.3027,22.1833],[113.2822,22.1454],[113.2634,22.137],[113.251,22.1157],[113.2559,22.0827],[113.2472,22.0543],[113.2306,22.0432],[113.1947,22.0464],[113.1575,22.0247],[113.1189,22.0658],[113.1106,22.0992],[113.1275,22.161],[113.1133,22.1874],[113.1106,22.2193],[113.0851,22.2076],[113.0773,22.1473],[113.0579,22.1211],[113.0266,22.1432],[113.0206,22.126],[113.0161,22.0577],[113.0256,21.9494],[112.9894,21.9373],[112.9796,21.9012],[112.9571,21.8757],[112.9116,21.8563],[112.8794,21.8752],[112.8516,21.9483],[112.826,21.9661],[112.8004,21.9472],[112.7886,21.9518],[112.7437,21.932],[112.7305,21.8903],[112.7005,21.8903],[112.6856,21.8699],[112.6451,21.8494],[112.6476,21.8227],[112.608,21.7751],[112.5791,21.7668],[112.5509,21.7729],[112.426,21.8452],[112.4111,21.9012],[112.4242,21.9178],[112.4815,21.9446],[112.4937,21.9661],[112.4363,21.9456],[112.4048,21.9429],[112.3906,21.9555],[112.3763,21.9866],[112.3975,22.0685],[112.3782,22.0584],[112.3648,22.0345],[112.3565,21.9797],[112.3906,21.9012],[112.3884,21.8622],[112.4011,21.8375],[112.4021,21.8014],[112.388,21.7561],[112.3633,21.7333],[112.2862,21.7088],[112.2449,21.7065],[112.2268,21.7296],[112.1824,21.753],[112.2031,21.8067],[112.1926,21.8432],[112.1727,21.8144],[112.0855,21.7961],[112.0282,21.7973],[112.0071,21.8187],[112.0374,21.8625],[112.0413,21.8842],[111.9932,21.8342],[111.9692,21.824],[111.9341,21.8904],[111.8904,21.9251],[111.8906,21.8674],[111.9041,21.8153],[111.9464,21.7859],[112.0003,21.7743],[111.9058,21.7159],[111.9041,21.7017],[111.8679,21.6767],[111.8389,21.6781],[111.8423,21.699],[111.8538,21.7074],[111.8767,21.6986],[111.8606,21.7215],[111.8494,21.7258],[111.8362,21.717],[111.8294,21.7287],[111.8351,21.7668],[111.8069,21.7433],[111.794,21.7445],[111.7879,21.76],[111.7579,21.7533],[111.6781,21.7812],[111.6956,21.7614],[111.7606,21.7258],[111.7796,21.6754],[111.7737,21.6501],[111.7469,21.6439],[111.7725,21.6352],[111.7879,21.616],[111.7129,21.6234],[111.6904,21.6038],[111.6514,21.5409],[111.6305,21.5299],[111.6065,21.5446],[111.5819,21.5819],[111.582,21.5555],[111.5956,21.5341],[111.5379,21.5205],[111.521,21.5341],[111.5045,21.5182],[111.4761,21.5136],[111.4671,21.5294],[111.4727,21.5546],[111.4553,21.5512],[111.4441,21.5636],[111.4322,21.603],[111.4111,21.5683],[111.438,21.5341],[111.3628,21.5412],[111.3497,21.5267],[111.4043,21.5267],[111.2673,21.4394],[111.2529,21.4447],[111.2691,21.4521],[111.3013,21.4993],[111.1924,21.5312],[111.158,21.5205],[111.1716,21.5136],[111.165,21.506],[111.1716,21.4993],[111.1988,21.5078],[111.2263,21.4993],[111.1436,21.4658],[111.0884,21.4726],[111.0884,21.4801],[111.13,21.4931],[111.1238,21.5068],[111.0884,21.4931],[111.0755,21.5136],[111.0276,21.5409],[111.0233,21.5278],[110.9859,21.5136],[111.0139,21.4857],[110.9797,21.4447],[111.0081,21.4499],[111.0269,21.4793],[111.0422,21.4846],[111.0686,21.4726],[111.0437,21.4694],[110.9929,21.4249],[110.9659,21.4328],[110.8699,21.3832],[110.8062,21.4016],[110.7682,21.3975],[110.7048,21.3485],[110.6509,21.2604],[110.6548,21.3146],[110.6776,21.3485],[110.6555,21.3428],[110.6433,21.3218],[110.6318,21.3554],[110.6365,21.3703],[110.6716,21.3813],[110.6924,21.3992],[110.7554,21.4134],[110.7664,21.4447],[110.76,21.4447],[110.7273,21.4189],[110.6356,21.381],[110.6167,21.3454],[110.6157,21.3012],[110.6433,21.2529],[110.6365,21.2302],[110.5752,21.2467],[110.5887,21.2256],[110.4815,21.2172],[110.4312,21.1915],[110.4243,21.1915],[110.4373,21.2392],[110.4258,21.2692],[110.4373,21.2734],[110.4243,21.2877],[110.4373,21.2939],[110.4789,21.2734],[110.4863,21.3013],[110.4661,21.2961],[110.4448,21.3076],[110.4863,21.3355],[110.4653,21.3287],[110.4653,21.3485],[110.4339,21.3088],[110.4239,21.3416],[110.4373,21.3975],[110.4195,21.3774],[110.401,21.387],[110.369,21.4249],[110.3895,21.4521],[110.3585,21.4357],[110.3944,21.364],[110.3895,21.3287],[110.3765,21.3355],[110.3827,21.3218],[110.345,21.3389],[110.3281,21.3423],[110.3281,21.3355],[110.3567,21.3192],[110.3663,21.3061],[110.3628,21.2877],[110.4082,21.238],[110.3994,21.1766],[110.3941,21.1625],[110.3338,21.1164],[110.2693,21.0892],[110.2188,21.0276],[110.2056,21.0494],[110.2046,21.0822],[110.1956,21.0713],[110.1567,20.986],[110.1431,20.9923],[110.1548,20.9773],[110.1493,20.924],[110.1773,20.8625],[110.1567,20.8768],[110.1567,20.8489],[110.1642,20.842],[110.1915,20.8489],[110.1915,20.8358],[110.2871,20.842],[110.3197,20.8599],[110.3358,20.8588],[110.3418,20.842],[110.3486,20.8489],[110.3611,20.8359],[110.369,20.8489],[110.4027,20.7901],[110.4094,20.751],[110.397,20.7185],[110.3836,20.7134],[110.3565,20.7323],[110.3418,20.8215],[110.3213,20.7943],[110.3321,20.7679],[110.3076,20.7532],[110.3145,20.7464],[110.3076,20.739],[110.3375,20.7258],[110.3008,20.6571],[110.3281,20.6776],[110.3284,20.6527],[110.3145,20.6365],[110.3394,20.6315],[110.3628,20.6434],[110.3628,20.6223],[110.3806,20.6338],[110.4085,20.5859],[110.4517,20.5677],[110.4789,20.5677],[110.5115,20.5279],[110.5342,20.4783],[110.5023,20.4127],[110.4754,20.3976],[110.4585,20.3622],[110.4068,20.3052],[110.3621,20.3049],[110.3443,20.2792],[110.2803,20.253],[110.2372,20.275],[110.1966,20.2703],[110.1878,20.253],[110.1275,20.248],[110.0379,20.3017],[110.006,20.2803],[109.9658,20.281],[109.9339,20.2441],[109.9172,20.2393],[109.9287,20.3264],[109.9172,20.3523],[109.8741,20.3763],[109.8899,20.3827],[109.8628,20.4063],[109.888,20.414],[109.9036,20.4311],[109.9824,20.3515],[109.9854,20.3721],[110.0155,20.4184],[110.0098,20.4342],[109.9649,20.4783],[109.9581,20.4516],[109.9436,20.4607],[109.9309,20.5063],[109.927,20.4549],[109.9172,20.4448],[109.8961,20.4926],[109.8497,20.5009],[109.8221,20.5165],[109.8257,20.5428],[109.8414,20.5472],[109.8482,20.5956],[109.8211,20.5546],[109.8189,20.5891],[109.802,20.6163],[109.7759,20.6313],[109.7459,20.6298],[109.7516,20.6737],[109.7752,20.6862],[109.8059,20.6795],[109.8277,20.698],[109.8414,20.6844],[109.8604,20.7155],[109.801,20.7063],[109.7869,20.6911],[109.7564,20.7497],[109.7732,20.7669],[109.7581,20.7928],[109.7603,20.8078],[109.7732,20.8141],[109.752,20.842],[109.7595,20.855],[109.7454,20.8677],[109.7315,20.855],[109.739,20.8078],[109.7044,20.842],[109.7179,20.8078],[109.6895,20.8354],[109.6656,20.8809],[109.6612,20.9276],[109.6913,20.9587],[109.679,20.9739],[109.6975,21.0406],[109.7117,21.0338],[109.7,21.083],[109.6702,21.1232],[109.7044,21.1785],[109.7202,21.1834],[109.752,21.1641],[109.7467,21.1797],[109.7732,21.2154],[109.7657,21.3559],[109.7837,21.3483],[109.7869,21.3287],[109.7998,21.3329],[109.8074,21.3559],[109.9241,21.3628],[109.9048,21.3907],[109.9513,21.4584],[109.9334,21.4538],[109.9246,21.465],[109.9273,21.4798],[109.9444,21.4931],[109.859,21.4828],[109.8414,21.5068],[109.8277,21.4931],[109.8352,21.4801],[109.8142,21.4584],[109.7991,21.4986],[109.8005,21.5546],[109.7833,21.5464],[109.7701,21.5516],[109.7732,21.5819],[109.7481,21.5749],[109.7478,21.5452],[109.7732,21.4857],[109.7595,21.4931],[109.7415,21.474],[109.7086,21.4833],[109.6497,21.5205],[109.677,21.5751],[109.6702,21.603],[109.677,21.6234],[109.6372,21.6016],[109.6253,21.5854],[109.636,21.5683],[109.608,21.5751],[109.6135,21.6012],[109.603,21.6206],[109.6155,21.6501],[109.5853,21.6308],[109.5759,21.6594],[109.5609,21.6713],[109.5677,21.6986],[109.5608,21.7073],[109.5945,21.7464],[109.575,21.7457],[109.5677,21.76],[109.4927,21.6986],[109.5062,21.685],[109.4927,21.6781],[109.5199,21.685],[109.521,21.6658],[109.5064,21.6577],[109.4647,21.6645],[109.4647,21.6576],[109.5299,21.6357],[109.5728,21.5817],[109.5609,21.5683],[109.5609,21.5267],[109.5308,21.4916],[109.4722,21.4658],[109.4658,21.4829],[109.4722,21.4993],[109.4382,21.4551],[109.4244,21.4524],[109.3438,21.4535],[109.3208,21.4801],[109.2989,21.4433],[109.2776,21.437],[109.2586,21.4447],[109.245,21.4316],[109.2388,21.4857],[109.2271,21.4722],[109.2146,21.4174],[109.172,21.4175],[109.1494,21.4385],[109.1446,21.418],[109.1563,21.4038],[109.1387,21.4016],[109.0501,21.4372],[109.0398,21.4503],[109.0601,21.4801],[109.1328,21.4959],[109.1426,21.5102],[109.1358,21.603],[109.1244,21.591],[109.1011,21.6092],[109.0776,21.597],[109.0667,21.616],[109.0464,21.603],[109.0667,21.6439],[108.9924,21.6092],[108.928,21.6151],[108.8975,21.6713],[108.8695,21.6713],[108.8552,21.685],[108.8695,21.7054],[108.8655,21.7397],[108.9166,21.7538],[108.9241,21.7668],[108.8975,21.76],[108.9031,21.7743],[108.8695,21.7538],[108.8614,21.7668],[108.8757,21.801],[108.8552,21.7812],[108.8499,21.7917],[108.8614,21.8153],[108.8014,21.8183],[108.7796,21.8153],[108.8211,21.801],[108.8142,21.7812],[108.8326,21.7838],[108.8435,21.745],[108.8347,21.7258],[108.8167,21.7164],[108.8059,21.7584],[108.7931,21.7538],[108.7999,21.7333],[108.7869,21.7402],[108.7931,21.7333],[108.7796,21.7258],[108.7999,21.7258],[108.7931,21.7128],[108.8343,21.6857],[108.8386,21.668],[108.8211,21.6439],[108.8614,21.6439],[108.8499,21.626],[108.7874,21.6414],[108.7727,21.6234],[108.7385,21.616],[108.7454,21.603],[108.7335,21.6127],[108.7275,21.6448],[108.7112,21.6501],[108.7112,21.6576],[108.7332,21.6624],[108.7516,21.6501],[108.7516,21.6917],[108.7385,21.6713],[108.7127,21.6884],[108.7249,21.7464],[108.7112,21.7464],[108.6832,21.7054],[108.6492,21.7333],[108.6832,21.7402],[108.6463,21.7514],[108.677,21.8153],[108.656,21.7948],[108.6423,21.8221],[108.6355,21.7743],[108.615,21.7879],[108.6287,21.7464],[108.5945,21.7402],[108.6075,21.7879],[108.5806,21.7813],[108.5694,21.7944],[108.5714,21.8128],[108.6006,21.8306],[108.6355,21.8903],[108.5945,21.9177],[108.5877,21.8979],[108.5671,21.9046],[108.5808,21.8979],[108.5603,21.8955],[108.553,21.9177],[108.5738,21.9355],[108.5733,21.9518],[108.5671,21.9388],[108.553,21.9518],[108.5457,21.9238],[108.5256,21.9046],[108.5051,21.9108],[108.5188,21.8903],[108.4849,21.8771],[108.4784,21.8664],[108.4915,21.8563],[108.4631,21.863],[108.4607,21.8871],[108.4778,21.945],[108.458,21.9177],[108.4487,21.8658],[108.4846,21.8221],[108.471,21.8221],[108.4778,21.8078],[108.4883,21.8148],[108.4971,21.809],[108.5051,21.7879],[108.4915,21.7402],[108.4635,21.7402],[108.5051,21.7191],[108.4915,21.7128],[108.4977,21.7054],[108.4778,21.7054],[108.4778,21.6986],[108.5051,21.6917],[108.5051,21.6713],[108.5201,21.7126],[108.5331,21.7191],[108.5188,21.6986],[108.5188,21.6713],[108.5331,21.685],[108.5393,21.6781],[108.553,21.6986],[108.5654,21.6785],[108.5452,21.6661],[108.5393,21.6501],[108.553,21.6576],[108.5469,21.6431],[108.512,21.6439],[108.5331,21.6303],[108.5269,21.6142],[108.512,21.6092],[108.5188,21.5955],[108.4812,21.5819],[108.4891,21.6076],[108.5051,21.603],[108.4915,21.6234],[108.4635,21.5955],[108.4712,21.5812],[108.458,21.5683],[108.471,21.562],[108.42,21.5569],[108.4021,21.5598],[108.3897,21.5751],[108.3906,21.5954],[108.4067,21.6002],[108.4209,21.5942],[108.4164,21.5819],[108.4319,21.5832],[108.4437,21.6234],[108.4276,21.6167],[108.4164,21.6303],[108.471,21.6713],[108.4097,21.6645],[108.4236,21.6794],[108.4238,21.6986],[108.4097,21.6781],[108.4033,21.685],[108.398,21.6728],[108.386,21.6729],[108.3377,21.6975],[108.3413,21.7258],[108.3215,21.7097],[108.3114,21.6817],[108.3128,21.6518],[108.3276,21.6303],[108.3065,21.6303],[108.314,21.616],[108.2935,21.5893],[108.314,21.5893],[108.314,21.5819],[108.2896,21.564],[108.2838,21.5447],[108.211,21.5006],[108.2528,21.5885],[108.2268,21.6256],[108.2383,21.6439],[108.2103,21.6303],[108.2061,21.6426],[108.1973,21.6365],[108.2103,21.603],[108.1764,21.5758],[108.158,21.5715],[108.1353,21.5819],[108.1283,21.5627],[108.1148,21.5751],[108.1058,21.5591],[108.0663,21.562],[108.077,21.5455],[108.0711,21.5366],[108.0171,21.5552],[107.9912,21.5484],[108.0396,21.5205],[108.0186,21.5189],[108.0112,21.5065],[108.0222,21.4857],[108.061,21.4962],[108.0806,21.4931],[108.0806,21.4857],[108.0166,21.4704],[107.9707,21.4316],[107.9639,21.4316],[107.9653,21.4473],[107.9912,21.4857],[107.8555,21.6003],[107.8324,21.6394],[107.8116,21.6478],[107.7448,21.6575],[107.6719,21.6176],[107.6132,21.6056],[107.5331,21.6087],[107.5183,21.5874],[107.5013,21.5815],[107.461,21.5964],[107.457,21.6315],[107.4459,21.6469],[107.426,21.6521],[107.3482,21.5994],[107.3297,21.616],[107.3032,21.6887],[107.2727,21.7183],[107.2121,21.7052],[107.1724,21.7151],[107.0658,21.7958],[107.0029,21.8106],[106.9891,21.8242],[106.9871,21.8448],[107.0211,21.8923],[107.0094,21.9274],[106.9712,21.9358],[106.9204,21.917],[106.8988,21.9278],[106.8648,21.9681],[106.7815,21.975],[106.7288,22.0083],[106.6746,21.9622],[106.6531,21.9689],[106.6482,21.9955],[106.6679,22.0427],[106.6722,22.0925],[106.6587,22.1119],[106.6613,22.1436],[106.6397,22.1909],[106.6629,22.2233],[106.6338,22.3094],[106.6173,22.3228],[106.5553,22.332],[106.5418,22.3451],[106.5269,22.4383],[106.5459,22.4725],[106.5771,22.5953],[106.588,22.6078],[106.6076,22.61],[106.6463,22.5688],[106.6802,22.5795],[106.6977,22.6309],[106.7355,22.6954],[106.7466,22.7443],[106.7915,22.7721],[106.7987,22.7844],[106.7898,22.7972],[106.7304,22.7976],[106.7149,22.8261],[106.6675,22.8675],[106.6479,22.867],[106.6327,22.8496],[106.6104,22.8529],[106.5817,22.8953],[106.4878,22.9254],[106.4737,22.8971],[106.458,22.889],[106.3157,22.8538],[106.2554,22.8547],[106.2271,22.8756],[106.223,22.9124],[106.2024,22.947],[106.1321,22.975],[105.9992,22.9754],[105.9612,22.9324],[105.876,22.9283],[105.8539,22.9047],[105.7547,23.0057],[105.6903,23.044],[105.5516,23.0597],[105.5397,23.0755],[105.5283,23.1555],[105.4739,23.1945],[105.4259,23.2732],[105.3895,23.2754],[105.344,23.3042],[105.3122,23.3658],[105.2937,23.3663],[105.2455,23.3302],[105.2175,23.2654],[105.2009,23.254],[105.1556,23.2669],[105.1424,23.2538],[105.0611,23.2325],[104.9351,23.1543],[104.8948,23.1703],[104.8701,23.1635],[104.8613,23.1196],[104.7979,23.0856],[104.827,22.9543],[104.8236,22.9241],[104.7742,22.8962],[104.7008,22.8182],[104.6627,22.8109],[104.6098,22.823],[104.5884,22.8069],[104.5535,22.836],[104.449,22.7452],[104.3402,22.6864],[104.2368,22.7421],[104.2288,22.7834],[104.2412,22.8244],[104.2133,22.825],[104.0869,22.7916],[104.0238,22.7192],[104.0075,22.6302],[103.9856,22.5703],[103.9854,22.5272],[103.9595,22.5071],[103.917,22.5333],[103.8946,22.5692],[103.8668,22.5754],[103.8363,22.6028],[103.7942,22.6594],[103.6469,22.799],[103.59,22.768],[103.5471,22.7007],[103.5509,22.6408],[103.5036,22.5814],[103.4731,22.5916],[103.4475,22.6183],[103.4043,22.6888],[103.4017,22.7378],[103.3571,22.776],[103.3096,22.7879],[103.2449,22.6687],[103.1417,22.607],[103.13,22.578],[103.1447,22.5558],[103.142,22.5378],[103.0442,22.4865],[103.0451,22.4405],[103.029,22.4302],[102.9891,22.4376],[102.9565,22.4597],[102.9026,22.4772],[102.8318,22.5997],[102.7519,22.6253],[102.6927,22.6705],[102.6125,22.6916],[102.5867,22.7161],[102.5584,22.6949],[102.5358,22.6958],[102.5158,22.7452],[102.4678,22.7686],[102.4427,22.7652],[102.4256,22.7453],[102.395,22.6805],[102.3559,22.6699],[102.3843,22.6289],[102.2525,22.4955],[102.2313,22.4263],[102.218,22.4107],[102.1645,22.4255],[102.1073,22.3975],[102.0855,22.4291],[101.995,22.4474],[101.8916,22.4297],[101.8679,22.3788],[101.8426,22.3833],[101.8178,22.4063],[101.7849,22.4722],[101.7551,22.4955],[101.7131,22.4915],[101.6891,22.4789],[101.6545,22.4461],[101.6451,22.4242],[101.6437,22.3647],[101.6237,22.3466],[101.6012,22.277],[101.551,22.2767],[101.5157,22.2454],[101.5182,22.2282],[101.5615,22.1761],[101.567,22.1493],[101.5554,22.0903],[101.5922,22.0281],[101.6068,21.9676],[101.6381,21.9409],[101.6737,21.9314],[101.7213,21.8444],[101.7511,21.8161],[101.7285,21.7175],[101.7548,21.6898],[101.7559,21.6487],[101.8038,21.6259],[101.8062,21.606],[101.7936,21.5882],[101.7362,21.5709],[101.7482,21.5145],[101.7297,21.4742],[101.7151,21.3211],[101.7365,21.2923],[101.8012,21.2671],[101.8237,21.2345],[101.8052,21.2045],[101.7736,21.2074],[101.7601,21.196],[101.7702,21.1704],[101.756,21.1433],[101.7043,21.1351],[101.6551,21.1892],[101.5818,21.1757],[101.584,21.2244],[101.5176,21.2426],[101.3815,21.2225],[101.2927,21.1761],[101.2597,21.1795],[101.2443,21.1929],[101.209,21.2455],[101.2204,21.2963],[101.2074,21.3148],[101.2331,21.3717],[101.1714,21.4034],[101.1683,21.4245],[101.1878,21.5059],[101.1866,21.5353],[101.1745,21.5517],[101.159,21.5527],[101.1542,21.568],[101.1739,21.6119],[101.1688,21.6379],[101.1493,21.6768],[101.1277,21.6952],[101.1189,21.7598],[101.0828,21.7667],[100.9928,21.7114],[100.8349,21.6575],[100.797,21.6261],[100.704,21.5164],[100.6217,21.4691],[100.5718,21.4551],[100.4971,21.4618],[100.4567,21.455],[100.4293,21.4954],[100.3991,21.5189],[100.342,21.5304],[100.2895,21.4831],[100.1979,21.4332],[100.1871,21.4279],[100.1625,21.4364],[100.0973,21.5083],[100.0861,21.5509],[100.1039,21.6156],[100.1437,21.64],[100.1428,21.6549],[100.1205,21.6737],[100.0823,21.6845],[99.9967,21.6861],[99.9607,21.7048],[99.9503,21.7212],[99.918,21.8292],[99.9657,21.963],[99.9343,22.0189],[99.9424,22.0455],[99.8478,22.055],[99.8417,22.0271],[99.821,22.0178],[99.7999,22.0375],[99.7237,22.0706],[99.6839,22.039],[99.6638,22.0487],[99.6335,22.0848],[99.539,22.1067],[99.4904,22.1043],[99.4386,22.1242],[99.3649,22.0989],[99.2529,22.1028],[99.1664,22.1321],[99.1445,22.1535],[99.1751,22.1687],[99.1594,22.1847],[99.1993,22.2453],[99.2184,22.31],[99.2437,22.3412],[99.2431,22.3932],[99.2828,22.4119],[99.3578,22.4955],[99.3441,22.5333],[99.355,22.6085],[99.3079,22.7196],[99.308,22.7452],[99.359,22.7749],[99.4144,22.8569],[99.4134,22.9307],[99.4299,22.9367],[99.4845,22.9103],[99.5153,22.9088],[99.538,22.9264],[99.5346,22.9493],[99.4904,23.012],[99.4931,23.0574],[99.4782,23.0658],[99.4033,23.0683],[99.3338,23.1296],[99.3141,23.1265],[99.2848,23.0882],[99.2166,23.0574],[99.2021,23.0673],[99.1942,23.0958],[99.0551,23.1096],[99.0264,23.1604],[98.859,23.1794],[98.8601,23.2123],[98.9107,23.2976],[98.8965,23.3233],[98.8534,23.3249],[98.8532,23.335],[98.8819,23.3497],[98.8901,23.3679],[98.8896,23.4068],[98.864,23.4666],[98.8489,23.4804],[98.8098,23.4741],[98.8,23.4807],[98.7809,23.5329],[98.7963,23.5579],[98.8502,23.5906],[98.856,23.61],[98.8003,23.6927],[98.7932,23.7585],[98.6637,23.7969],[98.6714,23.8167],[98.6648,23.9034],[98.6745,23.9369],[98.6588,23.9611],[98.7168,23.9884],[98.8562,24.0838],[98.8735,24.1145],[98.8657,24.1457],[98.8181,24.129],[98.7162,24.1213],[98.5852,24.0757],[98.5033,24.1213],[98.435,24.1303],[98.3956,24.1281],[98.3307,24.0995],[98.1815,24.1187],[98.1051,24.1015],[97.89,24.0226],[97.8178,23.9582],[97.7678,23.9465],[97.6968,23.8871],[97.6371,23.8636],[97.6247,23.8467],[97.6099,23.8831],[97.533,23.9237],[97.5165,23.9428],[97.7077,24.1253],[97.7201,24.1474],[97.7231,24.1713],[97.7016,24.2109],[97.7241,24.2415],[97.7184,24.2777],[97.6445,24.3024],[97.6382,24.3281],[97.6896,24.3465],[97.6883,24.3677],[97.6626,24.3901],[97.6473,24.4323],[97.6244,24.4423],[97.5196,24.4308],[97.5133,24.4386],[97.5386,24.5973],[97.5328,24.7233],[97.5361,24.745],[97.6639,24.8298],[97.7485,24.8265],[97.7652,24.8347],[97.773,24.8547],[97.7241,24.8972],[97.7083,24.9273],[97.6996,25.065],[97.7541,25.1136],[97.801,25.2376],[97.8236,25.2616],[97.8603,25.2441],[97.8889,25.2056],[97.9099,25.2076],[97.9308,25.2185],[97.9763,25.2723],[98.0449,25.3119],[98.0757,25.3761],[98.1121,25.3962],[98.0998,25.5],[98.1342,25.5346],[98.1401,25.6115],[98.2324,25.5866],[98.2766,25.5524],[98.3121,25.5575],[98.3471,25.5778],[98.3752,25.6493],[98.4132,25.6921],[98.4187,25.7242],[98.4393,25.7436],[98.4613,25.7947],[98.4981,25.8307],[98.5268,25.8388],[98.61,25.8006],[98.6778,25.8433],[98.6902,25.8656],[98.6898,25.8916],[98.6673,25.9058],[98.6253,25.97],[98.6162,25.9794],[98.5824,25.9823],[98.5455,26.1056],[98.563,26.1312],[98.6193,26.1457],[98.6243,26.1085],[98.6308,26.0969],[98.6444,26.0979],[98.6808,26.125],[98.6865,26.1541],[98.7055,26.1749],[98.677,26.2393],[98.6682,26.2482],[98.6482,26.2448],[98.6422,26.2545],[98.6578,26.3116],[98.6977,26.3541],[98.7135,26.3895],[98.7211,26.5389],[98.7556,26.625],[98.732,26.7135],[98.7504,26.792],[98.7145,26.862],[98.7363,26.8983],[98.7127,26.9951],[98.7378,27.0487],[98.7314,27.0688],[98.6914,27.0924],[98.6726,27.1756],[98.7077,27.3372],[98.6974,27.3689],[98.6773,27.3761],[98.6744,27.3866],[98.6683,27.4752],[98.6793,27.5773],[98.6472,27.6117],[98.6046,27.5927],[98.5784,27.5917],[98.5434,27.6425],[98.5222,27.6563],[98.4923,27.6434],[98.4103,27.6843],[98.4,27.6757],[98.3833,27.5558],[98.3639,27.5322],[98.3286,27.5229],[98.2947,27.5366],[98.2757,27.5701],[98.2544,27.6481],[98.2044,27.7273],[98.2115,27.7603],[98.1979,27.7806],[98.1966,27.8232],[98.1624,27.8428],[98.1401,27.8786],[98.1767,27.8981],[98.1773,27.9129],[98.1071,27.9731],[98.1225,28.0154],[98.128,28.1055],[98.1187,28.1408],[98.0486,28.1996],[97.9911,28.214],[97.9849,28.2242],[97.9929,28.2689],[97.9447,28.2988],[97.8975,28.3553],[97.8591,28.3701],[97.7973,28.3439],[97.7653,28.3524],[97.74,28.3826],[97.6996,28.488],[97.6705,28.5113],[97.6136,28.482],[97.5462,28.5385],[97.5277,28.5295],[97.4881,28.4419],[97.4453,28.383],[97.4478,28.2976],[97.4367,28.2864],[97.3844,28.2848],[97.3696,28.2535],[97.3338,28.2353],[97.3235,28.2175],[97.2297,28.2746],[97.2105,28.3081],[97.1827,28.315],[97.1155,28.3666],[97.0784,28.3751],[96.9658,28.3305],[96.934,28.3366],[96.7169,28.4365],[96.5615,28.4473],[96.4411,28.3954],[96.3696,28.3781],[96.3019,28.4207],[96.3365,28.4797],[96.5024,28.6445],[96.501,28.6876],[96.598,28.7099],[96.5926,28.7579],[96.5767,28.8085],[96.5108,28.8855],[96.4922,28.948],[96.4521,28.9704],[96.4576,28.9946],[96.3666,29.0365],[96.2947,28.9923],[96.2486,28.9453],[96.1953,28.9411],[96.176,29.0174],[96.1746,29.1088],[96.2101,29.1458],[96.3164,29.1719],[96.3669,29.2442],[96.3662,29.2572],[96.3371,29.2797],[96.2678,29.2417],[96.2353,29.2412],[96.1763,29.2865],[96.142,29.3685],[95.9537,29.3592],[95.8631,29.324],[95.7959,29.3529],[95.7448,29.3404],[95.7474,29.2737],[95.7172,29.2183],[95.6467,29.2283],[95.5923,29.2497],[95.5644,29.2456],[95.5538,29.239],[95.5502,29.2125],[95.5153,29.2094],[95.5214,29.1379],[95.5113,29.1318],[95.4876,29.069],[95.4298,29.0465],[95.3674,29.0365],[95.2249,29.0594],[95.1997,29.0942],[95.1169,29.1081],[95.0477,29.1408],[94.9891,29.154],[94.8541,29.17],[94.7766,29.1667],[94.7615,29.1747],[94.7677,29.2139],[94.7042,29.2847],[94.6304,29.3195],[94.5999,29.3166],[94.5148,29.2211],[94.3964,29.2071],[94.3729,29.1963],[94.3358,29.1496],[94.2875,29.1479],[94.2708,29.0979],[94.3473,29.0243],[94.2502,28.9331],[94.1737,28.9302],[94.1354,28.8978],[93.992,28.8446],[93.9931,28.8019],[93.9816,28.7681],[93.9278,28.6828],[93.8631,28.7049],[93.7817,28.6805],[93.7225,28.6966],[93.6649,28.6902],[93.6255,28.6724],[93.5517,28.6789],[93.4462,28.6719],[93.3172,28.6035],[93.287,28.5205],[93.1863,28.432],[93.2181,28.3946],[93.2078,28.3405],[92.9749,28.2823],[92.9038,28.2497],[92.8348,28.1835],[92.7902,28.1789],[92.7792,28.1959],[92.6786,28.1331],[92.6548,28.1058],[92.6389,28.0575],[92.6893,28.0483],[92.7364,27.9859],[92.6837,27.9105],[92.6365,27.8954],[92.575,27.8478],[92.5182,27.8395],[92.4751,27.8466],[92.4276,27.8212],[92.4044,27.8538],[92.3928,27.856],[92.3679,27.8038],[92.3501,27.8025],[92.3292,27.8329],[92.3039,27.7862],[92.2888,27.7931],[92.2492,27.8626],[92.2396,27.8653],[92.1263,27.8127],[92.1062,27.7861],[92.0649,27.7617],[91.9889,27.7694],[91.9522,27.7248],[91.8649,27.73],[91.8564,27.7645],[91.8266,27.8076],[91.7299,27.8041],[91.6801,27.8498],[91.6283,27.8527],[91.6528,27.9167],[91.638,27.9397],[91.6006,27.9593],[91.4188,27.9947],[91.3414,28.0306],[91.3096,28.0564],[91.2902,28.0914],[91.2697,28.0729],[91.1947,28.0706],[91.0926,27.9717],[91.0519,27.9628],[91.0088,27.9668],[90.9751,27.9821],[90.9095,28.0327],[90.7269,28.0617],[90.6675,28.0903],[90.5753,28.0658],[90.4752,28.0723],[90.4857,28.1247],[90.5153,28.1543],[90.5482,28.1576],[90.568,28.1905],[90.5976,28.2004],[90.5877,28.2333],[90.5054,28.2498],[90.456,28.2827],[90.4165,28.2827],[90.3869,28.2991],[90.354,28.2991],[90.3295,28.2558],[90.2915,28.2614],[90.2618,28.2991],[90.2618,28.3354],[90.2256,28.3584],[90.1993,28.3485],[90.1762,28.3255],[90.1532,28.3222],[90.0709,28.3452],[89.9525,28.3082],[89.9161,28.3156],[89.8629,28.2958],[89.8297,28.2592],[89.7809,28.2288],[89.7558,28.1844],[89.5615,28.1346],[89.515,28.0819],[89.4753,28.0613],[89.4445,28.0312],[89.336,27.8691],[89.2249,27.8078],[89.1982,27.7306],[89.1247,27.6149],[89.0915,27.6259],[89.064,27.6159],[88.9784,27.5303],[88.973,27.5177],[88.983,27.4926],[88.9662,27.478],[88.9511,27.4331],[88.997,27.3309],[88.9719,27.3124],[88.9508,27.3282],[88.9152,27.3309],[88.8923,27.3155],[88.7954,27.3859],[88.7598,27.4351],[88.7576,27.5114],[88.741,27.5457],[88.8057,27.6551],[88.8539,27.8437],[88.8516,27.8772],[88.8107,27.9279],[88.8177,27.9949],[88.7356,28.0553],[88.652,28.0694],[88.6105,28.1058],[88.594,28.1066],[88.5528,28.0781],[88.5021,28.0289],[88.4558,28.0315],[88.3788,27.9826],[88.163,27.9469],[88.1157,27.9473],[88.0999,27.9283],[88.0975,27.904],[88.1182,27.8609],[88.03,27.8933],[87.9784,27.8805],[87.8367,27.9083],[87.8259,27.9066],[87.7798,27.8394],[87.7268,27.8078],[87.7005,27.8056],[87.6361,27.8237],[87.5733,27.805],[87.5513,27.8319],[87.5316,27.8368],[87.3691,27.8039],[87.3853,27.8494],[87.3638,27.8553],[87.2905,27.8161],[87.2329,27.8297],[87.1558,27.8258],[87.1165,27.8446],[87.062,27.9084],[87.0057,27.9515],[86.9147,27.9451],[86.8931,27.9542],[86.8682,27.9949],[86.8405,28.0148],[86.77,28.0121],[86.7398,28.0215],[86.7317,28.0769],[86.6801,28.1057],[86.662,28.1068],[86.6123,28.0803],[86.5695,28.1066],[86.5536,28.1042],[86.5384,28.0472],[86.5162,28.0122],[86.5105,27.9524],[86.4969,27.9379],[86.4253,27.9099],[86.363,27.9461],[86.3277,27.9397],[86.2781,27.9837],[86.203,28.0026],[86.1722,28.0718],[86.1872,28.1087],[86.186,28.1335],[86.176,28.153],[86.156,28.1565],[86.0687,28.0768],[86.0847,28.0439],[86.0792,28.0011],[86.0981,27.9856],[86.0956,27.9579],[86.1129,27.9268],[86.0617,27.889],[85.9803,27.8852],[85.9627,27.8914],[85.9512,27.9162],[85.9566,27.9762],[85.8983,28.036],[85.8891,28.0903],[85.8717,28.1109],[85.8634,28.1433],[85.7345,28.2215],[85.6998,28.2691],[85.6929,28.3352],[85.6791,28.3329],[85.6751,28.3064],[85.6391,28.2879],[85.6118,28.2511],[85.5653,28.2754],[85.4757,28.2791],[85.4316,28.2971],[85.4152,28.2964],[85.3626,28.2597],[85.3126,28.2828],[85.2434,28.2679],[85.2057,28.2783],[85.1736,28.3043],[85.1342,28.292],[85.0874,28.3041],[85.0776,28.4357],[85.1095,28.4593],[85.1232,28.5046],[85.1537,28.5249],[85.168,28.5832],[85.161,28.595],[85.0549,28.6387],[85.0253,28.6284],[85.0025,28.5944],[84.9549,28.5743],[84.9285,28.5385],[84.812,28.542],[84.7556,28.5854],[84.6778,28.6044],[84.683,28.6508],[84.6326,28.6688],[84.6162,28.6937],[84.4508,28.7339],[84.4227,28.7992],[84.3766,28.8488],[84.286,28.8737],[84.2351,28.9],[84.2067,28.9407],[84.2314,29.026],[84.1755,29.0574],[84.1662,29.0985],[84.138,29.1247],[84.1323,29.1438],[84.1617,29.1925],[84.1555,29.2066],[84.1124,29.2091],[84.0897,29.2566],[84.0352,29.2476],[84.0125,29.2702],[83.9758,29.2637],[83.958,29.289],[83.9144,29.2894],[83.7932,29.2348],[83.6955,29.2262],[83.6751,29.2088],[83.656,29.1608],[83.6393,29.1548],[83.5838,29.1621],[83.5237,29.1836],[83.503,29.261],[83.4934,29.2761],[83.4372,29.3052],[83.4282,29.3335],[83.3931,29.3562],[83.3872,29.3935],[83.357,29.4154],[83.3552,29.4607],[83.328,29.485],[83.2639,29.473],[83.2472,29.4947],[83.2633,29.5271],[83.2608,29.542],[83.2293,29.5759],[83.1972,29.5891],[83.1736,29.6213],[83.0934,29.6151],[83.0796,29.5796],[83.0649,29.5788],[83.0329,29.6205],[82.9759,29.664],[82.9319,29.6642],[82.8997,29.6884],[82.8366,29.6598],[82.8155,29.6901],[82.7811,29.7051],[82.7515,29.7393],[82.691,29.7807],[82.6818,29.7977],[82.689,29.8277],[82.667,29.835],[82.6359,29.829],[82.6185,29.8398],[82.5418,29.9232],[82.4571,29.9541],[82.3944,30.0031],[82.3473,30.0034],[82.3189,30.0318],[82.2557,30.0397],[82.2107,30.0644],[82.1538,30.0582],[82.1276,30.1244],[82.1557,30.1814],[82.0959,30.2135],[82.085,30.2308],[82.0888,30.3301],[82.0499,30.3392],[81.969,30.3283],[81.9412,30.354],[81.8872,30.355],[81.8444,30.3712],[81.779,30.358],[81.614,30.4169],[81.5916,30.4143],[81.5767,30.391],[81.5368,30.3786],[81.5207,30.3319],[81.5094,30.3284],[81.4628,30.3414],[81.4261,30.3725],[81.3875,30.3739],[81.3873,30.3451],[81.368,30.301],[81.3779,30.2326],[81.3501,30.1572],[81.3224,30.1338],[81.267,30.1251],[81.272,30.0799],[81.2257,30.0505],[81.2273,30.0225],[81.2168,30.0082],[81.1945,30.0045],[81.1481,30.0232],[81.0978,30.0169],[81.0848,30.0262],[81.0742,30.0719],[81.0309,30.1527],[80.996,30.197],[81.0033,30.2127],[80.976,30.2552],[80.7817,30.321],[80.7231,30.392],[80.5964,30.4598],[80.5083,30.4623],[80.3259,30.5465],[80.2528,30.565],[80.1798,30.5595],[80.2033,30.6063],[80.1999,30.6259],[80.1669,30.6619],[80.1666,30.6744],[80.207,30.6861],[80.2314,30.7249],[80.1961,30.7481],[80.1571,30.7932],[80.0922,30.7745],[80.0625,30.7848],[80.0286,30.8308],[79.9032,30.8902],[79.8504,30.9545],[79.8335,30.9615],[79.739,30.9792],[79.6303,30.9625],[79.5778,30.9384],[79.5127,30.9662],[79.4764,31.014],[79.4016,31.0236],[79.367,31.1116],[79.3194,31.1423],[79.3022,31.1635],[79.2883,31.2255],[79.2783,31.24],[79.2529,31.2454],[79.2484,31.2567],[79.262,31.2785],[79.2392,31.3117],[79.2383,31.3297],[79.2076,31.3514],[79.1792,31.3938],[79.1314,31.4384],[79.0702,31.4614],[78.9888,31.3433],[78.9596,31.3251],[78.921,31.2697],[78.862,31.2915],[78.7845,31.2883],[78.7451,31.3081],[78.7385,31.335],[78.7626,31.4451],[78.6954,31.4881],[78.6995,31.51],[78.797,31.5788],[78.8189,31.6074],[78.7581,31.6666],[78.724,31.6733],[78.6932,31.7185],[78.6956,31.7467],[78.6709,31.7705],[78.7003,31.8217],[78.7446,31.9642],[78.7222,31.9946],[78.6493,32.0364],[78.5131,32.2076],[78.458,32.2297],[78.4627,32.2818],[78.4345,32.3838],[78.4522,32.4168],[78.381,32.528],[78.3848,32.5475],[78.4475,32.5663],[78.6302,32.578],[78.6945,32.6297],[78.7133,32.6375],[78.7368,32.6298],[78.751,32.6128],[78.7369,32.5458],[78.7715,32.4617],[78.9113,32.3547],[78.9434,32.3464],[79.0282,32.3771],[79.0753,32.3708],[79.0917,32.3906],[79.1129,32.4724],[79.1912,32.5043],[79.2356,32.5043],[79.2874,32.5326],[79.3205,32.5923],[79.3795,32.5765],[79.4068,32.5297],[79.4435,32.5348],[79.5157,32.6081],[79.5312,32.6483],[79.5762,32.6706],[79.6207,32.7287],[79.6139,32.765],[79.5641,32.7939],[79.4141,32.9721],[79.3336,32.9943],[79.3398,33.0133],[79.3993,33.0269],[79.3811,33.0618],[79.3732,33.1121],[79.4235,33.1578],[79.4561,33.2504],[79.4201,33.2752],[79.3403,33.2751],[79.2601,33.2918],[79.098,33.2877],[78.9177,33.3863]]],[[[111.0105,19.6838],[110.8765,19.5398],[110.7944,19.6013],[110.7962,19.4846],[110.5803,19.1552],[110.4792,19.1693],[110.4315,18.8215],[110.4928,18.7931],[110.5034,18.8819],[110.5344,18.7856],[110.0342,18.5119],[110.0403,18.3823],[109.9686,18.3898],[110.0205,18.4505],[109.7461,18.3959],[109.7318,18.273],[109.6704,18.273],[109.7393,18.2587],[109.7088,18.2072],[109.5612,18.1693],[109.5612,18.2587],[109.4787,18.1927],[109.44,18.289],[109.1626,18.2878],[109.136,18.3612],[108.6849,18.5152],[108.627,19.275],[109.0085,19.5971],[109.3074,19.7111],[109.2732,19.7936],[109.1633,19.7248],[109.2551,19.8983],[109.5817,19.8557],[109.527,19.9514],[109.719,20.0106],[109.8355,19.9309],[109.9426,19.9909],[109.9901,19.906],[110.157,20.0674],[110.3447,20.0581],[110.4177,19.9234],[110.383,20.081],[110.6058,19.9232],[110.5662,20.0695],[110.6779,20.1636],[110.7883,20.0104],[110.9346,19.9951],[111.0105,19.6838]]],[[[111.9627,21.6576],[111.9998,21.6212],[111.8093,21.5655],[111.8353,21.6439],[111.9627,21.6576]]],[[[112.6454,21.7128],[112.6504,21.6404],[112.5254,21.5989],[112.6454,21.7128]]],[[[112.844,21.7743],[112.7649,21.5819],[112.7744,21.6917],[112.7117,21.7025],[112.844,21.7743]]],[[[117.0715,23.4731],[117.1288,23.3994],[116.943,23.4301],[117.0715,23.4731]]],[[[117.4689,23.7531],[117.5267,23.7401],[117.4316,23.5826],[117.3205,23.574],[117.3727,23.7667],[117.4689,23.7531]]],[[[121.2555,28.14],[121.2791,28.0854],[121.1516,28.0412],[121.1204,28.1357],[121.2306,28.2197],[121.2555,28.14]]],[[[122.2388,30.3131],[122.2023,30.2419],[122.0736,30.2914],[122.2388,30.3131]]],[[[119.8807,32.1252],[119.9019,32.0734],[119.792,32.1218],[119.8193,32.2038],[119.7162,32.2726],[119.8143,32.2756],[119.8807,32.1252]]],[[[121.4225,39.4745],[121.4217,39.3737],[121.3369,39.3774],[121.4225,39.4745]]],[[[110.5475,21.0373],[110.5169,20.9376],[110.4414,21.0058],[110.2459,20.986],[110.2874,21.0744],[110.5475,21.0373]]],[[[110.617,21.1915],[110.5432,21.105],[110.4177,21.1785],[110.617,21.1915]]],[[[118.0925,24.5562],[118.1814,24.5351],[118.1365,24.4293],[118.0925,24.5562]]],[[[119.8465,25.5363],[119.7573,25.4049],[119.6685,25.4879],[119.7783,25.522],[119.6927,25.5942],[119.7635,25.6595],[119.8465,25.5363]]],[[[121.9575,29.1195],[121.8887,29.0723],[121.8682,29.1474],[121.9575,29.1195]]],[[[122.1432,29.7334],[122.1629,29.6545],[122.0329,29.7309],[122.1074,29.7896],[122.1432,29.7334]]],[[[122.3275,30.0245],[122.2936,29.9338],[122.0191,29.9972],[121.9631,30.1424],[122.3275,30.0245]]],[[[121.8441,31.6079],[121.9866,31.5039],[121.8173,31.4467],[121.1763,31.7843],[121.3861,31.8117],[121.8441,31.6079]]],[[[113.5468,22.7419],[113.6418,22.6016],[113.4765,22.7195],[113.5468,22.7419]]],[[[118.6327,39.0746],[118.6487,39.0447],[118.5943,38.9722],[118.5143,38.9194],[118.4803,38.9348],[118.4785,39.0429],[118.5597,39.0031],[118.6327,39.0746]]],[[[111.6803,16.5782],[111.6789,16.5811],[111.6817,16.5802],[111.6803,16.5782]]]]},"properties":{"registry":"CBDMN","label":"Chinese Birth Defects Monitoring Network","country":"China","status":"hospital","area":"A sample of reporting hospitals: 1.3 million births in 2009, over 8% of the national total","website":"https://doi.org/10.1007/s12519-011-0326-0","source":"Dai L, Zhu J, Liang J, Wang YP, Wang H, Mao M. Birth defects surveillance in China. World J Pediatr 2011;7(4):302-310, doi:10.1007/s12519-011-0326-0"}},{"type":"Feature","geometry":{"type":"MultiPolygon","coordinates":[[[[129.7832,31.7996],[129.7293,31.6442],[129.6594,31.6419],[129.7832,31.7996]]],[[[131.6598,32.4768],[131.3382,31.3726],[131.0718,31.4496],[131.0136,31.3631],[131.1321,31.2795],[130.6577,31.0032],[130.7953,31.3444],[130.6956,31.5458],[130.5909,31.586],[130.7586,31.5638],[130.7764,31.7103],[130.6448,31.7147],[130.5291,31.5133],[130.5627,31.3344],[130.6603,31.2714],[130.5864,31.1554],[130.4511,31.2494],[130.2222,31.2463],[130.119,31.4086],[130.2283,31.3813],[130.3345,31.5624],[130.1714,31.7901],[130.2351,31.8195],[130.1799,32.0935],[130.3196,32.1182],[130.5125,32.3382],[130.6683,32.6487],[130.448,32.6214],[130.626,32.704],[130.6113,32.7855],[130.4413,32.9237],[130.4207,33.0876],[130.2414,33.1882],[130.1276,33.1209],[130.2223,32.9752],[130.1053,32.8759],[130.3394,32.8566],[130.3608,32.688],[130.166,32.593],[130.1281,32.6839],[130.2076,32.7522],[130.0938,32.7949],[129.7404,32.5684],[129.8591,32.7245],[129.6384,32.9265],[129.6816,33.0941],[129.8233,32.9795],[129.7944,32.8749],[130.0031,32.8454],[129.9456,33.0158],[129.7465,33.0656],[129.7098,33.1626],[129.6665,33.1013],[129.5521,33.2258],[129.5804,33.371],[129.6732,33.3985],[129.8516,33.28],[129.8687,33.3974],[129.7873,33.4545],[129.8713,33.4429],[129.8532,33.5525],[130.0169,33.4458],[130.168,33.5341],[130.093,33.5734],[130.208,33.6651],[130.2903,33.5742],[130.3909,33.6049],[130.3987,33.6691],[130.2893,33.6815],[130.4446,33.7182],[130.4889,33.8554],[130.756,33.9437],[130.9136,33.8912],[131.0071,33.9661],[130.9617,33.8162],[131.103,33.6243],[131.3676,33.5748],[131.521,33.6764],[131.6674,33.6672],[131.7373,33.4846],[131.5962,33.3494],[131.506,33.3631],[131.5104,33.2734],[131.9026,33.266],[131.8096,33.1276],[131.9961,33.0917],[131.9032,32.9831],[132.0812,32.9432],[131.7047,32.5816],[131.7365,32.4917],[131.6598,32.4768]]],[[[134.6898,33.8281],[134.3123,33.5725],[134.1765,33.2361],[133.9252,33.4937],[133.7394,33.5375],[133.2922,33.3647],[133.2254,33.1591],[133.0017,32.987],[133.0022,32.7117],[132.9151,32.778],[132.6277,32.7521],[132.7092,32.9094],[132.5042,32.8917],[132.4715,33.0407],[132.3824,33.0198],[132.4901,33.1328],[132.3947,33.2039],[132.5484,33.2269],[132.5256,33.3147],[132.3787,33.3195],[132.4212,33.4445],[132.0105,33.349],[132.6766,33.7156],[132.7124,33.9045],[132.9191,34.0684],[132.8975,34.1227],[133.127,33.9333],[133.511,33.9652],[133.6413,34.0792],[133.5584,34.2595],[133.7014,34.2313],[133.937,34.3751],[134.1436,34.3918],[134.4398,34.2083],[134.6469,34.2393],[134.5946,34.0298],[134.696,33.9519],[134.6898,33.8281]]],[[[133.0742,36.1279],[133.0449,36.0551],[132.9494,36.062],[133.0742,36.1279]]],[[[133.4222,34.445],[133.2817,34.3215],[133.2473,34.4265],[133.1856,34.2805],[133.0764,34.2596],[133.1685,34.355],[133.0933,34.3898],[132.6563,34.1993],[132.5545,34.1924],[132.5176,34.353],[132.346,34.3488],[132.2225,34.239],[132.1616,33.8417],[132.0414,33.7763],[132.0995,33.8723],[131.7796,33.9697],[131.8228,34.0267],[131.7415,34.0562],[131.4412,33.9789],[131.3899,34.0397],[131.258,33.9248],[131.0356,34.048],[130.9158,33.914],[130.8716,34.2792],[131.0336,34.3818],[130.9478,34.4189],[131.1727,34.3677],[131.1713,34.4295],[131.2812,34.408],[131.209,34.3693],[131.4143,34.424],[131.5969,34.6596],[131.8584,34.7145],[132.6387,35.2946],[132.6354,35.441],[133.0913,35.6015],[133.3088,35.5772],[133.2647,35.4962],[133.4002,35.4543],[133.5802,35.5336],[134.2378,35.5467],[134.537,35.6722],[134.927,35.6412],[135.2268,35.7723],[135.3062,35.6715],[135.1883,35.5453],[135.2482,35.5917],[135.319,35.447],[135.4632,35.6033],[135.5296,35.4927],[135.8343,35.5344],[135.8117,35.6434],[135.9806,35.6305],[135.956,35.7283],[136.0197,35.7653],[136.0691,35.6619],[136.0995,35.7757],[135.9632,35.9999],[136.1242,36.2532],[136.3823,36.3911],[136.6897,36.7308],[136.7656,36.8895],[136.6703,37.15],[136.7491,37.3579],[137.341,37.5171],[137.2558,37.3153],[137.0142,37.1849],[136.9511,37.2345],[136.8609,37.0768],[137.0471,37.0988],[137.0055,36.8359],[137.3333,36.7627],[137.4476,36.9335],[138.2449,37.1838],[138.5506,37.3779],[138.8577,37.8278],[139.4081,38.1319],[139.4728,38.4125],[139.7738,38.8171],[140.0486,39.5047],[140.0276,39.8245],[139.9214,39.8985],[139.7601,39.8581],[139.701,39.9607],[139.8669,39.9843],[140.0112,40.2355],[140.0243,40.355],[139.8604,40.6088],[140.046,40.7678],[140.2708,40.8124],[140.3219,41.0274],[140.4078,41.0257],[140.2481,41.1234],[140.3423,41.2657],[140.4622,41.1839],[140.6327,41.1943],[140.7031,40.8533],[140.8521,40.8838],[140.8887,41.0108],[141.1263,40.8729],[141.2779,41.1553],[141.2059,41.2647],[140.7658,41.145],[140.9071,41.5385],[141.2761,41.3532],[141.4606,41.4302],[141.3863,41.0304],[141.4374,40.6701],[141.8304,40.2512],[141.8425,40.0704],[141.9496,39.9966],[142.0049,39.7727],[141.9605,39.6116],[142.0361,39.639],[142.0703,39.5502],[141.953,39.4608],[142.0584,39.4663],[141.9053,39.3305],[141.9837,39.3271],[141.8438,39.1523],[141.9133,39.0977],[141.8171,39.0909],[141.8474,39.022],[141.7277,39.0363],[141.7302,38.9512],[141.6384,38.9854],[141.6736,38.852],[141.5886,38.8822],[141.5217,38.7681],[141.5664,38.7036],[141.4631,38.6614],[141.5352,38.632],[141.4671,38.5695],[141.5476,38.5186],[141.4705,38.4295],[141.5491,38.3852],[141.5254,38.2678],[141.3045,38.4079],[141.1697,38.3228],[141.0794,38.3609],[140.9668,38.1705],[140.9198,37.9652],[141.0222,37.727],[141.0078,37.1339],[140.9603,36.9662],[140.7419,36.7685],[140.5641,36.2831],[140.646,36.0133],[140.8794,35.7205],[140.4835,35.566],[140.3776,35.1764],[140.1346,35.1226],[139.9264,34.9074],[139.757,34.9563],[139.87,34.9993],[139.8663,35.2462],[139.781,35.3181],[140.102,35.5671],[139.9836,35.6686],[139.7891,35.6032],[139.7653,35.6535],[139.7881,35.5133],[139.6423,35.4543],[139.6484,35.2979],[139.7455,35.249],[139.6851,35.1404],[139.6163,35.134],[139.5442,35.3079],[139.1835,35.2633],[139.0767,35.0751],[139.1409,34.8706],[138.9937,34.6498],[138.8353,34.5959],[138.7466,34.6915],[138.7619,34.9799],[138.9076,35.0307],[138.8033,35.1219],[138.5541,35.0961],[138.216,34.7123],[138.2333,34.5946],[137.547,34.6773],[137.0161,34.5788],[137.0728,34.6646],[137.3408,34.7265],[137.28,34.8081],[137.0182,34.7833],[136.9789,34.9242],[136.9156,34.776],[136.9715,34.6964],[136.856,34.7398],[136.8235,34.9549],[136.8857,35.0892],[136.8301,35.0788],[136.6592,34.984],[136.5195,34.6809],[136.551,34.602],[136.916,34.434],[136.8957,34.2669],[136.7068,34.3343],[136.3367,34.184],[136.2185,34.0751],[136.2732,33.9714],[136.1047,33.8914],[135.9599,33.5931],[135.76,33.4333],[135.4448,33.5508],[135.3277,33.6712],[135.3916,33.7136],[135.0589,33.88],[135.1616,34.025],[135.1228,34.1371],[135.19,34.1496],[135.061,34.2673],[135.3726,34.4845],[135.4129,34.6921],[135.0458,34.625],[134.7444,34.7665],[134.4912,34.7871],[134.354,34.7051],[134.2088,34.728],[134.2788,34.6982],[134.148,34.597],[133.9367,34.5872],[134.0462,34.5815],[133.9363,34.4512],[133.7944,34.4429],[133.7234,34.5276],[133.4222,34.445]]],[[[145.7674,43.3873],[145.8185,43.3644],[145.6292,43.3098],[145.5306,43.1688],[145.1384,43.1282],[145.1682,43.0794],[145.0031,43.0446],[145.0143,42.9895],[144.7987,43.0467],[144.742,42.9242],[144.323,43.0026],[143.8864,42.8442],[143.349,42.3192],[143.2415,41.928],[141.8171,42.5996],[141.4277,42.5644],[140.9773,42.2996],[140.7337,42.5642],[140.5007,42.5792],[140.3254,42.4328],[140.2918,42.2596],[140.5488,42.1055],[140.7136,42.1335],[141.2,41.7995],[141.0064,41.7121],[140.708,41.7456],[140.6604,41.8271],[140.4529,41.6811],[140.4324,41.5308],[140.209,41.4011],[140.0383,41.4426],[139.9798,41.5817],[140.145,41.9827],[139.7676,42.311],[139.877,42.6634],[140.2004,42.8143],[140.2815,42.7573],[140.5212,42.9963],[140.3381,43.2105],[140.3601,43.3252],[140.4872,43.3724],[140.7962,43.1955],[141.0112,43.229],[141.1691,43.1409],[141.4233,43.3179],[141.3374,43.7128],[141.6406,43.9379],[141.6554,44.2769],[141.7961,44.6418],[141.5838,45.2512],[141.648,45.4372],[141.8233,45.4226],[141.9194,45.5159],[142.9815,44.5865],[143.4053,44.3175],[143.7766,44.1893],[143.6804,44.1824],[143.7283,44.1135],[144.1193,44.1291],[144.1528,44.0198],[144.2429,44.1192],[144.3794,43.9565],[144.7405,43.9146],[145.3415,44.3455],[145.3718,44.2488],[145.0715,43.7746],[145.3936,43.3054],[145.2583,43.3271],[145.5171,43.229],[145.5823,43.3358],[145.7674,43.3873]]],[[[123.8147,24.3917],[123.9344,24.3675],[123.8731,24.2582],[123.6682,24.2966],[123.8147,24.3917]]],[[[124.3291,24.5836],[124.2419,24.3637],[124.1403,24.342],[124.0784,24.4355],[124.2119,24.447],[124.3291,24.5836]]],[[[125.3872,24.7822],[125.444,24.7372],[125.2588,24.7334],[125.2603,24.8852],[125.3872,24.7822]]],[[[126.8101,26.3519],[126.7889,26.3035],[126.6978,26.369],[126.8101,26.3519]]],[[[128.3377,26.7969],[128.1384,26.554],[127.8517,26.4412],[127.9199,26.3096],[127.8283,26.3162],[127.7969,26.1397],[127.6517,26.0844],[127.7225,26.4299],[127.9602,26.5641],[127.8783,26.6945],[128.0574,26.6448],[128.2551,26.8863],[128.3377,26.7969]]],[[[128.9888,27.8111],[129.0243,27.7566],[128.9295,27.6867],[128.8945,27.8913],[128.9888,27.8111]]],[[[129.2966,28.1196],[129.2214,28.0991],[129.1808,28.1903],[129.2966,28.1196]]],[[[130.0303,28.3735],[129.9955,28.2909],[129.9136,28.2971],[130.0303,28.3735]]],[[[129.7075,28.4621],[129.4474,28.2909],[129.376,28.1196],[129.1458,28.2499],[129.7075,28.4621]]],[[[129.8936,29.8747],[129.9204,29.8196],[129.8402,29.8497],[129.8936,29.8747]]],[[[130.6746,30.3746],[130.6038,30.2525],[130.486,30.2258],[130.3762,30.3944],[130.499,30.468],[130.6746,30.3746]]],[[[131.052,30.8402],[131.0576,30.6113],[130.9622,30.3728],[130.8704,30.3439],[130.8515,30.4701],[131.052,30.8402]]],[[[130.41,32.5116],[130.4685,32.5116],[130.3623,32.375],[130.2131,32.4365],[130.41,32.5116]]],[[[130.1605,32.5463],[130.2034,32.3389],[129.9955,32.1907],[129.9613,32.2521],[130.0643,32.3068],[129.9797,32.333],[130.0029,32.5334],[130.1605,32.5463]]],[[[128.8784,32.6739],[128.7731,32.5717],[128.6004,32.6142],[128.6608,32.7828],[128.8085,32.7999],[128.8784,32.6739]]],[[[139.791,33.1353],[139.8775,33.0876],[139.8358,33.0398],[139.791,33.1353]]],[[[129.098,32.9883],[129.1828,32.9847],[129.065,32.8178],[128.9794,32.9476],[129.084,33.0234],[129.1082,33.1667],[129.098,32.9883]]],[[[129.5557,33.4108],[129.4931,33.2452],[129.3425,33.1796],[129.5557,33.4108]]],[[[129.7764,33.7734],[129.721,33.6977],[129.6571,33.7426],[129.6886,33.8711],[129.7764,33.7734]]],[[[132.2362,33.869],[132.2261,33.9527],[132.3262,33.8963],[132.4695,33.9379],[132.374,33.8417],[132.2362,33.869]]],[[[132.5552,34.0714],[132.4553,34.0881],[132.5193,34.1744],[132.5552,34.0714]]],[[[129.3125,34.2798],[129.2766,34.1291],[129.1716,34.1068],[129.2074,34.3293],[129.3125,34.2798]]],[[[135.0027,34.6084],[134.8958,34.3727],[134.9583,34.2704],[134.7287,34.1909],[134.6572,34.2882],[135.0027,34.6084]]],[[[129.4526,34.6195],[129.3618,34.4055],[129.4008,34.3379],[129.2289,34.3556],[129.3233,34.6481],[129.4646,34.7008],[129.4526,34.6195]]],[[[139.4182,34.7808],[139.4538,34.6789],[139.3594,34.7023],[139.4182,34.7808]]],[[[133.367,36.2742],[133.326,36.1581],[133.1878,36.2161],[133.292,36.3425],[133.367,36.2742]]],[[[138.4592,38.0699],[138.5752,38.0743],[138.5005,37.9067],[138.2227,37.8022],[138.3425,37.9669],[138.2327,38.0078],[138.3101,38.1681],[138.52,38.3185],[138.4592,38.0699]]],[[[139.5485,42.2434],[139.4456,42.0548],[139.4143,42.1725],[139.5485,42.2434]]],[[[145.3115,43.5933],[145.3628,43.5549],[145.2835,43.5179],[145.332,43.5654],[145.2024,43.6138],[145.3115,43.5933]]],[[[144.4483,43.9422],[144.4551,43.9422],[144.449,43.942],[144.4483,43.9422]]],[[[141.3272,45.1723],[141.2512,45.0992],[141.1318,45.2103],[141.3272,45.1723]]],[[[141.0527,45.4504],[141.0357,45.2649],[140.9668,45.4634],[141.0527,45.4504]]],[[[130.2201,30.4716],[130.2125,30.4207],[130.1418,30.4893],[130.2201,30.4716]]],[[[134.3674,34.5543],[134.3469,34.4308],[134.1614,34.4792],[134.3674,34.5543]]],[[[140.0413,31.4442],[140.0414,31.4465],[140.0431,31.4446],[140.0415,31.4431],[140.0413,31.4442]]],[[[139.2991,33.6501],[139.2962,33.6511],[139.2991,33.6507],[139.2991,33.6501]]],[[[128.9531,32.8742],[128.9451,32.8043],[128.8807,32.8626],[128.9531,32.8742]]]]},"properties":{"registry":"Japan: JAOG","label":"JAOG Birth Defects Monitoring Program, Japan","country":"Japan","status":"hospital","area":"270 reporting hospitals: about 100,000 births a year, some 9 per cent of the national total","website":"https://www.jaog.or.jp/","source":"ICBDSR Annual Report 2014, programme description and 2012 data tables for Japan: JAOG; still described as the only national survey of congenital anomalies in Japan by Sugo Y, Kurasawa K, Saigusa Y, Hamanoue H, Hirahara F, Miyagi E. Changes in the number of babies born with Down syndrome in Japan. J Obstet Gynaecol Res 2022;48(9):2385-2391, doi:10.1111/jog.15342"}},{"type":"Feature","geometry":{"type":"MultiPolygon","coordinates":[[[[-57.6028,-30.1905],[-57.3252,-29.981],[-57.2915,-29.8151],[-57.1129,-29.766],[-56.819,-29.475],[-56.6173,-29.1609],[-56.428,-29.0699],[-56.2861,-28.7802],[-55.902,-28.4651],[-55.9056,-28.378],[-55.6942,-28.4001],[-55.6636,-28.3265],[-55.7725,-28.232],[-55.4407,-28.0789],[-55.3141,-27.915],[-55.0296,-27.8507],[-55.0812,-27.7783],[-54.9132,-27.7369],[-54.805,-27.5264],[-54.2869,-27.4284],[-54.177,-27.2434],[-54.0918,-27.2852],[-53.9641,-27.154],[-53.83,-27.1568],[-53.7125,-26.9045],[-53.7743,-26.7143],[-53.6616,-26.2598],[-53.8334,-25.9622],[-53.91,-25.6292],[-54.0989,-25.5972],[-54.1164,-25.4946],[-54.2148,-25.5315],[-54.1903,-25.5808],[-54.3954,-25.5811],[-54.4473,-25.6892],[-54.6002,-25.5749],[-54.598,-25.3975],[-54.4266,-25.1495],[-54.4623,-25.0372],[-54.2622,-24.3585],[-54.3346,-24.1489],[-54.2453,-24.0506],[-54.6392,-23.8044],[-55.1654,-24.0168],[-55.4207,-23.9545],[-55.6378,-23.0007],[-55.6237,-22.6387],[-55.861,-22.2895],[-56.2143,-22.2754],[-56.4076,-22.0758],[-56.5113,-22.0914],[-56.6488,-22.2635],[-56.7154,-22.2154],[-56.8561,-22.2932],[-57.9862,-22.0745],[-57.8176,-20.9536],[-57.9148,-20.9056],[-57.8596,-20.8316],[-57.9404,-20.7936],[-57.8602,-20.7303],[-57.9806,-20.6927],[-57.9894,-20.4331],[-58.1588,-20.1651],[-57.8597,-19.9801],[-58.1246,-19.7299],[-57.789,-19.0592],[-57.7158,-19.0446],[-57.7823,-18.9104],[-57.5667,-18.2561],[-57.4657,-18.2177],[-57.7301,-17.8461],[-57.8007,-17.5335],[-58.0102,-17.4968],[-58.3991,-17.2374],[-58.4803,-16.6837],[-58.3427,-16.4732],[-58.3396,-16.2893],[-60.1607,-16.2648],[-60.2464,-15.4783],[-60.5822,-15.0989],[-60.2698,-15.0834],[-60.2917,-14.6301],[-60.4643,-14.2784],[-60.3872,-13.9833],[-60.4726,-13.7979],[-61.0472,-13.4646],[-61.8364,-13.5406],[-62.1094,-13.249],[-62.1147,-13.1502],[-62.4241,-13.1265],[-62.6866,-12.965],[-62.7898,-13.0007],[-62.988,-12.8439],[-63.075,-12.6527],[-63.3179,-12.702],[-63.4858,-12.5575],[-63.8014,-12.4549],[-63.9212,-12.5443],[-64.2875,-12.4971],[-64.4898,-12.3736],[-64.4894,-12.2395],[-64.6899,-12.1044],[-64.7395,-12.1446],[-64.7925,-12.0325],[-64.9974,-11.9963],[-65.0656,-11.7531],[-65.1134,-11.6906],[-65.1515,-11.7731],[-65.1962,-11.7418],[-65.1674,-11.6155],[-65.3195,-11.4764],[-65.3873,-11.2776],[-65.2996,-10.9697],[-65.4047,-10.7992],[-65.45,-10.4681],[-65.2848,-10.2068],[-65.2991,-9.8413],[-65.398,-9.6867],[-65.584,-9.8372],[-65.7886,-9.733],[-66.6426,-9.9079],[-67.0643,-10.2569],[-67.3235,-10.3189],[-67.5846,-10.5018],[-67.7217,-10.7055],[-68.0438,-10.6669],[-68.2933,-10.979],[-68.6157,-11.1125],[-68.7759,-11.1406],[-68.8047,-10.9947],[-69.3959,-10.935],[-69.9561,-10.9193],[-70.2894,-11.0648],[-70.5341,-10.9381],[-70.6413,-11.0108],[-70.6384,-9.8518],[-70.5419,-9.7082],[-70.6244,-9.5658],[-70.525,-9.4309],[-71.2997,-9.9934],[-72.1957,-10.0056],[-72.1629,-9.8772],[-72.3127,-9.5325],[-72.8133,-9.4109],[-73.215,-9.409],[-72.972,-9.1344],[-72.9761,-8.9854],[-73.3506,-8.5983],[-73.3564,-8.4798],[-73.5408,-8.3591],[-73.668,-8.0138],[-73.7849,-7.9404],[-73.7122,-7.7882],[-74.0185,-7.5435],[-73.9443,-7.4487],[-73.9829,-7.3564],[-73.7131,-7.3047],[-73.8123,-7.1029],[-73.7594,-6.8874],[-73.1478,-6.4762],[-73.2348,-6.0776],[-72.9769,-5.6517],[-72.9179,-5.1321],[-72.6448,-5.0606],[-72.3861,-4.794],[-71.9072,-4.5184],[-71.3633,-4.4592],[-71.2648,-4.3755],[-70.9687,-4.3853],[-70.8322,-4.1794],[-70.6468,-4.1157],[-70.5853,-4.1945],[-70.3306,-4.1432],[-70.2056,-4.3429],[-70.1389,-4.2605],[-70.037,-4.3409],[-69.9718,-4.291],[-69.3995,-1.1827],[-69.6284,-0.7334],[-69.6198,-0.5246],[-70.068,-0.1601],[-70.0542,0.5881],[-69.4781,0.7328],[-69.2971,0.6181],[-69.1375,0.6501],[-69.1524,0.8678],[-69.2888,1.0384],[-69.8522,1.0594],[-69.8562,1.7077],[-69.542,1.7727],[-68.1633,1.7213],[-68.2802,1.8294],[-68.1922,2.0149],[-67.9288,1.7413],[-67.4246,2.1381],[-67.1172,1.7098],[-67.0861,1.176],[-66.8751,1.2225],[-66.2851,0.7458],[-66.1344,0.7311],[-65.7454,0.9742],[-65.596,0.9836],[-65.517,0.8628],[-65.5852,0.6915],[-65.4978,0.6587],[-65.3272,0.9103],[-65.203,0.9238],[-65.1368,1.1269],[-64.8393,1.2708],[-64.7309,1.2476],[-64.409,1.5075],[-64.3529,1.3658],[-64.093,1.6226],[-64.0366,1.9273],[-63.4118,2.1494],[-63.3726,2.2668],[-63.3848,2.4206],[-64.048,2.4713],[-63.9976,2.7149],[-64.2229,3.124],[-64.203,3.5947],[-64.6429,3.973],[-64.813,4.2106],[-64.7916,4.2844],[-64.5897,4.1189],[-64.1467,4.1106],[-64.0377,3.8825],[-63.6716,3.9462],[-63.5107,3.8545],[-63.3517,3.9587],[-62.8894,3.5608],[-62.7496,3.6604],[-62.7662,4.0207],[-62.561,4.0378],[-62.4281,4.1832],[-62.1536,4.0903],[-61.8881,4.1502],[-61.7564,4.2464],[-61.5522,4.255],[-61.5019,4.4019],[-61.2931,4.4481],[-61.3156,4.5208],[-60.9773,4.535],[-60.8958,4.7085],[-60.7182,4.7843],[-60.5919,4.9497],[-60.7399,5.2021],[-60.449,5.1742],[-60.2134,5.2672],[-59.9831,5.0859],[-60.0325,4.7254],[-60.16,4.5278],[-59.6867,4.3812],[-59.7385,4.2028],[-59.5277,3.9395],[-59.6862,3.6902],[-59.8629,3.5817],[-59.8218,3.3566],[-59.9937,2.8573],[-59.9134,2.3787],[-59.7417,2.2638],[-59.7588,1.8621],[-59.6465,1.84],[-59.6808,1.7574],[-59.5307,1.7031],[-59.2599,1.3874],[-58.9665,1.3102],[-58.834,1.1858],[-58.6977,1.2811],[-58.5189,1.2673],[-58.5137,1.4389],[-58.3205,1.6012],[-58.0272,1.5169],[-57.985,1.6577],[-57.5612,1.709],[-57.3194,1.9771],[-57.1045,2.0215],[-57.0112,1.9186],[-56.8065,1.8736],[-56.4818,1.9416],[-55.9538,1.8533],[-55.9183,2.0504],[-56.1468,2.2562],[-55.971,2.5303],[-55.7243,2.3969],[-55.3996,2.4302],[-55.3205,2.5183],[-54.9591,2.609],[-54.8803,2.4473],[-54.7032,2.4458],[-54.7041,2.3248],[-54.1349,2.1107],[-53.7648,2.3687],[-53.5318,2.247],[-53.3441,2.3496],[-53.2342,2.251],[-53.2685,2.1957],[-52.9597,2.1752],[-52.5904,2.5047],[-52.3553,3.1516],[-51.7832,3.9809],[-51.6317,4.0678],[-51.5853,4.2338],[-51.4368,3.9295],[-51.5467,4.255],[-51.5165,4.4411],[-51.1869,4.0788],[-51.1761,3.6483],[-51.0799,3.8823],[-51.0927,3.3763],[-51.0168,3.0356],[-50.6793,2.1717],[-50.7926,2.1618],[-50.7797,2.0709],[-50.6196,2.1052],[-50.4665,1.8154],[-50.1646,1.8156],[-49.9506,1.7213],[-49.883,1.3077],[-50.1497,1.2212],[-49.8876,1.1749],[-50.4534,0.664],[-50.7906,0.1695],[-50.9798,0.1204],[-51.0814,-0.0325],[-51.327,-0.0795],[-51.2512,-0.1274],[-51.4536,-0.4867],[-51.5802,-0.5252],[-51.5324,-0.5519],[-51.7137,-0.7932],[-51.7155,-1.0275],[-51.9294,-1.1783],[-51.9346,-1.3395],[-52.0658,-1.405],[-52.2381,-1.3464],[-52.7081,-1.6],[-52.2791,-1.5182],[-52.2602,-1.6952],[-52.204,-1.6902],[-51.2834,-1.2314],[-51.0034,-1.0138],[-50.9973,-0.9225],[-50.8396,-0.9128],[-50.8267,-1.0453],[-50.9564,-1.1285],[-50.8199,-1.2317],[-50.8192,-1.4363],[-50.6547,-1.738],[-50.7373,-1.738],[-50.7876,-1.8974],[-50.8798,-1.852],[-50.8442,-1.9553],[-50.6106,-1.8142],[-50.484,-1.9776],[-50.443,-1.936],[-50.4158,-2.0732],[-50.3125,-1.9088],[-49.9769,-1.8261],[-49.8693,-1.8888],[-49.8876,-2.0875],[-49.8125,-2.108],[-49.8466,-1.9018],[-49.6761,-1.9086],[-49.5928,-2.0117],[-49.6548,-1.8951],[-49.422,-1.779],[-49.3811,-1.9913],[-49.6637,-2.6777],[-49.5274,-2.6284],[-49.232,-1.9482],[-48.9656,-1.5997],[-48.8573,-1.5665],[-49.0333,-1.8466],[-48.6569,-1.3834],[-48.4283,-1.6623],[-48.4829,-1.5114],[-48.3253,-1.4705],[-48.4966,-1.4614],[-48.4828,-1.2813],[-48.4359,-1.2187],[-48.4254,-1.2973],[-48.3346,-1.3137],[-48.2229,-1.1135],[-48.2917,-1.0436],[-48.1875,-1.0187],[-48.154,-0.7818],[-48.0379,-0.6617],[-47.9621,-0.7818],[-47.8024,-0.6903],[-47.8091,-0.5652],[-47.7287,-0.7565],[-47.6106,-0.6939],[-47.5845,-0.5782],[-47.3931,-0.8126],[-47.4619,-0.5929],[-47.3998,-0.5929],[-47.4073,-0.6816],[-47.294,-0.5929],[-47.2558,-0.676],[-47.1981,-0.6515],[-47.236,-0.7164],[-47.1609,-0.6816],[-47.1398,-0.7989],[-47.0775,-0.6657],[-47.0572,-0.8671],[-46.9691,-0.6959],[-46.9474,-0.9013],[-46.8192,-0.7117],[-46.7829,-0.9013],[-46.7555,-0.8194],[-46.6887,-0.8258],[-46.6327,-0.8632],[-46.6559,-0.8018],[-46.5985,-0.8671],[-46.7494,-1.0187],[-46.4276,-0.8686],[-46.475,-1.0453],[-46.3649,-1.0084],[-46.3248,-1.1074],[-46.2969,-1.0317],[-46.2484,-1.0937],[-46.279,-0.9863],[-46.2003,-0.9076],[-46.2621,-1.1832],[-46.1392,-1.1135],[-46.1461,-1.1764],[-46.1017,-1.0733],[-46.0504,-1.2104],[-45.9795,-1.0551],[-45.9481,-1.2514],[-45.8675,-1.0635],[-45.8996,-1.2576],[-45.8382,-1.2029],[-45.8109,-1.3264],[-45.7216,-1.1349],[-45.6755,-1.3663],[-45.5439,-1.2703],[-45.5297,-1.4158],[-45.4157,-1.2877],[-45.5427,-1.491],[-45.4608,-1.5462],[-45.3262,-1.3129],[-45.2963,-1.4158],[-45.401,-1.5602],[-45.3236,-1.7448],[-45.1632,-1.4828],[-45.063,-1.4289],[-44.9674,-1.5462],[-45.022,-1.6008],[-44.9674,-1.594],[-44.868,-1.4213],[-44.9338,-1.6555],[-44.8302,-1.6349],[-44.837,-1.5661],[-44.7732,-1.7243],[-44.8219,-1.7592],[-44.7079,-1.7175],[-44.8104,-1.8132],[-44.598,-1.7448],[-44.6595,-1.8398],[-44.5302,-1.8338],[-44.5906,-1.9018],[-44.4881,-1.9875],[-44.6173,-2.039],[-44.4944,-2.0458],[-44.6936,-2.2656],[-44.824,-2.2792],[-44.6656,-2.2709],[-44.7209,-2.4021],[-44.664,-2.3567],[-44.6527,-2.4295],[-44.6316,-2.2717],[-44.4617,-2.1446],[-44.3636,-2.3339],[-44.3954,-2.4021],[-44.5514,-2.391],[-44.5216,-2.5001],[-44.656,-2.5932],[-44.5404,-2.5383],[-44.6861,-2.9167],[-44.6222,-3.051],[-44.796,-3.3002],[-44.433,-2.9503],[-44.3681,-2.5496],[-44.2889,-2.5803],[-44.2926,-2.4811],[-44.0344,-2.4152],[-44.1372,-2.6702],[-44.3485,-2.8102],[-44.1865,-2.759],[-44.2002,-2.8689],[-44.106,-2.7496],[-44.0681,-2.7952],[-43.9232,-2.5468],[-43.878,-2.6349],[-43.7241,-2.4772],[-43.7211,-2.5603],[-43.6446,-2.4772],[-43.5422,-2.5251],[-43.5373,-2.436],[-43.4529,-2.5529],[-43.4119,-2.4567],[-43.4871,-2.3953],[-43.4263,-2.3378],[-42.7,-2.5636],[-42.453,-2.7522],[-42.2643,-2.759],[-42.2394,-2.8342],[-41.9439,-2.8377],[-42.0104,-2.7272],[-41.8386,-2.7295],[-41.6861,-2.8759],[-41.3431,-2.9203],[-41.2445,-3.0152],[-41.3153,-2.903],[-41.2569,-2.8752],[-41.0825,-2.9167],[-40.4996,-2.7863],[-39.9857,-2.8484],[-38.9852,-3.3959],[-38.6597,-3.6764],[-38.4774,-3.6974],[-38.0296,-4.2374],[-37.7686,-4.3964],[-37.6072,-4.6081],[-37.2926,-4.718],[-37.1829,-4.9109],[-36.8988,-4.9382],[-36.5444,-5.1276],[-36.58,-5.081],[-35.9972,-5.0475],[-35.5106,-5.1437],[-35.2231,-5.5826],[-35.1051,-5.9955],[-35.0928,-6.1858],[-35.1509,-6.216],[-35.0382,-6.2365],[-34.8601,-6.9146],[-34.9147,-7.1305],[-34.8396,-6.9729],[-34.7936,-7.1762],[-34.8048,-7.5141],[-34.9289,-7.5558],[-34.8053,-7.6227],[-34.8303,-7.6809],[-34.8738,-7.6178],[-34.9072,-7.7338],[-34.8116,-7.9325],[-34.8512,-8.0686],[-34.9289,-8.0349],[-34.8806,-8.0895],[-34.9386,-8.3471],[-35.3051,-9.193],[-35.6962,-9.6729],[-35.7781,-9.7001],[-35.7999,-9.5847],[-35.8106,-9.7448],[-36.4081,-10.5021],[-36.9031,-10.7729],[-37.1383,-11.1259],[-37.2751,-11.0227],[-37.1492,-11.1874],[-37.3301,-11.4207],[-37.4025,-11.3997],[-37.2994,-11.1948],[-37.4154,-11.4064],[-37.4701,-11.3587],[-37.3956,-11.4374],[-37.4919,-11.5163],[-37.3608,-11.4548],[-37.6547,-12.0497],[-38.3204,-12.9352],[-38.5327,-13.0165],[-38.5089,-12.7229],[-38.6262,-12.7024],[-38.691,-12.5715],[-38.8066,-12.8351],[-38.8617,-12.6541],[-38.9237,-12.7366],[-38.854,-12.8513],[-38.7245,-12.8732],[-38.895,-13.081],[-38.807,-13.1438],[-38.9476,-13.2468],[-38.9546,-13.3725],[-39.0398,-13.3325],[-39.1155,-13.5994],[-39.0071,-13.5048],[-38.98,-13.8359],[-39.1488,-13.7369],[-38.9945,-13.8635],[-39.0745,-13.8942],[-38.9299,-13.8976],[-39.0671,-14.675],[-38.8617,-15.8543],[-39.2086,-17.1622],[-39.1371,-17.6796],[-39.2751,-17.8669],[-39.4502,-17.948],[-39.6594,-18.2736],[-39.7449,-18.6817],[-39.7014,-19.3762],[-39.7862,-19.602],[-40.0268,-19.7644],[-40.2328,-20.2668],[-40.3693,-20.2327],[-40.366,-20.3232],[-40.2595,-20.3215],[-40.3487,-20.5001],[-40.5834,-20.802],[-40.7585,-20.8642],[-41.0572,-21.4838],[-40.9953,-22.0143],[-41.6665,-22.2818],[-41.9663,-22.5354],[-41.993,-22.6999],[-41.8698,-22.7521],[-41.9896,-22.8263],[-42.0135,-22.9817],[-43.0314,-22.9743],[-43.1308,-22.9196],[-43.0251,-22.7355],[-43.0756,-22.6657],[-43.2702,-22.747],[-43.1708,-22.9698],[-43.5604,-23.0675],[-44.0037,-23.0911],[-43.6037,-23.0077],[-43.8502,-22.8923],[-44.1864,-23.049],[-44.3527,-22.9993],[-44.3259,-22.9216],[-44.4114,-22.9374],[-44.7005,-23.1077],[-44.6514,-23.2848],[-44.5565,-23.2275],[-44.5012,-23.2965],[-44.9193,-23.3488],[-45.0431,-23.4055],[-45.0704,-23.5154],[-45.413,-23.6179],[-45.4267,-23.8307],[-45.8644,-23.7564],[-46.1461,-23.8444],[-46.2354,-23.9127],[-46.1119,-23.8649],[-46.1665,-23.9816],[-46.2877,-24.0212],[-46.3854,-23.8735],[-46.4539,-23.9264],[-46.376,-24.0245],[-46.9366,-24.2734],[-47.0154,-24.4229],[-47.6339,-24.7556],[-47.8871,-25.0573],[-47.922,-25.1586],[-48.2091,-25.4576],[-48.2222,-25.3391],[-48.1273,-25.28],[-48.3328,-25.3583],[-48.3253,-25.2286],[-48.3674,-25.3048],[-48.4557,-25.2485],[-48.4283,-25.3242],[-48.4966,-25.3385],[-48.4141,-25.4101],[-48.4727,-25.4757],[-48.743,-25.3521],[-48.7108,-25.4964],[-48.3612,-25.571],[-48.541,-25.8455],[-48.5785,-25.7971],[-48.5832,-25.8547],[-48.7694,-25.8674],[-48.5635,-25.8658],[-48.5925,-26.1839],[-48.7338,-26.2247],[-48.7965,-26.0685],[-48.7982,-26.3049],[-48.6079,-26.4367],[-48.6833,-26.6624],[-48.578,-26.7765],[-48.6072,-27.1044],[-48.4761,-27.154],[-48.62,-27.2467],[-48.5519,-27.3873],[-48.6474,-27.4796],[-48.5655,-27.8603],[-48.6359,-28.2302],[-48.7612,-28.4874],[-48.874,-28.3463],[-48.8549,-28.4753],[-48.7561,-28.5284],[-49.3428,-28.9235],[-49.8107,-29.4431],[-50.3157,-30.4615],[-50.7214,-31.0445],[-51.1518,-31.4815],[-51.8635,-31.9317],[-52.0686,-32.1624],[-52.0122,-31.9506],[-52.0873,-31.8278],[-51.8363,-31.8549],[-51.4987,-31.5749],[-51.4476,-31.6127],[-51.4225,-31.4851],[-51.245,-31.464],[-51.1619,-31.0777],[-51.014,-31.0628],[-50.9759,-31.131],[-50.9784,-30.8933],[-50.6926,-30.7265],[-50.7257,-30.3631],[-50.6075,-30.4851],[-50.565,-30.4501],[-50.5399,-30.2675],[-50.6148,-30.1862],[-50.672,-30.289],[-50.913,-30.3167],[-50.9364,-30.4316],[-51.0341,-30.3757],[-51.0231,-30.2638],[-51.233,-30.1899],[-51.2835,-30.0074],[-51.327,-30.2245],[-51.1877,-30.3601],[-51.0906,-30.352],[-51.2505,-30.4623],[-51.2697,-30.7818],[-51.3771,-30.6423],[-51.3619,-30.8792],[-51.4857,-30.9671],[-51.443,-31.081],[-51.6236,-31.1353],[-51.6375,-31.2565],[-51.9635,-31.3323],[-52.0079,-31.6462],[-52.0833,-31.5587],[-52.0633,-31.6655],[-52.2186,-31.7407],[-52.2484,-31.862],[-52.1339,-31.9308],[-52.2586,-32.0536],[-52.0814,-32.032],[-52.1689,-32.1007],[-52.0873,-32.0673],[-52.0912,-32.1661],[-52.2534,-32.2825],[-52.6449,-33.137],[-53.3791,-33.7407],[-53.5396,-33.6493],[-53.5369,-33.1708],[-53.1108,-32.7224],[-53.5613,-32.4495],[-53.7573,-32.055],[-54.2742,-31.8234],[-54.6045,-31.4598],[-55.2443,-31.2446],[-55.5919,-30.8483],[-55.8546,-31.0746],[-56.0114,-31.0821],[-56.0114,-30.7982],[-56.8313,-30.102],[-57.0771,-30.1061],[-57.2451,-30.2933],[-57.536,-30.2744],[-57.6028,-30.1905]]],[[[-38.9442,-13.3946],[-38.902,-13.6718],[-39.0459,-13.4582],[-38.9442,-13.3946]]],[[[-38.6146,-12.925],[-38.5875,-12.9869],[-38.7865,-13.1339],[-38.6693,-12.9618],[-38.6971,-12.8805],[-38.6146,-12.925]]],[[[-44.4978,-2.8068],[-44.4973,-2.9493],[-44.598,-3.0602],[-44.5763,-2.8],[-44.4808,-2.7044],[-44.4978,-2.8068]]],[[[-42.0414,-2.7044],[-42.0852,-2.7587],[-42.186,-2.6764],[-42.0414,-2.7044]]],[[[-43.6273,-2.252],[-43.6348,-2.3999],[-43.7329,-2.4199],[-43.6273,-2.252]]],[[[-49.288,-1.7585],[-49.3674,-1.8951],[-49.4425,-1.8678],[-49.3522,-1.7224],[-49.288,-1.7585]]],[[[-44.8922,-1.2719],[-45.0189,-1.3777],[-44.9846,-1.27],[-44.8922,-1.2719]]],[[[-48.339,-1.0665],[-48.3341,-1.205],[-48.4621,-1.1645],[-48.339,-1.0665]]],[[[-48.1949,-0.8194],[-48.2019,-1.0115],[-48.3071,-1.0207],[-48.1949,-0.8194]]],[[[-47.9486,-0.6413],[-47.8871,-0.6691],[-47.9621,-0.7306],[-47.9486,-0.6413]]],[[[-50.8192,-0.6202],[-50.8431,-0.716],[-51.1004,-0.8263],[-51.0663,-0.676],[-50.8192,-0.6202]]],[[[-47.6605,-0.5792],[-47.6434,-0.693],[-47.7015,-0.7096],[-47.7614,-0.5758],[-47.6605,-0.5792]]],[[[-51.186,-0.6139],[-51.2756,-1.0252],[-51.7408,-1.42],[-51.9303,-1.4708],[-51.8843,-1.2563],[-51.6839,-1.0969],[-51.6758,-0.8468],[-51.5598,-0.665],[-51.3548,-0.532],[-51.3816,-0.6549],[-51.3083,-0.5187],[-51.186,-0.6139]]],[[[-51.1653,-0.1403],[-51.1667,-0.3056],[-51.4051,-0.4596],[-51.1653,-0.1403]]],[[[-48.4625,-0.5761],[-48.4966,-0.7437],[-48.5723,-0.6816],[-48.5277,-0.8727],[-48.6648,-1.0012],[-48.6428,-1.0836],[-48.8187,-1.2029],[-48.9211,-1.1415],[-48.7963,-1.2685],[-48.833,-1.4158],[-48.9901,-1.2924],[-48.9901,-1.3743],[-48.8392,-1.45],[-49.0658,-1.5319],[-49.1977,-1.3884],[-49.2296,-1.5735],[-49.1682,-1.5866],[-49.2228,-1.6212],[-49.3873,-1.4841],[-49.3583,-1.6376],[-49.443,-1.6354],[-49.5313,-1.4977],[-49.5587,-1.7242],[-49.6883,-1.7693],[-49.7442,-1.5803],[-49.7764,-1.8072],[-50.0023,-1.7455],[-50.0282,-1.6555],[-50.155,-1.779],[-50.265,-1.7448],[-50.3065,-1.6555],[-50.2848,-1.7551],[-50.3667,-1.7721],[-50.297,-1.8035],[-50.4052,-1.831],[-50.6039,-1.7721],[-50.5879,-1.6845],[-50.8032,-1.435],[-50.7926,-1.0862],[-50.5597,-1.1832],[-50.6167,-1.1199],[-50.4766,-1.0392],[-50.6638,-1.0949],[-50.7926,-1.0187],[-50.7373,-0.5519],[-50.6964,-0.36],[-50.5834,-0.1922],[-50.3682,-0.1056],[-49.3873,-0.2576],[-49.3265,-0.1546],[-48.8936,-0.1529],[-48.892,-0.2159],[-48.3935,-0.2713],[-48.4625,-0.5761]]],[[[-50.9737,-0.2912],[-51.0387,-0.2003],[-50.9473,-0.012],[-50.766,0.0464],[-50.6553,-0.0238],[-50.6759,-0.1546],[-50.9234,-0.3305],[-50.9737,-0.2912]]],[[[-49.8323,-0.1031],[-49.4966,0.0856],[-49.3475,-0.0097],[-49.4387,-0.1205],[-49.8323,-0.1031]]],[[[-50.6343,0.0713],[-50.6106,0.1834],[-50.4902,0.1594],[-50.4377,-0.0],[-50.6343,0.0713]]],[[[-50.0369,0.2997],[-49.5304,0.3538],[-49.8297,0.0113],[-50.0045,-0.0528],[-50.0973,0.0309],[-50.2976,0.012],[-50.3837,0.1299],[-50.3668,0.2145],[-50.0369,0.2997]]],[[[-50.378,0.245],[-50.419,0.1679],[-50.5181,0.2149],[-50.3667,0.6199],[-50.378,0.245]]],[[[-50.3121,0.414],[-50.2582,0.5852],[-50.1204,0.5716],[-50.0657,0.6473],[-50.0427,0.5103],[-50.3121,0.414]]],[[[-50.2024,0.7497],[-50.2834,0.7692],[-50.2255,0.8592],[-50.0157,0.8925],[-50.2024,0.7497]]],[[[-50.0626,0.9233],[-50.1003,0.9591],[-49.9264,1.0699],[-50.0626,0.9233]]],[[[-50.4544,2.1109],[-50.314,1.9683],[-50.4191,1.863],[-50.5238,2.0015],[-50.4544,2.1109]]],[[[-50.5435,2.1462],[-50.4633,2.1869],[-50.4152,2.1269],[-50.5435,2.1462]]],[[[-48.4346,-27.4047],[-48.4072,-27.5792],[-48.5638,-27.8173],[-48.5375,-27.4762],[-48.4346,-27.4047]]],[[[-48.5444,-26.3419],[-48.5832,-26.4211],[-48.7033,-26.3119],[-48.5476,-26.1672],[-48.4891,-26.236],[-48.5444,-26.3419]]],[[[-46.328,-23.9264],[-46.2919,-23.9909],[-46.4204,-23.9474],[-46.328,-23.9264]]],[[[-45.2137,-23.9065],[-45.2417,-23.9679],[-45.453,-23.8914],[-45.3168,-23.7209],[-45.2281,-23.7724],[-45.2711,-23.8689],[-45.2137,-23.9065]]],[[[-44.1009,-23.149],[-44.3277,-23.2213],[-44.3671,-23.1652],[-44.2351,-23.0688],[-44.1009,-23.149]]],[[[-48.3223,-25.3837],[-48.2554,-25.3482],[-48.2911,-25.4891],[-48.3223,-25.3837]]],[[[-42.2287,-2.6933],[-42.1058,-2.7727],[-42.2498,-2.7364],[-42.2287,-2.6933]]],[[[-43.8329,-2.4541],[-43.7568,-2.4477],[-43.8092,-2.5128],[-43.8329,-2.4541]]],[[[-49.4795,-1.6554],[-49.424,-1.6968],[-49.5086,-1.7449],[-49.4795,-1.6554]]]]},"properties":{"registry":"SINASC","label":"SINASC: Brazilian Live Birth Information System","country":"Brazil","status":"covered","area":"Brazil, every live birth, anomalies in field 41 of the birth declaration","website":"https://datasus.saude.gov.br/nascidos-vivos","source":"Moura SRB, Nakachima LR, Santos JBGD, et al. Prevalence of Congenital Anomalies of the Upper Limbs in Brazil: a descriptive cross-sectional study. Sao Paulo Med J 2024;142(6):e2023349, doi:10.1590/1516-3180.2023.0349.R1.08042024"}}]}